user_id,timestamp,duration_minutes,intensity,activity_type
1,2024-01-01 16:12:24.435107,38,high,aerobic
1,2024-01-02 17:30:08.353261,23,moderate,mixed
1,2024-01-06 12:10:54.297593,40,high,aerobic
1,2024-01-06 13:17:41.866279,74,moderate,aerobic
1,2024-01-07 16:11:39.391889,79,moderate,anaerobic
1,2024-01-19 08:46:37.213302,27,low,aerobic
1,2024-01-21 08:53:57.304960,77,moderate,anaerobic
1,2024-01-21 17:44:30.608766,60,moderate,aerobic
1,2024-01-22 17:16:20.468940,35,moderate,mixed
1,2024-01-23 08:00:06.139117,49,moderate,aerobic
1,2024-01-24 17:21:03.010953,79,moderate,aerobic
1,2024-01-26 19:15:10.027357,20,moderate,aerobic
1,2024-01-28 07:46:30.256905,58,high,aerobic
1,2024-02-01 12:59:40.189747,40,moderate,aerobic
1,2024-02-05 11:55:11.162781,56,moderate,mixed
1,2024-02-06 17:58:44.405289,73,high,aerobic
1,2024-02-09 07:52:11.808746,26,moderate,mixed
1,2024-02-12 14:07:16.553637,76,low,aerobic
1,2024-02-18 11:39:30.028718,33,moderate,aerobic
1,2024-02-18 11:54:48.688378,45,moderate,anaerobic
1,2024-02-27 14:13:38.607207,79,moderate,mixed
1,2024-03-04 16:46:06.477846,56,moderate,anaerobic
1,2024-03-08 11:32:41.927497,77,moderate,aerobic
1,2024-03-10 17:19:57.737577,54,high,mixed
1,2024-03-11 10:41:34.195756,40,moderate,anaerobic
1,2024-03-15 14:14:14.720627,48,moderate,aerobic
1,2024-03-15 17:19:54.108555,79,high,aerobic
1,2024-03-16 09:19:20.252192,68,low,aerobic
1,2024-03-16 13:31:13.921550,76,moderate,aerobic
1,2024-03-21 16:32:39.996497,68,moderate,anaerobic
1,2024-03-21 19:55:18.689536,32,low,aerobic
1,2024-03-29 07:45:30.143704,74,high,aerobic
1,2024-04-03 15:19:42.552822,54,moderate,aerobic
1,2024-04-05 10:43:22.768677,55,moderate,aerobic
1,2024-04-10 09:27:30.191606,63,high,mixed
1,2024-04-17 13:11:19.453940,36,low,mixed
1,2024-04-17 18:14:27.281537,51,moderate,aerobic
1,2024-04-18 13:17:03.236809,42,high,aerobic
1,2024-04-20 11:14:49.404896,30,moderate,aerobic
1,2024-04-21 15:43:44.105431,43,high,aerobic
1,2024-04-27 19:33:58.792775,53,moderate,mixed
1,2024-04-30 11:39:42.273852,38,low,mixed
1,2024-05-02 16:55:40.960483,31,high,aerobic
1,2024-05-09 16:46:16.996714,55,moderate,anaerobic
1,2024-05-11 16:48:47.820729,61,moderate,aerobic
1,2024-05-12 15:00:25.067297,23,low,aerobic
1,2024-05-13 15:40:36.670151,70,moderate,aerobic
1,2024-05-14 07:21:13.020359,70,moderate,mixed
1,2024-05-14 15:29:36.658951,57,moderate,aerobic
1,2024-05-15 07:07:22.479456,24,low,mixed
1,2024-05-16 07:58:15.051932,52,moderate,anaerobic
1,2024-05-16 17:25:58.320402,56,low,aerobic
1,2024-05-21 19:33:09.929639,76,high,aerobic
1,2024-05-25 11:38:58.226196,29,low,aerobic
1,2024-05-27 10:48:42.809343,51,high,aerobic
1,2024-05-27 14:26:33.853663,32,high,aerobic
1,2024-05-28 16:08:12.124305,62,high,mixed
1,2024-06-04 09:01:52.838659,34,moderate,aerobic
1,2024-06-08 17:56:43.400423,68,moderate,mixed
1,2024-06-09 16:52:02.447847,77,high,aerobic
1,2024-06-10 20:13:31.728541,75,low,mixed
1,2024-06-12 20:58:32.207806,22,moderate,mixed
1,2024-06-17 09:01:34.390512,26,moderate,anaerobic
1,2024-06-20 09:21:42.990091,36,moderate,anaerobic
1,2024-06-20 11:17:15.222671,45,low,aerobic
1,2024-06-21 18:47:05.453844,26,low,anaerobic
1,2024-06-22 15:35:21.761008,43,low,mixed
1,2024-06-24 16:39:39.023463,79,moderate,aerobic
2,2024-01-03 17:28:07.722413,70,low,aerobic
2,2024-01-04 16:57:04.335980,46,low,aerobic
2,2024-01-08 20:29:38.374139,66,moderate,aerobic
2,2024-01-14 13:07:00.382216,55,low,anaerobic
2,2024-01-20 19:36:27.342358,56,moderate,aerobic
2,2024-01-22 19:37:04.113302,56,moderate,anaerobic
2,2024-01-26 08:27:57.042593,72,low,anaerobic
2,2024-01-28 12:53:21.950139,55,moderate,anaerobic
2,2024-02-01 14:13:27.487804,36,low,anaerobic
2,2024-02-13 14:57:19.971554,38,high,aerobic
2,2024-02-13 16:21:28.734385,61,moderate,anaerobic
2,2024-02-17 08:41:38.164979,52,moderate,anaerobic
2,2024-02-20 07:51:38.103683,54,high,mixed
2,2024-02-22 09:40:45.702228,47,low,aerobic
2,2024-02-26 15:03:05.447972,79,high,aerobic
2,2024-03-01 18:24:05.911886,64,moderate,anaerobic
2,2024-03-10 16:35:37.165723,46,high,aerobic
2,2024-03-14 08:45:09.097954,62,high,anaerobic
2,2024-03-15 19:52:21.445574,71,low,mixed
2,2024-03-17 14:17:41.332523,68,high,mixed
2,2024-03-19 20:32:24.026155,52,low,aerobic
2,2024-03-21 20:02:09.068830,45,low,aerobic
2,2024-03-27 15:26:21.398448,56,low,aerobic
2,2024-03-29 19:39:43.650364,45,moderate,aerobic
2,2024-03-30 15:32:26.044696,39,high,aerobic
2,2024-04-07 13:17:29.101887,47,low,anaerobic
2,2024-04-12 13:29:30.665278,20,moderate,anaerobic
2,2024-04-14 12:54:54.534910,64,moderate,mixed
2,2024-04-22 08:08:59.521203,22,moderate,anaerobic
2,2024-04-23 18:46:32.642994,61,moderate,aerobic
2,2024-04-28 11:58:11.667496,61,high,aerobic
2,2024-05-08 17:41:02.494821,31,high,anaerobic
2,2024-05-14 10:37:25.177962,33,moderate,aerobic
2,2024-05-17 09:35:02.645977,28,moderate,aerobic
2,2024-05-18 07:48:30.858776,68,moderate,aerobic
2,2024-05-20 14:55:02.876568,49,low,mixed
2,2024-05-23 08:30:16.421507,32,low,aerobic
2,2024-05-24 13:22:01.370351,78,moderate,aerobic
2,2024-05-26 13:50:25.608411,31,low,aerobic
2,2024-05-29 11:24:39.782072,47,moderate,aerobic
2,2024-05-31 09:32:55.127053,62,moderate,mixed
2,2024-06-04 11:49:08.880045,23,moderate,anaerobic
2,2024-06-07 09:18:09.222350,41,high,aerobic
2,2024-06-12 17:37:38.929457,60,moderate,mixed
2,2024-06-14 11:22:47.956036,52,moderate,aerobic
2,2024-06-18 11:44:11.276920,32,high,anaerobic
2,2024-06-20 19:55:56.784202,48,low,aerobic
2,2024-06-22 11:12:52.572781,48,moderate,anaerobic
2,2024-06-23 10:50:05.857688,56,moderate,aerobic
2,2024-06-28 15:41:45.870012,76,low,aerobic
3,2024-01-01 13:44:18.794168,21,moderate,anaerobic
3,2024-01-02 18:43:46.540145,28,moderate,aerobic
3,2024-01-06 13:56:14.863638,62,high,anaerobic
3,2024-01-11 09:05:25.290112,53,moderate,aerobic
3,2024-01-11 13:03:59.473210,53,moderate,aerobic
3,2024-01-14 19:22:31.187800,28,high,anaerobic
3,2024-01-15 09:24:09.884146,32,low,anaerobic
3,2024-01-19 15:47:47.855451,38,low,aerobic
3,2024-01-21 15:04:25.908214,26,moderate,mixed
3,2024-01-23 08:17:32.963080,48,high,mixed
3,2024-02-02 18:55:28.922061,42,high,aerobic
3,2024-02-03 07:14:27.490612,40,low,anaerobic
3,2024-02-06 18:43:16.614189,35,high,aerobic
3,2024-02-07 14:51:55.511206,29,low,aerobic
3,2024-02-13 07:56:15.946526,35,moderate,aerobic
3,2024-02-14 09:18:11.690331,47,moderate,aerobic
3,2024-02-19 15:16:26.099681,60,low,aerobic
3,2024-02-23 10:53:55.672973,35,moderate,aerobic
3,2024-02-23 12:29:23.859870,60,moderate,aerobic
3,2024-02-24 15:10:36.049871,32,low,anaerobic
3,2024-02-24 15:43:02.175228,48,moderate,aerobic
3,2024-02-25 20:17:00.865253,33,moderate,anaerobic
3,2024-03-05 17:18:22.915821,44,moderate,anaerobic
3,2024-03-06 17:02:36.427558,74,low,mixed
3,2024-03-07 13:51:52.864772,21,moderate,aerobic
3,2024-03-10 15:19:11.443288,38,moderate,mixed
3,2024-03-14 17:51:15.585393,51,moderate,anaerobic
3,2024-03-18 16:19:16.287039,60,moderate,mixed
3,2024-03-21 15:30:00.049450,21,moderate,aerobic
3,2024-03-25 10:05:54.987265,59,high,aerobic
3,2024-03-25 17:59:34.818199,26,moderate,mixed
3,2024-03-26 17:57:35.065809,48,high,aerobic
3,2024-03-28 15:20:08.359033,62,moderate,aerobic
3,2024-03-30 15:26:53.651014,29,moderate,aerobic
3,2024-03-30 17:12:18.107491,37,low,aerobic
3,2024-04-06 08:38:38.675631,66,moderate,aerobic
3,2024-04-10 10:10:24.052554,69,high,aerobic
3,2024-04-11 15:58:51.160714,41,moderate,anaerobic
3,2024-04-16 17:11:44.785674,79,moderate,aerobic
3,2024-04-22 14:07:41.676337,65,moderate,anaerobic
3,2024-04-23 13:53:24.163846,66,moderate,anaerobic
3,2024-04-24 18:00:41.612010,27,high,aerobic
3,2024-04-29 14:08:58.542892,26,moderate,mixed
3,2024-04-30 15:38:46.430966,68,moderate,mixed
3,2024-05-01 17:55:42.747624,65,low,aerobic
3,2024-05-02 12:39:02.428096,79,high,mixed
3,2024-05-02 13:48:06.656830,34,high,aerobic
3,2024-05-06 17:51:05.815937,62,moderate,anaerobic
3,2024-05-14 07:44:48.782334,28,moderate,mixed
3,2024-05-18 20:57:04.602522,56,moderate,mixed
3,2024-05-20 13:48:11.179737,46,moderate,mixed
3,2024-05-22 17:54:07.753134,78,low,mixed
3,2024-05-28 09:19:59.272643,61,low,aerobic
3,2024-05-31 19:14:57.845688,72,moderate,anaerobic
3,2024-06-04 16:28:54.712382,45,moderate,aerobic
3,2024-06-05 09:02:41.796879,57,low,aerobic
3,2024-06-06 10:18:13.732593,29,high,aerobic
3,2024-06-11 11:54:55.990605,39,moderate,aerobic
3,2024-06-12 18:06:33.309432,54,moderate,aerobic
3,2024-06-13 16:38:40.217709,21,low,anaerobic
3,2024-06-14 07:33:08.990496,66,moderate,aerobic
3,2024-06-17 20:28:13.530492,63,low,anaerobic
3,2024-06-21 17:49:27.328414,52,moderate,aerobic
3,2024-06-27 20:37:39.763748,75,high,aerobic
4,2024-01-04 09:53:17.534025,51,moderate,anaerobic
4,2024-01-05 08:50:52.424672,38,moderate,mixed
4,2024-01-08 20:05:31.343066,73,moderate,aerobic
4,2024-01-09 13:38:06.307179,51,high,mixed
4,2024-01-09 21:14:39.694466,53,low,aerobic
4,2024-01-11 12:28:54.299163,77,moderate,aerobic
4,2024-01-12 08:27:26.639062,48,moderate,anaerobic
4,2024-01-14 10:07:39.094358,64,moderate,aerobic
4,2024-01-24 14:38:54.722883,76,high,aerobic
4,2024-01-24 20:26:27.276779,53,high,aerobic
4,2024-01-26 20:31:12.231587,69,high,aerobic
4,2024-01-30 20:59:39.931772,75,high,aerobic
4,2024-02-01 15:33:30.372941,74,moderate,aerobic
4,2024-02-03 16:10:02.483091,28,high,mixed
4,2024-02-05 15:42:16.565764,75,low,mixed
4,2024-02-06 12:04:38.761348,68,low,aerobic
4,2024-02-07 15:11:21.168214,40,high,mixed
4,2024-02-09 11:28:27.758794,60,high,mixed
4,2024-02-11 10:03:12.996614,58,high,aerobic
4,2024-02-12 10:23:46.247690,25,moderate,mixed
4,2024-02-15 10:02:45.506214,41,low,mixed
4,2024-02-19 18:17:41.698214,53,low,anaerobic
4,2024-02-22 18:02:50.340080,70,moderate,aerobic
4,2024-02-24 20:00:39.642079,58,moderate,aerobic
4,2024-02-27 10:37:31.092803,64,high,aerobic
4,2024-03-04 19:59:58.681820,79,high,aerobic
4,2024-03-05 17:06:16.591242,46,low,anaerobic
4,2024-03-05 20:43:43.578540,78,low,mixed
4,2024-03-06 19:56:34.523297,44,low,aerobic
4,2024-03-06 20:42:16.491654,73,high,mixed
4,2024-03-10 10:50:33.409212,27,low,aerobic
4,2024-03-10 17:25:58.432205,61,low,aerobic
4,2024-03-12 08:07:40.339436,29,moderate,mixed
4,2024-03-14 16:26:06.949157,73,high,aerobic
4,2024-03-16 13:25:38.287524,71,low,aerobic
4,2024-03-19 08:52:18.330446,21,low,anaerobic
4,2024-03-20 14:37:39.349545,72,moderate,aerobic
4,2024-03-20 20:09:41.292552,76,low,aerobic
4,2024-03-21 20:42:43.696324,37,moderate,aerobic
4,2024-03-27 11:33:18.662289,63,moderate,aerobic
4,2024-03-28 16:51:02.870036,23,moderate,aerobic
4,2024-03-28 20:33:33.520470,35,moderate,mixed
4,2024-03-29 13:25:45.782176,55,high,aerobic
4,2024-03-31 14:05:58.297747,37,low,anaerobic
4,2024-04-01 11:10:53.529707,25,moderate,mixed
4,2024-04-03 16:03:19.220088,28,moderate,aerobic
4,2024-04-04 16:01:47.392071,41,low,anaerobic
4,2024-04-05 07:34:28.173659,66,high,aerobic
4,2024-04-05 10:59:14.124177,70,low,anaerobic
4,2024-04-07 08:51:11.067967,31,high,aerobic
4,2024-04-08 13:34:51.854711,22,moderate,anaerobic
4,2024-04-10 11:56:50.089249,27,high,aerobic
4,2024-04-11 12:01:31.353849,58,low,mixed
4,2024-04-12 14:05:02.578624,46,high,mixed
4,2024-04-14 19:30:53.058516,47,low,aerobic
4,2024-04-16 14:17:07.285979,66,moderate,aerobic
4,2024-04-29 09:38:17.908172,60,low,mixed
4,2024-05-01 14:21:54.446283,77,low,aerobic
4,2024-05-01 17:25:20.963247,43,low,aerobic
4,2024-05-03 08:03:30.994823,46,low,anaerobic
4,2024-05-04 09:35:04.779311,44,moderate,aerobic
4,2024-05-05 07:58:59.487754,52,high,mixed
4,2024-05-07 13:06:07.760766,32,low,anaerobic
4,2024-05-14 14:00:46.988921,33,moderate,mixed
4,2024-05-15 08:17:49.429275,31,high,aerobic
4,2024-05-16 13:26:40.449898,43,moderate,aerobic
4,2024-05-19 12:50:09.215534,20,moderate,mixed
4,2024-05-20 17:12:52.515851,60,moderate,aerobic
4,2024-05-23 12:42:33.938287,61,moderate,anaerobic
4,2024-05-24 17:36:15.843135,28,moderate,anaerobic
4,2024-05-26 09:23:02.242077,46,moderate,mixed
4,2024-06-03 12:38:58.688017,42,moderate,aerobic
4,2024-06-03 20:50:35.244523,34,moderate,anaerobic
4,2024-06-04 20:45:57.581133,35,low,aerobic
4,2024-06-06 18:50:06.933565,64,moderate,anaerobic
4,2024-06-08 19:04:09.662647,79,moderate,mixed
4,2024-06-11 16:01:00.025691,50,moderate,aerobic
4,2024-06-11 16:25:22.931855,27,low,mixed
4,2024-06-12 19:04:33.518130,52,low,aerobic
4,2024-06-13 14:00:13.837173,73,moderate,mixed
4,2024-06-15 19:49:46.862225,43,moderate,aerobic
4,2024-06-20 15:30:58.293734,37,moderate,mixed
4,2024-06-24 11:43:15.414207,30,low,mixed
4,2024-06-25 11:39:07.492095,41,moderate,aerobic
4,2024-06-26 17:47:15.021906,74,moderate,aerobic
4,2024-06-27 19:22:43.212396,73,moderate,aerobic
5,2024-01-09 10:54:10.765820,77,high,mixed
5,2024-01-12 12:53:01.442516,30,low,mixed
5,2024-01-13 08:49:49.319418,34,moderate,anaerobic
5,2024-01-14 13:57:21.713851,60,low,anaerobic
5,2024-01-20 16:17:46.572443,22,moderate,mixed
5,2024-01-21 19:59:44.356340,63,moderate,aerobic
5,2024-01-22 14:22:08.934224,54,moderate,anaerobic
5,2024-01-23 11:51:26.093332,41,high,anaerobic
5,2024-01-27 09:08:21.807863,35,moderate,aerobic
5,2024-01-29 09:40:21.866340,51,moderate,aerobic
5,2024-02-02 09:52:45.100992,67,moderate,anaerobic
5,2024-02-02 13:29:03.063353,61,high,mixed
5,2024-02-04 10:23:15.987361,36,low,aerobic
5,2024-02-05 10:50:05.695573,72,high,anaerobic
5,2024-02-14 12:03:52.168220,40,moderate,aerobic
5,2024-02-16 18:27:13.314812,77,moderate,aerobic
5,2024-02-17 18:05:32.798782,34,moderate,aerobic
5,2024-02-19 09:13:30.626442,44,moderate,aerobic
5,2024-02-19 12:18:20.004395,61,moderate,anaerobic
5,2024-02-22 20:58:46.046488,44,moderate,mixed
5,2024-02-24 18:35:28.608412,32,moderate,anaerobic
5,2024-02-27 16:41:13.879407,72,low,aerobic
5,2024-03-04 12:41:04.758348,69,low,anaerobic
5,2024-03-04 18:38:56.003376,64,low,mixed
5,2024-03-05 10:20:20.659268,25,high,mixed
5,2024-03-06 18:44:01.980604,27,low,aerobic
5,2024-03-07 08:22:48.821241,41,low,aerobic
5,2024-03-07 15:47:19.801164,42,moderate,mixed
5,2024-03-11 14:50:00.881761,71,high,mixed
5,2024-03-13 14:03:01.531141,42,low,anaerobic
5,2024-03-15 19:56:08.722641,32,high,aerobic
5,2024-03-16 15:16:17.056360,66,high,mixed
5,2024-03-17 12:24:28.615681,71,low,aerobic
5,2024-03-20 11:56:39.808090,30,moderate,aerobic
5,2024-03-22 21:10:44.335777,38,low,anaerobic
5,2024-03-25 17:59:22.760419,38,moderate,aerobic
5,2024-03-26 17:37:14.348633,23,moderate,anaerobic
5,2024-03-30 09:34:17.375787,58,moderate,aerobic
5,2024-03-30 14:00:22.482485,36,moderate,aerobic
5,2024-04-03 13:56:02.581353,59,moderate,mixed
5,2024-04-06 12:30:43.534628,54,high,anaerobic
5,2024-04-08 14:17:43.479140,28,high,mixed
5,2024-04-12 09:14:38.643837,23,low,anaerobic
5,2024-04-21 20:02:27.077192,79,low,anaerobic
5,2024-04-23 19:59:50.414274,47,moderate,anaerobic
5,2024-04-28 17:45:55.507698,40,high,aerobic
5,2024-05-03 16:11:44.843215,71,moderate,aerobic
5,2024-05-05 20:41:45.931940,61,moderate,aerobic
5,2024-05-07 16:16:08.526967,21,low,mixed
5,2024-05-07 17:52:26.223623,41,moderate,aerobic
5,2024-05-13 12:35:34.519759,39,low,anaerobic
5,2024-05-15 16:41:46.892084,49,moderate,mixed
5,2024-05-19 21:06:49.160672,58,moderate,aerobic
5,2024-05-20 08:44:29.195714,52,moderate,mixed
5,2024-05-21 10:26:26.275677,69,moderate,mixed
5,2024-05-21 12:40:33.620381,48,high,anaerobic
5,2024-05-22 18:02:13.276479,38,low,aerobic
5,2024-05-23 13:51:24.533316,26,moderate,aerobic
5,2024-05-31 16:09:23.370410,40,high,anaerobic
5,2024-06-01 15:08:47.967466,57,low,mixed
5,2024-06-01 20:24:24.262591,55,moderate,anaerobic
5,2024-06-02 07:27:24.044971,51,moderate,mixed
5,2024-06-03 21:05:36.448795,51,moderate,aerobic
5,2024-06-04 10:39:39.062567,54,moderate,aerobic
5,2024-06-04 13:25:14.155739,30,high,aerobic
5,2024-06-05 13:40:28.744451,43,low,aerobic
5,2024-06-06 13:21:53.651678,26,high,mixed
5,2024-06-09 13:11:46.424218,50,high,anaerobic
5,2024-06-13 18:52:47.542763,40,moderate,mixed
5,2024-06-13 18:54:19.537942,42,low,anaerobic
5,2024-06-14 20:22:39.545380,76,low,aerobic
5,2024-06-16 20:22:11.265515,22,moderate,mixed
5,2024-06-22 21:22:15.867542,55,moderate,mixed
5,2024-06-23 20:22:34.823379,62,high,aerobic
5,2024-06-27 07:07:59.629116,39,low,anaerobic
5,2024-06-27 16:33:07.144315,20,moderate,mixed
6,2024-01-02 10:26:40.582153,49,moderate,aerobic
6,2024-01-05 21:00:30.845749,45,moderate,mixed
6,2024-01-06 08:28:46.071618,51,high,aerobic
6,2024-01-08 18:26:34.535448,41,moderate,anaerobic
6,2024-01-14 16:28:49.483041,57,moderate,anaerobic
6,2024-01-18 07:32:50.433887,23,low,mixed
6,2024-01-20 19:49:34.265720,64,moderate,anaerobic
6,2024-02-01 11:07:44.565279,78,low,aerobic
6,2024-02-01 12:27:12.229912,70,moderate,anaerobic
6,2024-02-09 07:16:46.668352,56,high,aerobic
6,2024-02-19 14:57:24.095049,26,low,aerobic
6,2024-02-21 10:42:37.958093,24,moderate,aerobic
6,2024-02-26 11:45:20.517932,38,moderate,mixed
6,2024-02-28 08:54:35.255094,53,low,aerobic
6,2024-02-28 19:06:29.290008,76,low,anaerobic
6,2024-02-29 20:02:26.842415,40,high,anaerobic
6,2024-03-01 08:45:23.857989,51,moderate,anaerobic
6,2024-03-12 07:46:08.242115,33,moderate,aerobic
6,2024-03-21 07:49:32.613069,69,high,aerobic
6,2024-03-23 19:54:11.562328,39,moderate,aerobic
6,2024-03-26 08:11:44.999723,39,low,mixed
6,2024-04-01 18:36:29.526339,42,low,mixed
6,2024-04-15 10:39:01.844475,31,moderate,mixed
6,2024-04-21 15:05:48.828890,67,low,aerobic
6,2024-04-23 20:54:08.776364,38,moderate,aerobic
6,2024-04-24 20:03:01.423055,52,moderate,aerobic
6,2024-04-25 11:57:28.554427,34,low,aerobic
6,2024-04-27 14:39:33.529968,77,high,anaerobic
6,2024-04-30 09:39:50.326372,27,moderate,mixed
6,2024-05-04 07:16:42.479137,57,moderate,aerobic
6,2024-05-04 17:12:00.126520,73,low,aerobic
6,2024-05-06 07:28:02.316488,60,high,aerobic
6,2024-05-30 14:28:07.616828,36,moderate,mixed
6,2024-06-03 18:14:56.874157,22,high,aerobic
6,2024-06-16 20:19:36.106738,69,moderate,anaerobic
6,2024-06-26 13:55:17.380301,70,low,anaerobic
7,2024-01-01 11:19:52.175755,58,moderate,anaerobic
7,2024-01-02 15:07:29.242266,24,moderate,aerobic
7,2024-01-07 17:15:23.486760,34,moderate,aerobic
7,2024-01-09 15:02:01.434004,29,moderate,mixed
7,2024-01-13 21:00:03.263504,22,moderate,aerobic
7,2024-01-14 07:45:05.541963,63,low,anaerobic
7,2024-01-15 19:21:09.128112,71,high,aerobic
7,2024-01-22 17:16:08.782157,56,low,anaerobic
7,2024-02-03 13:04:31.155483,35,low,mixed
7,2024-02-03 13:28:33.883591,41,low,aerobic
7,2024-02-04 11:02:02.720286,78,high,aerobic
7,2024-02-05 15:41:36.998281,69,low,mixed
7,2024-02-06 19:25:27.970218,27,moderate,aerobic
7,2024-02-12 18:05:24.944514,57,high,anaerobic
7,2024-02-16 20:37:03.379090,32,high,aerobic
7,2024-02-19 20:24:14.817143,33,high,aerobic
7,2024-02-23 19:57:30.627885,40,moderate,mixed
7,2024-02-25 12:21:36.504901,63,low,aerobic
7,2024-02-25 12:36:51.531772,28,moderate,aerobic
7,2024-02-27 11:52:05.368548,50,low,mixed
7,2024-02-27 15:42:33.029707,72,moderate,mixed
7,2024-02-29 08:00:07.905964,51,low,aerobic
7,2024-02-29 08:31:03.526394,21,high,mixed
7,2024-03-01 07:42:15.580079,29,moderate,aerobic
7,2024-03-12 18:51:02.150832,48,low,mixed
7,2024-03-13 16:29:58.880042,64,high,mixed
7,2024-03-13 18:58:42.321821,26,high,aerobic
7,2024-03-15 17:41:50.366913,61,low,aerobic
7,2024-03-16 13:26:40.599489,56,low,aerobic
7,2024-03-16 19:08:41.555615,21,high,aerobic
7,2024-03-22 15:20:29.090352,57,low,aerobic
7,2024-03-24 20:37:06.370112,31,moderate,aerobic
7,2024-03-27 14:17:28.672469,39,low,anaerobic
7,2024-03-27 17:52:47.917552,76,high,anaerobic
7,2024-03-31 13:17:20.274120,27,moderate,anaerobic
7,2024-03-31 13:55:38.797162,46,low,aerobic
7,2024-04-02 09:36:57.429672,78,low,mixed
7,2024-04-02 17:04:30.548926,40,moderate,aerobic
7,2024-04-06 21:00:14.404237,22,moderate,aerobic
7,2024-04-07 11:05:49.539746,36,moderate,anaerobic
7,2024-04-10 12:33:59.459399,40,moderate,mixed
7,2024-04-13 14:49:13.369236,69,moderate,anaerobic
7,2024-04-14 18:07:19.611031,64,high,anaerobic
7,2024-04-15 20:56:01.648087,69,moderate,anaerobic
7,2024-04-18 08:45:07.423597,67,moderate,mixed
7,2024-04-19 09:46:55.554682,38,high,mixed
7,2024-04-21 10:13:42.908955,76,low,aerobic
7,2024-04-27 17:11:35.625087,22,moderate,aerobic
7,2024-04-30 16:31:29.543225,46,high,aerobic
7,2024-05-05 19:04:44.833115,72,moderate,anaerobic
7,2024-05-06 12:17:55.155665,31,low,anaerobic
7,2024-05-08 11:18:08.518312,44,moderate,mixed
7,2024-05-12 15:52:58.002583,64,moderate,aerobic
7,2024-05-16 15:54:50.653810,51,moderate,mixed
7,2024-05-16 18:56:03.238237,38,low,aerobic
7,2024-05-17 12:47:26.821093,72,high,aerobic
7,2024-05-19 17:29:35.444455,77,high,anaerobic
7,2024-05-20 07:51:10.423285,36,high,anaerobic
7,2024-05-24 11:41:49.653781,48,moderate,anaerobic
7,2024-05-24 14:40:37.584079,58,moderate,aerobic
7,2024-05-26 15:21:48.345653,48,moderate,mixed
7,2024-05-30 16:29:40.618846,51,moderate,aerobic
7,2024-06-02 12:23:43.968620,67,high,anaerobic
7,2024-06-04 11:39:49.122262,20,high,mixed
7,2024-06-04 16:16:12.512782,33,moderate,anaerobic
7,2024-06-09 11:45:20.458231,32,low,aerobic
7,2024-06-10 18:06:59.816194,57,high,aerobic
7,2024-06-12 14:01:26.065519,55,moderate,aerobic
7,2024-06-12 19:24:46.419702,79,low,mixed
7,2024-06-17 09:33:35.230121,31,moderate,aerobic
7,2024-06-20 18:50:45.369814,73,moderate,mixed
7,2024-06-22 13:45:17.178746,71,low,mixed
8,2024-01-03 10:05:12.678148,48,moderate,mixed
8,2024-01-03 15:23:35.979521,50,moderate,mixed
8,2024-01-04 19:35:10.153866,75,low,aerobic
8,2024-01-09 16:29:04.356933,58,moderate,aerobic
8,2024-01-18 11:05:05.361671,66,moderate,aerobic
8,2024-01-24 19:01:37.007351,32,low,anaerobic
8,2024-01-25 20:20:38.226429,73,high,anaerobic
8,2024-01-29 16:32:12.460882,53,moderate,aerobic
8,2024-02-01 12:55:33.299804,42,low,aerobic
8,2024-02-04 10:15:10.644381,77,moderate,mixed
8,2024-02-07 15:42:46.130663,55,low,aerobic
8,2024-02-09 07:17:42.263207,34,moderate,aerobic
8,2024-02-10 13:49:50.844774,73,moderate,aerobic
8,2024-02-14 14:27:01.079891,23,low,aerobic
8,2024-02-15 12:54:11.751101,60,moderate,aerobic
8,2024-02-23 18:30:37.277623,48,low,aerobic
8,2024-02-25 12:30:10.352988,32,moderate,aerobic
8,2024-02-27 20:04:16.585249,51,low,aerobic
8,2024-02-28 09:07:19.495001,39,high,aerobic
8,2024-02-29 14:56:48.810066,35,moderate,aerobic
8,2024-02-29 20:21:34.724027,42,moderate,anaerobic
8,2024-03-01 12:57:58.286809,30,low,aerobic
8,2024-03-02 21:10:50.692727,57,high,aerobic
8,2024-03-03 14:15:40.705528,57,high,mixed
8,2024-03-03 16:02:00.763532,61,low,anaerobic
8,2024-03-07 11:53:16.157358,59,moderate,anaerobic
8,2024-03-09 19:45:22.867410,33,moderate,aerobic
8,2024-03-11 20:06:13.660444,68,high,anaerobic
8,2024-03-12 12:00:08.771684,56,moderate,aerobic
8,2024-03-13 09:45:42.825085,75,low,mixed
8,2024-03-14 19:24:20.424554,38,moderate,aerobic
8,2024-03-18 17:13:09.428412,33,low,anaerobic
8,2024-03-24 08:29:08.346595,75,low,aerobic
8,2024-03-24 17:58:54.241311,75,low,mixed
8,2024-03-25 14:40:15.835582,45,low,anaerobic
8,2024-03-30 10:16:27.828209,59,moderate,aerobic
8,2024-04-03 09:11:13.606471,73,moderate,anaerobic
8,2024-04-04 17:48:14.951636,35,low,anaerobic
8,2024-04-05 17:08:48.065370,37,low,aerobic
8,2024-04-06 07:09:46.908043,60,high,mixed
8,2024-04-09 14:13:06.754195,48,high,aerobic
8,2024-04-12 15:18:01.940580,48,high,mixed
8,2024-04-12 19:48:56.422066,51,high,aerobic
8,2024-04-14 14:16:43.591651,28,moderate,mixed
8,2024-04-16 15:36:38.018658,66,moderate,aerobic
8,2024-04-19 15:09:09.732153,41,low,mixed
8,2024-04-23 12:24:00.751886,49,moderate,aerobic
8,2024-04-29 17:56:32.242933,51,moderate,anaerobic
8,2024-05-08 20:06:53.628542,25,high,aerobic
8,2024-05-12 12:30:58.744066,43,high,aerobic
8,2024-05-13 07:37:20.515495,75,moderate,mixed
8,2024-05-15 17:01:45.482521,47,high,anaerobic
8,2024-05-16 09:35:34.694178,64,moderate,mixed
8,2024-05-19 18:34:20.718843,45,high,anaerobic
8,2024-05-22 20:09:25.062326,35,high,anaerobic
8,2024-05-28 18:36:52.078737,57,low,anaerobic
8,2024-06-11 21:08:26.782201,50,moderate,aerobic
8,2024-06-16 17:30:59.973836,57,moderate,mixed
8,2024-06-17 10:53:13.134298,47,high,aerobic
8,2024-06-21 08:03:56.251563,73,moderate,anaerobic
8,2024-06-25 18:19:37.960556,57,low,anaerobic
8,2024-06-27 17:12:23.767527,43,high,mixed
9,2024-01-01 17:29:23.701397,65,moderate,aerobic
9,2024-01-02 13:36:15.124933,69,moderate,anaerobic
9,2024-01-04 09:50:31.628786,63,low,aerobic
9,2024-01-04 19:37:58.056875,34,high,anaerobic
9,2024-01-07 09:37:45.488167,76,moderate,mixed
9,2024-01-14 16:23:56.277191,34,moderate,aerobic
9,2024-01-22 19:10:48.933009,59,low,anaerobic
9,2024-01-24 12:38:43.973875,56,low,mixed
9,2024-01-27 08:10:46.158020,45,moderate,mixed
9,2024-02-02 08:51:50.645989,79,low,anaerobic
9,2024-02-12 17:38:59.152311,79,moderate,anaerobic
9,2024-02-14 19:56:51.577844,73,moderate,aerobic
9,2024-02-18 17:20:06.652805,25,low,anaerobic
9,2024-02-19 20:58:40.644784,24,moderate,aerobic
9,2024-02-21 10:20:35.702247,40,high,aerobic
9,2024-02-25 10:50:19.923363,22,moderate,aerobic
9,2024-02-25 18:48:28.371456,75,high,anaerobic
9,2024-03-01 11:38:26.144972,29,low,anaerobic
9,2024-03-05 19:16:07.183863,28,moderate,anaerobic
9,2024-03-06 17:35:56.391998,65,moderate,aerobic
9,2024-03-09 07:33:20.223031,31,moderate,aerobic
9,2024-03-10 18:06:45.776704,77,moderate,aerobic
9,2024-03-22 08:52:48.839397,76,low,mixed
9,2024-03-25 18:10:37.211484,47,moderate,aerobic
9,2024-03-29 20:14:16.644164,54,high,aerobic
9,2024-04-07 11:15:15.291467,75,high,aerobic
9,2024-04-11 08:42:26.877715,72,moderate,anaerobic
9,2024-04-11 12:17:44.751224,35,high,anaerobic
9,2024-04-14 12:59:32.845839,78,moderate,mixed
9,2024-04-20 14:46:50.862782,60,moderate,mixed
9,2024-04-23 09:52:02.206956,75,low,aerobic
9,2024-04-23 17:41:54.159633,37,low,anaerobic
9,2024-04-25 11:24:43.566965,65,moderate,mixed
9,2024-05-02 17:20:24.689196,66,moderate,anaerobic
9,2024-05-06 07:49:43.486711,77,moderate,aerobic
9,2024-05-06 18:39:01.003331,52,moderate,anaerobic
9,2024-05-08 13:38:24.100774,24,high,aerobic
9,2024-05-10 15:33:22.688554,38,low,anaerobic
9,2024-05-17 19:03:58.407537,54,moderate,mixed
9,2024-05-21 16:31:34.077843,40,moderate,mixed
9,2024-05-27 11:22:47.744972,33,moderate,anaerobic
9,2024-05-29 07:58:04.203997,47,moderate,aerobic
9,2024-05-29 16:46:17.672418,57,low,aerobic
9,2024-05-31 13:24:51.334364,71,low,mixed
9,2024-05-31 20:41:24.219057,63,low,mixed
9,2024-06-04 14:15:19.652168,40,moderate,aerobic
9,2024-06-06 20:49:48.085623,78,low,mixed
9,2024-06-07 17:21:53.468220,67,high,aerobic
9,2024-06-08 19:31:22.296126,30,moderate,aerobic
9,2024-06-09 08:25:20.222222,58,moderate,aerobic
9,2024-06-13 15:44:19.654786,63,high,aerobic
9,2024-06-15 15:32:07.267560,66,moderate,anaerobic
9,2024-06-16 10:29:35.910066,42,low,aerobic
9,2024-06-18 11:08:52.293018,55,high,aerobic
9,2024-06-21 15:39:43.586091,34,moderate,anaerobic
9,2024-06-22 12:07:57.078337,41,low,mixed
9,2024-06-28 08:31:32.928655,40,low,aerobic
10,2024-01-02 15:07:21.926442,41,moderate,anaerobic
10,2024-01-07 16:19:33.307874,56,moderate,aerobic
10,2024-01-10 17:38:10.194271,23,moderate,mixed
10,2024-01-12 08:31:42.100080,49,high,anaerobic
10,2024-01-16 10:01:56.435977,43,moderate,aerobic
10,2024-01-16 14:11:19.965450,30,low,aerobic
10,2024-01-19 17:30:36.665235,77,high,aerobic
10,2024-01-20 09:50:43.555034,62,moderate,anaerobic
10,2024-01-22 10:02:32.233965,47,moderate,anaerobic
10,2024-01-24 08:01:15.409032,48,moderate,aerobic
10,2024-01-24 20:38:59.919515,67,low,anaerobic
10,2024-02-01 08:11:58.795441,62,moderate,aerobic
10,2024-02-05 17:44:40.766074,32,moderate,aerobic
10,2024-02-09 14:27:31.721651,51,high,mixed
10,2024-02-10 14:37:27.408607,66,high,anaerobic
10,2024-02-11 08:25:43.548529,64,moderate,mixed
10,2024-02-12 17:22:15.393009,50,high,aerobic
10,2024-02-22 15:26:09.910967,42,moderate,aerobic
10,2024-02-25 10:15:09.302103,47,moderate,aerobic
10,2024-02-28 14:26:55.915079,43,moderate,aerobic
10,2024-02-29 11:42:10.287713,51,low,anaerobic
10,2024-03-03 15:17:46.731986,42,high,aerobic
10,2024-03-05 18:59:39.467190,27,low,aerobic
10,2024-03-08 20:44:23.849787,43,low,aerobic
10,2024-03-09 14:01:54.645200,37,moderate,anaerobic
10,2024-03-17 19:16:53.187795,65,moderate,aerobic
10,2024-03-18 17:46:18.029956,65,low,mixed
10,2024-03-27 15:02:48.845878,48,moderate,mixed
10,2024-03-28 19:05:41.420618,76,low,anaerobic
10,2024-03-29 12:07:44.802238,40,moderate,aerobic
10,2024-03-31 07:07:32.297689,39,moderate,mixed
10,2024-04-01 12:15:47.831057,29,high,anaerobic
10,2024-04-02 18:11:32.542524,39,high,aerobic
10,2024-04-05 14:03:37.414150,39,low,aerobic
10,2024-04-11 07:49:55.958687,41,moderate,aerobic
10,2024-04-18 09:39:27.692950,37,moderate,aerobic
10,2024-04-19 19:13:27.392448,63,low,aerobic
10,2024-04-24 19:54:06.291593,73,moderate,anaerobic
10,2024-04-26 14:16:32.408913,33,high,aerobic
10,2024-04-27 17:34:01.949679,44,moderate,aerobic
10,2024-04-28 11:12:54.202766,63,low,aerobic
10,2024-04-29 15:24:33.263004,76,moderate,mixed
10,2024-04-29 18:25:24.754665,56,high,anaerobic
10,2024-05-01 15:08:21.783083,45,moderate,anaerobic
10,2024-05-01 18:41:39.042101,25,moderate,mixed
10,2024-05-04 14:21:21.003333,72,moderate,aerobic
10,2024-05-07 12:01:34.645857,56,moderate,anaerobic
10,2024-05-11 14:30:30.053436,59,moderate,aerobic
10,2024-05-16 08:32:05.091755,63,moderate,mixed
10,2024-05-21 18:04:37.237744,79,low,anaerobic
10,2024-05-26 09:42:18.778467,66,moderate,anaerobic
10,2024-06-03 17:36:39.526233,46,moderate,mixed
10,2024-06-08 08:56:49.038512,32,moderate,anaerobic
10,2024-06-09 09:07:38.201950,48,low,aerobic
10,2024-06-15 17:32:46.964145,28,low,aerobic
10,2024-06-18 13:20:54.159104,24,high,mixed
10,2024-06-20 19:57:31.867844,78,moderate,mixed
10,2024-06-21 19:03:12.349126,21,moderate,aerobic
10,2024-06-22 11:41:34.941659,71,moderate,anaerobic
10,2024-06-22 20:29:57.684720,24,low,anaerobic
10,2024-06-23 20:54:47.276850,49,low,mixed
11,2024-01-03 17:17:23.469301,28,moderate,anaerobic
11,2024-01-10 08:49:02.830401,21,low,mixed
11,2024-01-18 14:34:27.069413,69,low,aerobic
11,2024-01-20 16:18:20.970140,53,low,anaerobic
11,2024-01-23 17:59:40.745277,68,moderate,aerobic
11,2024-01-25 16:31:57.597321,34,moderate,aerobic
11,2024-01-27 11:56:48.015797,30,moderate,aerobic
11,2024-01-30 12:26:45.849366,44,low,anaerobic
11,2024-02-03 18:14:37.778007,33,high,mixed
11,2024-02-04 16:13:44.136236,53,moderate,aerobic
11,2024-02-05 20:13:19.666696,62,high,aerobic
11,2024-02-06 11:17:35.895025,55,low,aerobic
11,2024-02-08 14:36:36.151994,53,moderate,aerobic
11,2024-02-09 12:12:06.845387,46,moderate,aerobic
11,2024-02-10 12:14:03.627481,43,moderate,aerobic
11,2024-02-11 16:17:25.374191,28,moderate,mixed
11,2024-02-13 19:06:12.127837,67,low,aerobic
11,2024-02-19 15:41:03.834964,24,low,aerobic
11,2024-02-22 11:59:31.930190,78,moderate,anaerobic
11,2024-02-23 08:36:36.557796,64,low,mixed
11,2024-02-24 17:05:07.982588,67,low,anaerobic
11,2024-03-01 11:02:04.132491,63,moderate,aerobic
11,2024-03-02 16:28:40.201987,31,low,anaerobic
11,2024-03-04 11:39:29.612062,26,low,aerobic
11,2024-03-06 12:55:32.041413,69,moderate,aerobic
11,2024-03-07 10:37:09.864154,70,moderate,aerobic
11,2024-03-08 15:45:49.117231,46,moderate,aerobic
11,2024-03-10 08:28:59.627353,70,low,aerobic
11,2024-03-10 14:04:22.857594,35,moderate,mixed
11,2024-03-11 13:30:08.067351,79,moderate,aerobic
11,2024-03-13 13:07:49.027906,63,moderate,mixed
11,2024-03-18 12:41:04.079961,35,moderate,anaerobic
11,2024-03-18 13:42:40.962832,31,moderate,aerobic
11,2024-03-24 08:51:17.925951,36,moderate,aerobic
11,2024-03-27 07:09:17.631448,51,moderate,aerobic
11,2024-03-31 08:12:13.240192,48,moderate,anaerobic
11,2024-04-01 18:26:40.983320,21,moderate,aerobic
11,2024-04-02 19:47:36.989898,34,high,anaerobic
11,2024-04-06 08:12:22.377378,68,moderate,aerobic
11,2024-04-06 17:03:37.307298,62,high,aerobic
11,2024-04-09 15:32:35.659998,42,low,aerobic
11,2024-04-14 20:52:18.672552,43,high,mixed
11,2024-04-18 08:24:38.873122,36,moderate,aerobic
11,2024-04-18 16:11:25.190004,29,moderate,mixed
11,2024-04-19 18:47:48.681924,55,low,aerobic
11,2024-04-25 10:26:04.676621,67,low,anaerobic
11,2024-04-27 20:34:57.674137,71,low,aerobic
11,2024-04-28 18:53:01.383820,74,moderate,aerobic
11,2024-05-07 17:10:04.405627,75,moderate,anaerobic
11,2024-05-08 11:08:43.072069,42,moderate,mixed
11,2024-05-09 19:13:45.555132,24,moderate,anaerobic
11,2024-05-12 08:53:22.630736,44,low,aerobic
11,2024-05-13 11:00:19.954654,21,high,aerobic
11,2024-05-14 20:16:54.693055,46,moderate,aerobic
11,2024-05-15 11:27:44.029667,76,low,aerobic
11,2024-05-18 17:14:12.159962,37,low,aerobic
11,2024-05-19 18:03:11.162612,72,low,mixed
11,2024-05-20 17:15:26.968137,71,moderate,aerobic
11,2024-05-20 20:36:37.216670,65,moderate,mixed
11,2024-05-22 09:41:57.508672,40,moderate,aerobic
11,2024-05-23 14:34:16.240274,78,high,anaerobic
11,2024-05-28 16:27:08.021037,60,moderate,aerobic
11,2024-05-28 17:59:20.049910,20,moderate,aerobic
11,2024-05-31 20:45:10.143889,43,high,mixed
11,2024-06-01 12:21:09.569698,41,low,aerobic
11,2024-06-02 14:14:20.594450,24,moderate,aerobic
11,2024-06-04 20:21:45.482782,71,moderate,anaerobic
11,2024-06-08 12:15:10.130943,32,low,aerobic
11,2024-06-10 11:05:32.826755,31,high,aerobic
11,2024-06-10 19:19:11.064913,40,moderate,anaerobic
11,2024-06-11 10:19:24.715905,62,high,anaerobic
11,2024-06-11 13:08:16.045779,59,low,aerobic
11,2024-06-20 12:36:29.082167,36,moderate,aerobic
11,2024-06-20 13:06:56.428907,57,high,aerobic
11,2024-06-24 09:40:01.404967,36,moderate,mixed
11,2024-06-28 19:08:22.262730,30,low,anaerobic
11,2024-06-28 19:43:36.260650,43,moderate,aerobic
12,2024-01-01 10:48:01.729940,74,moderate,aerobic
12,2024-01-02 17:33:33.880623,76,moderate,aerobic
12,2024-01-03 14:13:30.874624,39,moderate,mixed
12,2024-01-03 20:53:14.888207,68,moderate,aerobic
12,2024-01-06 17:27:46.572456,32,low,aerobic
12,2024-01-07 19:12:13.914658,28,low,anaerobic
12,2024-01-08 15:45:47.480649,73,low,mixed
12,2024-01-10 19:43:44.995261,27,moderate,aerobic
12,2024-01-16 15:19:30.895157,68,moderate,anaerobic
12,2024-01-19 16:52:07.675834,53,moderate,aerobic
12,2024-01-28 09:39:54.677101,66,high,aerobic
12,2024-01-28 14:40:11.694615,49,high,aerobic
12,2024-02-01 09:50:28.401739,75,moderate,aerobic
12,2024-02-03 14:53:23.261595,22,low,aerobic
12,2024-02-05 10:49:56.429502,45,low,aerobic
12,2024-02-07 15:40:54.846180,28,high,anaerobic
12,2024-02-10 17:05:13.040509,23,moderate,mixed
12,2024-02-17 20:35:07.162905,65,low,mixed
12,2024-02-18 08:26:55.470014,46,moderate,mixed
12,2024-02-27 07:34:45.976023,55,moderate,aerobic
12,2024-03-12 08:38:50.011979,79,low,aerobic
12,2024-03-14 15:15:32.096282,26,moderate,aerobic
12,2024-03-16 14:16:38.287007,31,low,aerobic
12,2024-03-17 17:38:21.754496,61,low,aerobic
12,2024-03-24 08:48:54.491829,25,low,aerobic
12,2024-03-24 15:25:59.840235,61,moderate,aerobic
12,2024-04-18 14:40:15.946851,64,high,aerobic
12,2024-04-24 13:08:58.907274,56,moderate,aerobic
12,2024-04-25 09:54:12.416613,42,high,mixed
12,2024-04-29 10:50:05.980777,37,moderate,anaerobic
12,2024-05-02 08:56:43.409480,56,high,mixed
12,2024-05-11 10:25:17.479251,20,moderate,anaerobic
12,2024-05-14 10:34:53.352338,71,moderate,aerobic
12,2024-05-17 19:34:14.335622,55,moderate,aerobic
12,2024-05-19 10:40:05.597242,47,low,aerobic
12,2024-05-25 19:25:16.067477,75,low,mixed
12,2024-05-31 20:34:18.137759,70,low,anaerobic
12,2024-06-02 16:39:32.445321,70,high,aerobic
12,2024-06-02 19:23:46.956031,76,moderate,anaerobic
12,2024-06-07 16:50:34.792243,35,moderate,aerobic
12,2024-06-10 17:41:55.627054,50,low,aerobic
12,2024-06-17 20:46:41.189579,75,moderate,anaerobic
12,2024-06-28 20:54:47.100849,53,low,aerobic
13,2024-01-02 16:23:55.885390,60,high,anaerobic
13,2024-01-06 08:51:05.998272,32,moderate,aerobic
13,2024-01-08 19:02:07.559138,77,moderate,aerobic
13,2024-01-11 09:22:19.650745,58,moderate,aerobic
13,2024-01-14 18:13:37.009135,43,moderate,aerobic
13,2024-01-19 18:09:41.823081,57,moderate,aerobic
13,2024-01-24 07:05:19.142955,25,moderate,mixed
13,2024-01-25 20:15:15.109670,28,moderate,aerobic
13,2024-01-26 11:38:09.294533,78,low,anaerobic
13,2024-01-30 12:41:31.605792,40,high,aerobic
13,2024-01-31 11:02:50.481544,42,low,aerobic
13,2024-02-01 14:53:11.878267,34,low,mixed
13,2024-02-02 11:46:37.579753,73,low,mixed
13,2024-02-02 20:25:23.416635,44,low,mixed
13,2024-02-03 15:19:37.666998,44,high,aerobic
13,2024-02-04 15:26:44.908729,35,moderate,aerobic
13,2024-02-05 10:59:20.055285,52,moderate,aerobic
13,2024-02-12 11:25:51.371681,22,moderate,aerobic
13,2024-02-12 18:30:14.658186,58,moderate,anaerobic
13,2024-02-15 16:36:39.786993,78,moderate,aerobic
13,2024-02-27 10:26:22.808218,76,low,anaerobic
13,2024-02-27 11:53:55.793103,67,low,mixed
13,2024-02-29 08:48:45.652364,64,low,mixed
13,2024-03-01 15:22:04.899285,25,high,aerobic
13,2024-03-04 18:22:09.228440,66,high,aerobic
13,2024-03-05 12:58:49.742226,61,high,aerobic
13,2024-03-09 17:14:50.875953,30,moderate,aerobic
13,2024-03-12 15:05:17.621852,59,moderate,aerobic
13,2024-03-17 07:03:24.135049,65,moderate,aerobic
13,2024-03-19 10:39:31.292417,45,low,aerobic
13,2024-03-20 13:19:36.543046,25,low,aerobic
13,2024-03-22 07:47:11.292495,71,moderate,mixed
13,2024-03-27 15:47:28.380355,35,low,anaerobic
13,2024-03-28 18:59:44.555739,71,moderate,aerobic
13,2024-03-29 14:22:11.770535,38,high,anaerobic
13,2024-04-02 13:28:34.120513,29,moderate,aerobic
13,2024-04-02 17:06:45.336819,56,moderate,aerobic
13,2024-04-03 15:57:19.576090,63,moderate,aerobic
13,2024-04-04 08:06:14.942431,48,high,mixed
13,2024-04-06 18:57:19.038594,30,high,aerobic
13,2024-04-09 10:59:01.995627,23,low,anaerobic
13,2024-04-15 11:38:54.505396,78,low,mixed
13,2024-04-16 15:42:12.210032,25,moderate,anaerobic
13,2024-04-17 15:42:12.722363,68,low,mixed
13,2024-04-19 15:55:25.184824,43,high,mixed
13,2024-04-22 13:36:25.355648,66,moderate,aerobic
13,2024-04-24 07:10:37.720556,38,moderate,mixed
13,2024-04-26 14:26:58.581042,59,high,aerobic
13,2024-05-01 17:55:07.779545,78,low,aerobic
13,2024-05-02 20:32:20.170693,61,low,mixed
13,2024-05-04 07:53:07.117580,45,moderate,aerobic
13,2024-05-04 17:28:54.282607,66,high,aerobic
13,2024-05-07 20:08:27.370767,69,high,anaerobic
13,2024-05-10 19:43:35.561721,74,moderate,mixed
13,2024-05-11 09:50:13.000496,62,moderate,mixed
13,2024-05-15 08:16:18.218285,54,high,aerobic
13,2024-05-15 10:41:08.396090,67,low,mixed
13,2024-05-18 07:58:17.874322,69,low,aerobic
13,2024-05-21 09:40:36.714877,58,high,aerobic
13,2024-05-27 12:38:18.207033,70,high,anaerobic
13,2024-05-28 12:25:44.106321,22,moderate,aerobic
13,2024-05-29 08:22:25.081024,65,moderate,mixed
13,2024-05-30 20:21:41.127306,39,high,aerobic
13,2024-06-03 15:53:04.496246,45,moderate,mixed
13,2024-06-06 12:19:03.023837,70,moderate,aerobic
13,2024-06-06 15:11:41.011349,33,high,aerobic
13,2024-06-10 20:02:10.527430,70,moderate,aerobic
13,2024-06-12 13:27:24.145298,63,moderate,aerobic
13,2024-06-15 13:00:12.769177,32,low,aerobic
13,2024-06-16 18:21:51.130197,63,high,aerobic
13,2024-06-20 14:12:52.509318,21,low,aerobic
13,2024-06-21 07:36:18.030972,62,high,anaerobic
13,2024-06-21 09:57:39.171856,46,moderate,aerobic
13,2024-06-27 19:05:59.544187,78,moderate,mixed
13,2024-06-28 10:42:52.491830,30,moderate,anaerobic
14,2024-01-01 18:10:16.230303,33,low,aerobic
14,2024-01-03 08:18:37.790604,79,high,anaerobic
14,2024-01-04 10:53:48.408440,34,moderate,aerobic
14,2024-01-06 07:51:05.177202,27,low,aerobic
14,2024-01-09 16:00:28.566415,45,moderate,mixed
14,2024-01-15 09:42:30.996933,65,moderate,aerobic
14,2024-01-15 18:33:33.725575,63,low,aerobic
14,2024-01-17 08:00:08.232261,25,low,mixed
14,2024-01-23 20:25:43.042566,24,high,aerobic
14,2024-01-29 08:53:30.687113,62,low,aerobic
14,2024-02-01 13:30:03.448834,59,moderate,mixed
14,2024-02-02 11:15:30.235822,26,moderate,aerobic
14,2024-02-04 18:47:22.806430,29,moderate,aerobic
14,2024-02-10 12:19:57.800658,69,moderate,anaerobic
14,2024-02-10 16:02:30.771763,36,low,anaerobic
14,2024-02-13 20:06:57.571076,40,moderate,aerobic
14,2024-02-19 13:07:51.340390,64,moderate,mixed
14,2024-02-20 18:06:51.715981,36,moderate,anaerobic
14,2024-02-22 13:51:07.893469,43,moderate,aerobic
14,2024-02-24 20:30:23.854408,73,moderate,mixed
14,2024-02-26 15:21:05.730318,69,moderate,mixed
14,2024-02-27 11:31:31.001382,57,low,mixed
14,2024-02-27 13:39:20.734513,37,low,mixed
14,2024-02-28 19:41:35.130442,59,high,mixed
14,2024-03-01 16:45:36.226329,68,low,mixed
14,2024-03-02 17:34:33.022266,43,low,anaerobic
14,2024-03-03 13:50:32.567123,75,low,mixed
14,2024-03-03 14:03:34.409230,73,moderate,aerobic
14,2024-03-08 18:26:40.551927,45,low,aerobic
14,2024-03-14 16:50:30.129879,29,high,mixed
14,2024-03-15 10:15:21.897077,50,high,aerobic
14,2024-03-15 12:18:58.246731,73,high,mixed
14,2024-03-16 13:23:04.376570,79,high,aerobic
14,2024-03-17 15:47:29.761765,41,low,anaerobic
14,2024-03-18 09:58:59.665439,26,moderate,anaerobic
14,2024-03-19 19:28:55.751920,72,high,mixed
14,2024-03-26 11:52:16.386988,34,high,aerobic
14,2024-03-29 08:17:08.274261,33,moderate,aerobic
14,2024-03-29 13:34:10.150385,61,moderate,anaerobic
14,2024-03-30 15:54:23.518821,63,moderate,aerobic
14,2024-04-01 10:12:40.229814,38,moderate,aerobic
14,2024-04-01 19:16:03.568419,26,moderate,aerobic
14,2024-04-02 10:08:10.353963,37,low,aerobic
14,2024-04-02 17:49:25.251385,23,moderate,mixed
14,2024-04-09 10:28:47.324069,75,low,anaerobic
14,2024-04-15 07:42:05.026014,76,low,anaerobic
14,2024-04-17 12:54:27.753596,49,low,mixed
14,2024-04-19 15:28:25.361726,50,low,aerobic
14,2024-04-20 19:50:48.853162,55,moderate,aerobic
14,2024-04-28 08:02:02.388455,72,moderate,anaerobic
14,2024-04-29 11:58:28.549626,34,moderate,mixed
14,2024-04-30 15:46:56.758515,38,high,aerobic
14,2024-05-05 19:08:53.188551,29,moderate,aerobic
14,2024-05-06 13:27:44.128530,75,low,aerobic
14,2024-05-19 16:03:17.788494,27,high,anaerobic
14,2024-05-20 18:41:01.196842,51,low,mixed
14,2024-05-23 08:11:46.218339,30,moderate,anaerobic
14,2024-05-30 11:35:43.006244,24,moderate,aerobic
14,2024-06-03 09:51:12.131291,53,low,mixed
14,2024-06-04 15:44:46.723504,46,moderate,mixed
14,2024-06-06 21:00:40.028324,44,moderate,anaerobic
14,2024-06-07 09:34:04.422182,58,moderate,anaerobic
14,2024-06-07 11:39:44.550274,73,moderate,anaerobic
14,2024-06-13 17:59:45.290422,64,moderate,mixed
14,2024-06-15 15:33:27.173201,21,high,aerobic
14,2024-06-15 17:20:38.422708,52,high,aerobic
14,2024-06-17 17:28:32.177100,37,moderate,anaerobic
14,2024-06-19 09:59:28.276791,67,moderate,mixed
14,2024-06-19 19:16:31.713181,21,moderate,anaerobic
15,2024-01-05 08:28:12.520897,35,high,aerobic
15,2024-01-05 11:19:17.561270,50,high,aerobic
15,2024-01-08 19:34:58.448590,61,low,aerobic
15,2024-01-09 10:18:44.470494,58,moderate,anaerobic
15,2024-01-12 14:54:59.585400,61,high,aerobic
15,2024-01-16 07:24:59.750304,45,moderate,aerobic
15,2024-01-17 07:20:39.542212,27,high,aerobic
15,2024-01-18 17:08:18.129992,41,high,anaerobic
15,2024-01-19 13:57:42.901236,53,high,aerobic
15,2024-01-23 10:41:52.730486,21,moderate,mixed
15,2024-01-23 18:47:49.977359,52,moderate,mixed
15,2024-01-25 20:22:53.372611,41,moderate,mixed
15,2024-01-28 07:13:08.104904,79,low,mixed
15,2024-01-31 13:14:03.996089,34,high,mixed
15,2024-02-08 17:45:20.327320,22,moderate,mixed
15,2024-02-14 13:29:15.028045,66,moderate,aerobic
15,2024-02-22 16:44:00.340003,54,moderate,aerobic
15,2024-02-24 11:42:10.209756,38,moderate,anaerobic
15,2024-02-25 09:21:11.664531,37,low,aerobic
15,2024-02-25 17:17:01.872039,43,moderate,mixed
15,2024-02-27 08:38:10.692541,44,low,aerobic
15,2024-02-29 08:42:02.526298,48,high,aerobic
15,2024-03-03 09:31:35.894986,57,moderate,aerobic
15,2024-03-05 13:19:59.665847,40,moderate,anaerobic
15,2024-03-10 08:29:50.971091,49,high,mixed
15,2024-03-14 12:19:03.302867,34,moderate,aerobic
15,2024-03-17 12:20:03.049684,31,high,mixed
15,2024-03-21 20:22:25.567717,33,high,aerobic
15,2024-03-22 10:03:42.627143,26,moderate,mixed
15,2024-03-25 12:37:30.758794,63,high,mixed
15,2024-03-25 16:52:54.341467,55,moderate,aerobic
15,2024-03-26 18:04:02.726016,50,high,mixed
15,2024-03-28 20:08:38.596342,36,high,aerobic
15,2024-03-29 17:04:14.605970,38,moderate,mixed
15,2024-04-02 13:10:14.509315,39,low,anaerobic
15,2024-04-02 19:19:28.272183,33,moderate,anaerobic
15,2024-04-04 12:56:48.991420,29,low,aerobic
15,2024-04-06 16:27:54.440002,35,moderate,aerobic
15,2024-04-07 08:26:07.671258,46,low,anaerobic
15,2024-04-07 17:26:01.484363,40,moderate,aerobic
15,2024-04-13 16:49:22.324114,63,low,anaerobic
15,2024-04-15 18:26:52.894302,61,low,aerobic
15,2024-04-16 09:22:51.122854,38,high,aerobic
15,2024-04-22 12:30:51.220786,46,low,aerobic
15,2024-04-25 10:32:17.577673,59,moderate,aerobic
15,2024-04-28 11:30:00.154453,21,low,anaerobic
15,2024-05-01 07:04:28.916733,64,high,anaerobic
15,2024-05-02 09:10:33.664171,24,moderate,aerobic
15,2024-05-03 14:06:10.285974,27,low,anaerobic
15,2024-05-04 09:40:57.440006,54,moderate,mixed
15,2024-05-08 16:17:18.619519,59,low,aerobic
15,2024-05-13 16:07:56.553001,31,moderate,aerobic
15,2024-05-16 15:11:21.081315,74,high,mixed
15,2024-05-18 20:50:29.076034,24,low,mixed
15,2024-05-24 07:56:33.114409,25,moderate,mixed
15,2024-05-24 18:11:03.961209,44,moderate,aerobic
15,2024-05-29 08:15:02.528333,61,moderate,anaerobic
15,2024-05-29 10:04:01.023016,66,low,aerobic
15,2024-05-30 18:24:41.428523,54,low,aerobic
15,2024-06-01 09:18:21.083566,34,moderate,mixed
15,2024-06-05 15:00:01.705409,43,moderate,aerobic
15,2024-06-09 14:10:54.187270,41,low,mixed
15,2024-06-12 12:43:22.210226,42,moderate,aerobic
15,2024-06-16 17:25:56.852212,56,low,aerobic
15,2024-06-21 19:17:12.380783,28,moderate,anaerobic
16,2024-01-01 13:54:26.546954,56,moderate,anaerobic
16,2024-01-05 10:57:40.717394,38,moderate,anaerobic
16,2024-01-08 11:55:14.593700,73,low,mixed
16,2024-01-18 14:38:52.091344,51,high,aerobic
16,2024-01-19 15:38:40.489097,27,moderate,aerobic
16,2024-01-20 08:34:07.318648,71,moderate,anaerobic
16,2024-01-26 12:00:27.030019,29,moderate,anaerobic
16,2024-01-31 09:20:22.101947,67,low,aerobic
16,2024-01-31 12:52:09.185526,40,low,aerobic
16,2024-02-04 14:23:03.441137,38,low,aerobic
16,2024-02-06 14:17:53.467643,58,low,mixed
16,2024-02-17 12:54:03.628621,53,high,aerobic
16,2024-02-27 20:56:42.171809,35,moderate,mixed
16,2024-03-01 16:41:14.431641,40,low,mixed
16,2024-03-04 16:14:05.117917,21,moderate,anaerobic
16,2024-03-05 14:17:20.458225,37,high,mixed
16,2024-03-08 07:26:53.952174,68,moderate,anaerobic
16,2024-03-10 15:40:39.663484,51,high,anaerobic
16,2024-03-11 09:22:02.989162,44,high,aerobic
16,2024-03-13 12:40:28.054622,69,moderate,mixed
16,2024-03-15 17:25:21.869772,79,moderate,aerobic
16,2024-03-18 15:38:06.109573,62,moderate,aerobic
16,2024-03-21 14:37:25.708520,67,moderate,aerobic
16,2024-04-02 08:39:34.372694,49,moderate,anaerobic
16,2024-04-15 09:36:32.216453,30,low,anaerobic
16,2024-04-18 11:53:24.513936,43,moderate,anaerobic
16,2024-04-24 08:32:58.724722,37,low,anaerobic
16,2024-04-26 16:38:10.891892,49,low,aerobic
16,2024-04-30 16:21:47.985293,22,high,aerobic
16,2024-05-03 15:24:25.600688,46,moderate,mixed
16,2024-05-05 15:03:30.809376,46,moderate,aerobic
16,2024-05-11 12:44:21.509116,49,moderate,mixed
16,2024-05-14 10:21:42.333246,67,moderate,aerobic
16,2024-05-14 17:54:12.286307,48,high,mixed
16,2024-05-17 12:27:12.126348,67,low,mixed
16,2024-05-21 20:57:36.655829,22,moderate,aerobic
16,2024-05-24 13:46:07.163313,48,moderate,anaerobic
16,2024-06-02 07:11:18.447467,53,low,aerobic
16,2024-06-07 13:44:52.244616,30,high,aerobic
16,2024-06-09 10:47:29.818986,78,high,anaerobic
16,2024-06-14 14:07:04.598491,43,moderate,mixed
16,2024-06-17 11:19:54.861299,70,moderate,mixed
16,2024-06-19 15:37:41.097422,47,low,anaerobic
16,2024-06-21 13:12:29.485961,47,low,aerobic
16,2024-06-21 15:55:44.484529,41,high,aerobic
16,2024-06-27 08:37:25.980911,49,high,aerobic
17,2024-01-03 14:49:53.239438,78,moderate,mixed
17,2024-01-04 09:53:46.864303,28,moderate,aerobic
17,2024-01-06 10:23:12.049552,56,moderate,aerobic
17,2024-01-07 10:35:16.915144,39,moderate,mixed
17,2024-01-08 14:12:50.934568,56,moderate,aerobic
17,2024-01-09 17:25:11.008615,46,moderate,anaerobic
17,2024-01-14 13:29:28.520675,54,moderate,aerobic
17,2024-01-16 14:08:41.267409,59,moderate,aerobic
17,2024-01-17 18:13:21.629418,62,moderate,aerobic
17,2024-01-18 10:10:40.171928,49,low,aerobic
17,2024-01-24 08:23:32.099223,27,moderate,aerobic
17,2024-01-24 17:01:14.112289,71,moderate,anaerobic
17,2024-01-25 16:28:40.365070,67,moderate,aerobic
17,2024-01-29 17:51:32.967899,66,moderate,anaerobic
17,2024-01-30 11:16:17.641069,43,low,aerobic
17,2024-02-01 20:18:14.223578,72,high,aerobic
17,2024-02-05 13:13:13.444415,60,low,aerobic
17,2024-02-06 10:20:51.811647,60,low,aerobic
17,2024-02-06 18:47:10.675923,55,high,aerobic
17,2024-02-08 08:12:02.143593,39,moderate,aerobic
17,2024-02-08 12:49:00.502221,32,low,anaerobic
17,2024-02-11 18:47:23.317688,72,moderate,aerobic
17,2024-02-12 15:54:35.101989,49,moderate,aerobic
17,2024-02-12 19:51:05.592972,55,moderate,aerobic
17,2024-02-15 08:17:37.166786,41,low,aerobic
17,2024-02-21 15:03:28.447943,37,moderate,mixed
17,2024-02-24 07:07:02.997888,34,low,mixed
17,2024-02-24 17:33:05.611710,67,low,anaerobic
17,2024-02-25 11:21:56.336229,25,low,mixed
17,2024-02-26 17:14:31.146405,29,moderate,aerobic
17,2024-03-01 18:36:26.707541,44,moderate,aerobic
17,2024-03-05 10:44:19.975563,59,high,mixed
17,2024-03-08 19:39:07.455906,54,moderate,aerobic
17,2024-03-09 11:00:05.815496,34,moderate,mixed
17,2024-03-09 12:14:18.403832,27,moderate,aerobic
17,2024-03-29 16:46:56.703017,23,low,anaerobic
17,2024-03-30 09:16:18.616462,59,low,anaerobic
17,2024-04-01 20:36:04.802774,26,moderate,aerobic
17,2024-04-02 13:13:34.651854,53,high,anaerobic
17,2024-04-04 09:06:59.835408,79,moderate,anaerobic
17,2024-04-09 16:49:48.043958,74,moderate,aerobic
17,2024-04-19 10:18:58.791043,78,high,aerobic
17,2024-04-25 17:12:47.406683,23,moderate,aerobic
17,2024-05-05 17:49:54.730060,61,low,aerobic
17,2024-05-08 08:46:41.267064,27,high,aerobic
17,2024-05-10 12:25:19.345081,58,moderate,aerobic
17,2024-05-10 15:42:08.949984,35,moderate,aerobic
17,2024-05-17 11:09:40.604704,45,moderate,aerobic
17,2024-05-19 13:11:22.733703,31,moderate,anaerobic
17,2024-05-22 20:43:23.145012,42,moderate,mixed
17,2024-05-27 09:17:21.707224,72,moderate,anaerobic
17,2024-05-30 19:52:57.963554,49,moderate,aerobic
17,2024-06-03 09:17:06.465038,60,moderate,anaerobic
17,2024-06-13 11:33:46.793089,28,moderate,anaerobic
17,2024-06-15 19:56:56.920993,54,moderate,aerobic
17,2024-06-18 11:24:18.982359,38,low,aerobic
17,2024-06-23 20:33:30.910394,42,moderate,mixed
17,2024-06-28 08:37:26.592681,60,high,aerobic
18,2024-01-03 07:03:27.634745,44,moderate,aerobic
18,2024-01-05 20:03:16.783519,21,low,anaerobic
18,2024-01-07 17:45:28.786462,28,moderate,anaerobic
18,2024-01-11 17:20:56.534172,33,moderate,mixed
18,2024-01-14 14:41:57.142220,49,moderate,aerobic
18,2024-01-16 15:01:21.244274,55,low,anaerobic
18,2024-01-18 16:28:27.805999,76,moderate,mixed
18,2024-01-19 08:46:46.008971,74,moderate,aerobic
18,2024-01-20 19:44:33.660372,28,moderate,aerobic
18,2024-01-22 11:09:55.681273,75,high,anaerobic
18,2024-01-25 20:40:03.099558,70,low,anaerobic
18,2024-01-26 14:11:28.123921,62,moderate,aerobic
18,2024-01-30 18:05:28.231927,27,moderate,mixed
18,2024-02-01 11:55:37.272684,60,moderate,anaerobic
18,2024-02-01 16:10:31.565827,64,low,mixed
18,2024-02-03 20:06:32.909049,24,high,anaerobic
18,2024-02-09 08:57:34.742773,49,moderate,aerobic
18,2024-02-11 19:06:43.734518,70,high,aerobic
18,2024-02-15 15:03:26.690761,74,moderate,anaerobic
18,2024-02-16 08:55:45.025147,39,moderate,anaerobic
18,2024-02-16 17:08:43.668452,59,low,aerobic
18,2024-02-18 11:17:57.851706,41,high,aerobic
18,2024-02-20 18:30:11.527375,61,moderate,anaerobic
18,2024-02-21 15:50:00.158265,57,low,mixed
18,2024-02-21 16:32:04.091384,33,low,anaerobic
18,2024-02-23 20:01:46.934625,44,moderate,aerobic
18,2024-02-28 15:42:59.236521,31,moderate,aerobic
18,2024-03-01 08:37:36.410471,65,moderate,anaerobic
18,2024-03-05 08:31:36.519706,23,moderate,aerobic
18,2024-03-05 11:34:06.551672,25,low,aerobic
18,2024-03-08 19:01:21.421145,30,moderate,mixed
18,2024-03-10 07:30:51.258335,75,moderate,anaerobic
18,2024-03-10 15:11:21.935655,43,low,anaerobic
18,2024-03-13 12:48:21.518539,21,moderate,mixed
18,2024-03-14 19:10:40.072766,59,moderate,aerobic
18,2024-03-17 08:55:04.361286,27,high,aerobic
18,2024-03-23 17:35:03.561379,39,moderate,aerobic
18,2024-03-23 18:15:10.228661,57,moderate,mixed
18,2024-03-25 10:53:54.130696,59,moderate,mixed
18,2024-03-26 16:33:25.464847,27,moderate,aerobic
18,2024-03-27 08:22:19.674530,50,high,aerobic
18,2024-03-28 11:46:18.859079,61,moderate,aerobic
18,2024-03-28 15:40:12.596134,58,moderate,mixed
18,2024-03-29 10:04:06.243789,46,low,anaerobic
18,2024-03-30 20:23:47.046615,50,low,mixed
18,2024-04-04 20:38:01.032497,71,moderate,aerobic
18,2024-04-08 19:46:14.349500,47,moderate,aerobic
18,2024-04-09 10:50:31.077624,77,high,aerobic
18,2024-04-11 13:49:32.162752,55,low,aerobic
18,2024-04-15 07:16:05.045104,62,moderate,anaerobic
18,2024-04-18 20:38:49.888487,77,low,anaerobic
18,2024-04-24 16:18:04.903712,69,moderate,aerobic
18,2024-04-26 17:58:27.801826,67,high,aerobic
18,2024-04-28 12:00:51.501962,65,moderate,aerobic
18,2024-05-02 07:36:56.409397,33,moderate,anaerobic
18,2024-05-05 18:54:47.800105,75,moderate,anaerobic
18,2024-05-08 14:03:29.332451,75,low,aerobic
18,2024-05-10 18:07:32.284725,78,low,anaerobic
18,2024-05-14 09:06:47.219458,35,low,mixed
18,2024-05-14 09:46:46.370178,36,moderate,aerobic
18,2024-05-15 15:31:57.911575,56,moderate,aerobic
18,2024-05-17 14:12:08.166980,56,moderate,mixed
18,2024-05-17 16:08:09.905711,44,low,anaerobic
18,2024-05-21 20:03:12.700912,51,low,aerobic
18,2024-05-22 11:09:22.490988,30,low,mixed
18,2024-05-25 16:52:09.602244,34,moderate,aerobic
18,2024-05-27 07:38:41.279057,56,moderate,aerobic
18,2024-06-03 10:04:31.489118,69,moderate,aerobic
18,2024-06-06 15:09:09.146203,39,high,mixed
18,2024-06-06 17:19:32.984719,32,moderate,aerobic
18,2024-06-08 12:27:31.782039,76,low,anaerobic
18,2024-06-09 08:16:47.099202,38,moderate,mixed
18,2024-06-11 18:41:54.583341,33,moderate,aerobic
18,2024-06-13 19:39:24.347394,63,high,aerobic
18,2024-06-14 16:20:28.900163,53,high,aerobic
18,2024-06-15 19:31:36.186648,58,moderate,anaerobic
18,2024-06-16 19:59:03.659576,52,low,aerobic
18,2024-06-17 10:34:40.131189,55,low,anaerobic
18,2024-06-19 17:33:53.522617,27,low,anaerobic
18,2024-06-23 15:03:31.123926,69,high,aerobic
19,2024-01-01 12:43:25.142548,26,moderate,mixed
19,2024-01-02 19:23:53.692292,74,high,mixed
19,2024-01-03 19:36:49.446426,68,moderate,mixed
19,2024-01-12 09:50:11.618611,20,low,mixed
19,2024-01-16 07:08:41.969747,62,moderate,aerobic
19,2024-01-17 11:17:06.339997,49,moderate,aerobic
19,2024-01-17 18:20:35.660594,35,moderate,anaerobic
19,2024-01-19 07:48:55.625403,48,low,aerobic
19,2024-01-19 17:43:47.142000,54,moderate,anaerobic
19,2024-01-20 15:47:03.694837,30,moderate,mixed
19,2024-01-21 11:22:45.135552,58,moderate,aerobic
19,2024-01-21 19:45:48.627241,39,high,aerobic
19,2024-01-23 09:40:35.384397,63,moderate,aerobic
19,2024-01-23 20:29:34.690095,23,moderate,aerobic
19,2024-01-24 07:28:56.804874,53,high,aerobic
19,2024-01-26 10:01:00.300126,77,high,aerobic
19,2024-01-29 19:51:00.487563,23,high,aerobic
19,2024-01-30 14:29:04.261892,46,moderate,aerobic
19,2024-02-04 17:37:17.671303,35,moderate,mixed
19,2024-02-04 19:28:08.529573,30,low,mixed
19,2024-02-09 17:18:55.098711,57,low,anaerobic
19,2024-02-12 13:32:02.675445,76,low,aerobic
19,2024-02-13 18:56:18.939410,45,moderate,mixed
19,2024-02-17 14:55:23.463806,38,low,aerobic
19,2024-02-22 13:34:58.817477,44,low,aerobic
19,2024-02-23 14:02:18.495930,78,low,aerobic
19,2024-02-27 19:09:45.880330,36,moderate,mixed
19,2024-02-28 11:21:27.457982,62,low,aerobic
19,2024-02-28 13:04:26.045388,54,high,aerobic
19,2024-03-02 07:31:44.193349,71,moderate,aerobic
19,2024-03-04 15:53:20.831280,67,moderate,aerobic
19,2024-03-05 16:51:13.560842,56,moderate,aerobic
19,2024-03-09 14:36:46.873142,62,low,aerobic
19,2024-03-12 15:07:59.224122,78,moderate,aerobic
19,2024-03-14 12:31:57.875237,36,moderate,anaerobic
19,2024-03-15 20:22:28.556748,45,moderate,anaerobic
19,2024-03-16 16:18:37.750316,41,moderate,anaerobic
19,2024-03-18 20:32:51.703352,32,moderate,anaerobic
19,2024-03-21 10:45:30.986647,56,moderate,aerobic
19,2024-03-22 17:08:32.159270,57,moderate,anaerobic
19,2024-04-03 13:11:52.059114,75,low,aerobic
19,2024-04-06 09:10:28.667734,79,moderate,aerobic
19,2024-04-07 17:27:28.346208,70,moderate,aerobic
19,2024-04-08 15:59:05.547829,24,moderate,anaerobic
19,2024-04-18 07:28:26.758460,44,moderate,anaerobic
19,2024-04-18 17:26:51.866988,49,low,mixed
19,2024-04-20 09:31:07.870298,26,moderate,mixed
19,2024-04-20 14:09:22.893124,37,moderate,mixed
19,2024-04-21 12:06:00.418601,43,low,aerobic
19,2024-04-21 20:12:13.305073,63,low,aerobic
19,2024-04-22 20:56:24.601532,43,low,aerobic
19,2024-04-23 19:46:02.335498,21,high,mixed
19,2024-04-24 16:17:44.676205,49,moderate,mixed
19,2024-04-24 17:48:33.187091,45,low,mixed
19,2024-04-25 19:20:29.649180,78,moderate,anaerobic
19,2024-04-26 21:00:23.555173,22,moderate,anaerobic
19,2024-05-04 17:34:01.065311,20,moderate,anaerobic
19,2024-05-04 19:37:57.779427,32,moderate,mixed
19,2024-05-10 13:12:01.833051,56,high,aerobic
19,2024-05-14 18:09:06.391388,67,low,mixed
19,2024-05-15 17:33:37.632864,26,moderate,mixed
19,2024-05-19 12:45:15.598204,64,moderate,mixed
19,2024-05-20 11:08:56.835225,43,moderate,aerobic
19,2024-05-20 12:15:37.518154,25,low,aerobic
19,2024-05-22 10:25:56.420416,28,moderate,aerobic
19,2024-05-23 10:32:48.505404,73,low,aerobic
19,2024-05-27 11:45:53.708167,32,moderate,aerobic
19,2024-05-29 09:47:22.046473,27,moderate,aerobic
19,2024-05-29 13:14:20.430139,32,low,aerobic
19,2024-05-30 15:43:13.759353,71,low,mixed
19,2024-06-03 11:07:17.867904,61,moderate,aerobic
19,2024-06-04 12:09:45.973010,68,low,mixed
19,2024-06-11 17:35:38.503534,21,moderate,mixed
19,2024-06-15 15:20:45.144568,44,low,anaerobic
19,2024-06-20 15:51:55.268074,61,moderate,mixed
19,2024-06-20 17:23:05.196474,63,high,anaerobic
19,2024-06-25 13:15:31.494513,36,low,mixed
19,2024-06-28 19:58:24.380747,56,high,aerobic
20,2024-01-01 11:41:22.587796,77,moderate,aerobic
20,2024-01-03 14:14:10.134655,33,high,mixed
20,2024-01-07 07:13:34.606282,75,high,aerobic
20,2024-01-07 14:17:08.588331,70,moderate,aerobic
20,2024-01-09 12:16:38.414718,62,high,aerobic
20,2024-01-12 08:05:07.504580,35,moderate,aerobic
20,2024-01-23 14:56:45.182670,72,moderate,mixed
20,2024-01-23 19:30:32.817695,30,low,aerobic
20,2024-01-24 12:57:14.088663,26,high,aerobic
20,2024-01-28 10:17:08.185591,71,low,anaerobic
20,2024-01-29 07:25:20.803293,26,high,anaerobic
20,2024-01-30 07:51:24.774123,23,moderate,mixed
20,2024-02-06 19:13:57.145464,79,moderate,mixed
20,2024-02-06 21:02:26.118935,57,moderate,mixed
20,2024-02-10 09:25:19.424171,46,moderate,mixed
20,2024-02-10 15:25:40.813187,35,moderate,aerobic
20,2024-02-13 08:34:08.331310,41,moderate,mixed
20,2024-02-15 13:51:37.222549,70,moderate,aerobic
20,2024-02-21 18:24:24.893267,44,moderate,aerobic
20,2024-02-25 13:33:14.566112,55,high,mixed
20,2024-02-25 16:56:50.944031,26,moderate,aerobic
20,2024-03-01 17:06:56.315805,25,low,mixed
20,2024-03-09 09:30:08.968763,70,low,mixed
20,2024-03-09 09:58:26.044909,28,low,anaerobic
20,2024-03-10 12:01:16.693154,79,moderate,mixed
20,2024-03-10 16:09:55.551533,78,high,aerobic
20,2024-03-14 08:16:23.567989,24,low,aerobic
20,2024-03-17 16:40:49.454555,36,low,mixed
20,2024-03-19 07:16:25.215956,59,high,anaerobic
20,2024-03-24 10:39:14.373079,51,low,aerobic
20,2024-03-26 08:49:32.492462,35,moderate,aerobic
20,2024-03-26 14:01:26.881836,65,moderate,anaerobic
20,2024-03-29 20:57:23.983586,58,high,aerobic
20,2024-04-05 17:54:44.609295,28,low,anaerobic
20,2024-04-06 11:16:35.346928,27,high,mixed
20,2024-04-06 18:23:39.810540,61,low,mixed
20,2024-04-07 07:58:51.287945,64,moderate,anaerobic
20,2024-04-07 15:38:21.421114,20,moderate,aerobic
20,2024-04-08 18:20:51.732967,37,moderate,aerobic
20,2024-04-13 21:17:53.555129,69,low,mixed
20,2024-04-17 17:11:23.438872,35,moderate,aerobic
20,2024-04-20 18:49:20.070176,61,low,aerobic
20,2024-04-23 14:14:55.323937,59,low,aerobic
20,2024-04-23 15:37:31.965372,35,moderate,aerobic
20,2024-04-24 09:06:15.762754,46,high,mixed
20,2024-04-24 11:41:29.930444,37,low,aerobic
20,2024-04-25 08:45:33.757144,48,moderate,anaerobic
20,2024-04-27 09:30:03.970804,73,low,aerobic
20,2024-05-02 09:37:40.859545,65,moderate,aerobic
20,2024-05-03 16:17:47.561870,23,high,aerobic
20,2024-05-06 14:05:03.082611,63,low,mixed
20,2024-05-07 09:42:33.150388,27,low,anaerobic
20,2024-05-10 21:06:28.714110,39,low,aerobic
20,2024-05-12 15:07:00.490556,36,low,aerobic
20,2024-05-18 08:25:42.040587,66,moderate,aerobic
20,2024-05-27 08:28:12.633819,60,low,aerobic
20,2024-06-01 15:54:42.476494,26,low,anaerobic
20,2024-06-01 18:26:29.502580,78,high,mixed
20,2024-06-02 13:21:50.046215,65,high,mixed
20,2024-06-05 18:42:21.494288,66,high,aerobic
20,2024-06-09 18:58:52.450959,61,low,aerobic
20,2024-06-11 08:31:46.177687,61,moderate,aerobic
20,2024-06-16 18:45:02.174901,22,high,aerobic
20,2024-06-19 11:03:47.335466,22,high,anaerobic
20,2024-06-21 09:11:28.571141,73,high,aerobic
20,2024-06-21 17:56:51.966470,25,high,mixed
20,2024-06-27 07:13:47.930188,24,moderate,aerobic
21,2024-01-01 14:42:34.369831,75,low,aerobic
21,2024-01-10 12:44:09.800938,64,moderate,aerobic
21,2024-01-16 08:31:40.760542,79,low,mixed
21,2024-01-19 12:36:40.848571,76,high,anaerobic
21,2024-01-28 17:07:52.649104,23,low,mixed
21,2024-01-29 13:00:28.488884,35,moderate,anaerobic
21,2024-02-02 13:44:59.637780,47,low,anaerobic
21,2024-02-07 11:20:01.804164,63,low,aerobic
21,2024-02-10 11:14:58.108237,65,high,anaerobic
21,2024-02-16 15:27:08.826459,31,high,anaerobic
21,2024-02-19 10:26:38.071378,72,low,anaerobic
21,2024-02-23 19:32:57.916867,57,low,anaerobic
21,2024-02-27 15:43:59.318158,21,moderate,mixed
21,2024-02-29 09:39:44.859802,46,low,aerobic
21,2024-03-03 16:55:26.111130,75,low,aerobic
21,2024-03-08 18:49:16.581073,72,low,aerobic
21,2024-03-10 07:08:03.248220,38,low,aerobic
21,2024-03-10 08:50:20.547082,47,high,aerobic
21,2024-03-19 09:27:46.643303,70,moderate,anaerobic
21,2024-03-19 18:57:17.858668,59,high,aerobic
21,2024-03-29 17:14:43.617369,62,high,aerobic
21,2024-04-02 12:58:43.495027,49,high,mixed
21,2024-04-03 14:16:01.639631,40,high,mixed
21,2024-04-05 08:40:29.045128,66,high,mixed
21,2024-04-07 10:52:00.589164,32,low,aerobic
21,2024-04-11 18:09:20.579673,57,high,aerobic
21,2024-05-02 15:01:56.319245,48,low,mixed
21,2024-05-08 16:37:57.195857,39,low,mixed
21,2024-05-14 12:56:29.197849,26,moderate,aerobic
21,2024-05-14 14:32:36.041212,58,moderate,aerobic
21,2024-05-15 12:42:22.287534,61,high,anaerobic
21,2024-05-20 07:57:46.500153,31,low,aerobic
21,2024-05-21 12:06:15.785807,43,moderate,mixed
21,2024-05-29 13:30:35.161059,75,moderate,aerobic
21,2024-06-06 19:01:48.050076,54,moderate,anaerobic
21,2024-06-09 15:06:12.160422,23,moderate,anaerobic
21,2024-06-11 10:08:08.056844,49,low,aerobic
21,2024-06-12 20:59:55.397376,72,moderate,anaerobic
21,2024-06-13 11:51:23.838552,77,high,aerobic
21,2024-06-15 15:04:08.156310,49,high,aerobic
21,2024-06-17 08:20:06.434569,79,high,aerobic
21,2024-06-18 11:44:06.670872,68,high,mixed
21,2024-06-24 15:18:39.175910,31,low,anaerobic
22,2024-01-05 08:27:54.942786,44,moderate,aerobic
22,2024-01-14 20:27:33.454266,51,moderate,mixed
22,2024-01-21 09:09:58.065506,47,high,mixed
22,2024-01-24 13:14:35.567230,79,low,aerobic
22,2024-02-03 18:07:42.252079,38,low,mixed
22,2024-02-07 09:12:57.660178,29,high,aerobic
22,2024-02-07 13:36:17.570964,24,moderate,aerobic
22,2024-02-14 08:36:16.238248,78,high,mixed
22,2024-02-16 07:07:42.922803,25,moderate,aerobic
22,2024-02-17 08:54:49.795023,59,low,aerobic
22,2024-02-19 13:27:09.986579,26,high,mixed
22,2024-02-25 18:43:44.445442,54,low,mixed
22,2024-02-26 18:40:08.540613,70,moderate,mixed
22,2024-02-27 11:20:27.111221,79,moderate,aerobic
22,2024-03-05 10:44:30.928947,22,moderate,aerobic
22,2024-03-05 21:04:22.572459,23,low,aerobic
22,2024-03-06 11:02:32.774651,32,high,anaerobic
22,2024-03-09 14:58:48.890465,68,moderate,anaerobic
22,2024-03-11 15:31:34.867601,47,moderate,anaerobic
22,2024-03-17 19:48:59.963659,54,moderate,anaerobic
22,2024-03-22 11:58:49.765397,68,moderate,mixed
22,2024-03-23 17:01:04.828322,34,moderate,aerobic
22,2024-03-25 08:22:40.479696,27,moderate,aerobic
22,2024-03-28 18:01:51.681395,42,moderate,mixed
22,2024-04-06 15:12:52.729734,56,high,mixed
22,2024-04-07 18:53:01.176437,26,moderate,anaerobic
22,2024-04-10 15:04:55.945460,25,low,aerobic
22,2024-04-11 15:23:06.965115,78,moderate,anaerobic
22,2024-04-14 09:52:38.282490,25,low,mixed
22,2024-04-14 13:33:59.212372,43,moderate,anaerobic
22,2024-04-15 18:47:36.425157,52,low,aerobic
22,2024-04-16 12:08:18.178185,79,low,aerobic
22,2024-04-19 09:57:53.683171,67,moderate,aerobic
22,2024-04-22 19:39:49.384807,46,moderate,aerobic
22,2024-04-26 12:00:35.976952,32,low,anaerobic
22,2024-04-26 17:23:18.074549,63,high,anaerobic
22,2024-04-28 09:37:48.468483,75,high,aerobic
22,2024-04-30 10:52:00.288194,57,moderate,mixed
22,2024-05-01 10:28:44.809060,37,high,anaerobic
22,2024-05-01 16:09:05.453903,22,low,aerobic
22,2024-05-02 10:46:01.393318,34,high,mixed
22,2024-05-05 12:01:01.136727,49,moderate,aerobic
22,2024-05-08 10:00:33.538297,45,moderate,mixed
22,2024-05-14 09:38:41.461779,48,moderate,aerobic
22,2024-05-16 10:18:26.670494,45,low,aerobic
22,2024-05-17 14:13:47.689052,40,moderate,mixed
22,2024-05-19 11:06:34.773879,70,high,mixed
22,2024-05-19 18:26:00.966927,24,moderate,aerobic
22,2024-05-21 08:31:41.520335,61,moderate,mixed
22,2024-05-22 14:32:48.575893,50,high,aerobic
22,2024-05-22 19:31:55.287225,50,high,mixed
22,2024-05-25 08:42:28.266306,45,low,aerobic
22,2024-06-01 10:07:09.376360,61,high,anaerobic
22,2024-06-03 07:23:42.216774,45,moderate,aerobic
22,2024-06-22 11:05:22.607475,39,moderate,anaerobic
22,2024-06-24 19:23:46.590186,78,high,anaerobic
22,2024-06-26 17:56:12.605457,44,moderate,aerobic
23,2024-01-03 11:15:52.466822,68,high,aerobic
23,2024-01-04 15:18:11.249221,40,moderate,anaerobic
23,2024-01-04 19:23:29.448167,65,low,mixed
23,2024-01-09 12:17:04.169360,43,high,anaerobic
23,2024-01-10 16:01:37.401002,51,high,aerobic
23,2024-01-11 12:15:48.912916,37,moderate,aerobic
23,2024-01-15 20:12:23.622428,60,moderate,aerobic
23,2024-01-17 12:53:32.480570,26,moderate,aerobic
23,2024-01-19 09:39:10.203571,31,low,mixed
23,2024-01-22 12:24:24.043347,40,moderate,anaerobic
23,2024-01-28 09:16:18.545241,46,moderate,aerobic
23,2024-01-30 07:09:56.915898,72,high,aerobic
23,2024-01-31 15:16:52.255024,55,moderate,aerobic
23,2024-02-03 18:30:31.928856,61,moderate,mixed
23,2024-02-09 19:31:09.544947,42,moderate,anaerobic
23,2024-02-11 10:30:39.306388,70,high,aerobic
23,2024-02-12 12:32:57.963206,70,moderate,aerobic
23,2024-02-12 15:57:14.668555,53,high,aerobic
23,2024-02-21 08:30:40.751468,33,moderate,aerobic
23,2024-02-22 15:43:25.813451,31,low,anaerobic
23,2024-02-23 16:45:17.523432,28,high,mixed
23,2024-02-28 12:43:57.810163,55,moderate,aerobic
23,2024-02-28 14:03:12.932765,28,low,aerobic
23,2024-02-29 18:26:14.393788,32,moderate,anaerobic
23,2024-03-04 17:27:37.661535,67,low,aerobic
23,2024-03-05 18:34:29.986638,69,low,mixed
23,2024-03-06 18:42:15.070181,74,moderate,anaerobic
23,2024-03-07 10:55:41.997346,65,high,anaerobic
23,2024-03-08 20:26:57.888948,76,high,mixed
23,2024-03-11 19:47:40.323082,21,moderate,mixed
23,2024-03-14 20:54:40.158187,31,moderate,mixed
23,2024-03-15 12:54:30.227124,36,moderate,aerobic
23,2024-03-18 19:52:08.070164,79,moderate,aerobic
23,2024-03-21 08:23:24.252621,54,moderate,aerobic
23,2024-03-21 12:25:16.894172,65,moderate,mixed
23,2024-03-28 10:18:53.758672,66,moderate,mixed
23,2024-03-28 13:39:30.971957,68,low,aerobic
23,2024-04-03 10:14:54.111376,55,moderate,anaerobic
23,2024-04-04 20:33:52.592655,69,low,aerobic
23,2024-04-06 12:50:27.212554,47,high,aerobic
23,2024-04-10 16:46:05.865682,47,low,aerobic
23,2024-04-11 12:21:09.363999,68,high,aerobic
23,2024-04-12 11:51:30.115085,35,moderate,aerobic
23,2024-04-16 07:18:20.466852,49,moderate,mixed
23,2024-04-17 12:02:25.458741,74,low,anaerobic
23,2024-04-17 19:56:50.589823,58,moderate,aerobic
23,2024-04-20 12:46:20.560212,30,moderate,aerobic
23,2024-04-24 18:49:47.597015,76,moderate,aerobic
23,2024-05-01 10:09:57.506004,39,low,aerobic
23,2024-05-05 13:12:35.924253,21,moderate,mixed
23,2024-05-08 16:32:56.427886,66,moderate,anaerobic
23,2024-05-11 18:29:28.933775,34,high,aerobic
23,2024-05-15 12:58:57.478798,33,low,anaerobic
23,2024-05-15 15:12:13.751826,43,moderate,aerobic
23,2024-05-20 10:28:37.337342,46,moderate,mixed
23,2024-05-21 07:38:53.014852,66,moderate,aerobic
23,2024-05-21 11:59:25.536809,77,moderate,aerobic
23,2024-05-22 18:02:47.053985,54,moderate,aerobic
23,2024-05-23 07:28:21.868050,48,high,aerobic
23,2024-05-24 10:05:12.154054,26,high,mixed
23,2024-05-26 16:16:35.588821,72,moderate,anaerobic
23,2024-05-29 10:22:33.667541,44,low,mixed
23,2024-05-31 07:45:38.475313,70,moderate,aerobic
23,2024-05-31 18:06:56.921577,72,moderate,mixed
23,2024-06-04 19:28:22.298237,57,high,aerobic
23,2024-06-05 13:51:36.213764,70,high,aerobic
23,2024-06-05 19:48:05.078067,38,moderate,aerobic
23,2024-06-06 09:39:23.538694,70,moderate,aerobic
23,2024-06-10 13:33:43.974894,57,high,anaerobic
23,2024-06-11 13:23:55.222734,38,moderate,anaerobic
23,2024-06-15 10:24:45.418604,45,moderate,aerobic
23,2024-06-18 07:57:54.330770,60,moderate,aerobic
23,2024-06-18 11:20:23.688679,44,moderate,aerobic
23,2024-06-19 15:27:34.561079,23,moderate,mixed
23,2024-06-23 08:43:50.209000,27,moderate,mixed
23,2024-06-25 16:42:48.154679,66,moderate,aerobic
23,2024-06-26 19:38:01.564418,61,high,aerobic
24,2024-01-03 17:32:28.489536,31,high,mixed
24,2024-01-07 07:08:01.462727,38,low,mixed
24,2024-01-08 11:46:39.070541,72,low,aerobic
24,2024-01-10 20:12:48.337710,67,moderate,aerobic
24,2024-01-11 19:40:07.993165,78,moderate,aerobic
24,2024-01-12 17:08:27.713679,79,moderate,aerobic
24,2024-01-20 09:29:58.681541,30,moderate,aerobic
24,2024-01-21 10:12:55.821455,22,low,aerobic
24,2024-01-22 12:04:52.449158,71,low,mixed
24,2024-01-22 21:05:33.693263,32,moderate,mixed
24,2024-01-23 18:21:03.428887,47,moderate,aerobic
24,2024-01-25 17:18:28.918104,36,moderate,aerobic
24,2024-01-25 18:43:10.731086,73,moderate,aerobic
24,2024-01-26 16:10:52.462560,31,low,anaerobic
24,2024-01-28 09:59:51.864452,41,moderate,anaerobic
24,2024-02-04 09:35:41.871656,77,high,anaerobic
24,2024-02-06 14:18:43.736371,43,high,aerobic
24,2024-02-06 19:36:26.517233,52,low,anaerobic
24,2024-02-07 10:40:37.446100,23,moderate,aerobic
24,2024-02-10 14:24:07.642104,33,moderate,aerobic
24,2024-02-11 16:44:44.961987,35,high,mixed
24,2024-02-14 17:46:05.214803,34,high,aerobic
24,2024-02-14 18:15:27.389582,39,high,mixed
24,2024-02-16 13:05:09.778905,42,high,mixed
24,2024-02-17 13:07:01.846187,32,moderate,mixed
24,2024-02-18 08:13:10.439748,39,high,aerobic
24,2024-02-22 12:59:31.162240,45,moderate,anaerobic
24,2024-02-24 07:46:50.044302,30,moderate,anaerobic
24,2024-02-24 10:36:38.029044,27,high,anaerobic
24,2024-02-26 10:57:13.203268,24,moderate,aerobic
24,2024-02-27 13:06:37.213550,37,moderate,aerobic
24,2024-02-29 19:41:13.409762,70,moderate,aerobic
24,2024-03-02 18:18:15.459520,22,moderate,aerobic
24,2024-03-03 14:06:18.193658,55,high,anaerobic
24,2024-03-09 15:13:20.997298,66,moderate,mixed
24,2024-03-10 11:19:55.888331,32,high,aerobic
24,2024-03-10 19:20:57.396593,73,high,aerobic
24,2024-03-13 17:03:39.921132,64,low,anaerobic
24,2024-03-14 16:42:43.466372,23,moderate,anaerobic
24,2024-03-17 16:23:56.118713,79,moderate,mixed
24,2024-03-17 18:38:56.984220,71,moderate,anaerobic
24,2024-03-22 11:48:23.815192,69,low,aerobic
24,2024-03-22 16:23:17.246150,28,low,aerobic
24,2024-03-24 11:59:31.855917,47,moderate,anaerobic
24,2024-03-26 20:58:16.170181,74,low,mixed
24,2024-03-27 15:52:49.512945,34,moderate,mixed
24,2024-03-31 15:09:10.812985,70,moderate,mixed
24,2024-04-06 14:33:02.537509,54,moderate,aerobic
24,2024-04-07 11:22:46.683560,50,moderate,anaerobic
24,2024-04-07 17:41:06.545149,54,high,aerobic
24,2024-04-09 09:07:01.215408,71,moderate,mixed
24,2024-04-11 13:05:16.107039,58,moderate,aerobic
24,2024-04-15 18:45:28.912297,48,moderate,mixed
24,2024-04-17 12:41:23.506465,69,moderate,anaerobic
24,2024-04-17 18:57:32.384476,25,low,anaerobic
24,2024-04-18 14:27:16.907123,68,low,mixed
24,2024-04-20 12:17:47.523022,63,moderate,aerobic
24,2024-04-22 10:19:54.216957,25,moderate,aerobic
24,2024-04-24 11:12:28.794956,75,moderate,aerobic
24,2024-04-30 09:08:20.645919,26,moderate,anaerobic
24,2024-05-02 09:40:36.715028,22,low,mixed
24,2024-05-03 08:46:32.498823,71,high,mixed
24,2024-05-05 14:01:37.200494,58,moderate,mixed
24,2024-05-06 08:55:12.868626,68,moderate,aerobic
24,2024-05-06 18:34:36.332287,73,high,mixed
24,2024-05-07 14:53:48.575474,40,moderate,aerobic
24,2024-05-08 16:16:29.468540,29,high,mixed
24,2024-05-09 15:45:23.356801,20,high,mixed
24,2024-05-12 18:03:17.915080,41,moderate,aerobic
24,2024-05-13 13:11:56.611212,45,high,aerobic
24,2024-05-18 09:05:31.689798,29,low,anaerobic
24,2024-05-20 09:49:33.196072,73,moderate,mixed
24,2024-05-22 17:03:09.889233,48,low,anaerobic
24,2024-05-26 15:53:25.199518,76,low,aerobic
24,2024-05-26 20:03:12.784564,21,low,anaerobic
24,2024-05-28 11:20:11.483609,36,high,aerobic
24,2024-05-30 18:02:38.010792,63,low,aerobic
24,2024-05-31 09:14:17.136621,54,moderate,anaerobic
24,2024-05-31 14:06:24.804843,74,moderate,aerobic
24,2024-06-07 16:46:45.089621,34,moderate,aerobic
24,2024-06-09 07:46:44.759450,73,high,aerobic
24,2024-06-09 20:07:58.617489,32,low,aerobic
24,2024-06-11 16:16:48.076468,77,low,anaerobic
24,2024-06-11 19:24:57.691296,23,moderate,aerobic
24,2024-06-14 08:47:15.344080,21,low,anaerobic
24,2024-06-15 20:27:46.049183,75,low,aerobic
24,2024-06-17 10:11:18.794263,53,low,aerobic
24,2024-06-17 10:33:09.175546,38,high,aerobic
24,2024-06-19 14:27:48.589943,21,low,aerobic
24,2024-06-19 15:11:40.613992,55,low,mixed
24,2024-06-20 16:42:27.108302,68,high,aerobic
24,2024-06-21 09:51:21.189101,34,high,anaerobic
24,2024-06-21 11:20:23.654924,42,low,aerobic
24,2024-06-22 16:51:24.085091,28,moderate,mixed
24,2024-06-23 16:23:49.718237,53,high,aerobic
24,2024-06-23 19:45:46.585671,78,low,aerobic
24,2024-06-25 07:45:50.344258,45,low,mixed
24,2024-06-26 14:36:46.057884,68,low,mixed
25,2024-01-03 08:11:28.653547,54,moderate,aerobic
25,2024-01-12 09:19:08.297270,64,moderate,anaerobic
25,2024-01-18 15:44:21.615330,62,moderate,aerobic
25,2024-01-29 16:36:51.429447,32,low,anaerobic
25,2024-02-17 20:48:29.529493,69,high,aerobic
25,2024-02-18 17:19:13.709616,37,moderate,aerobic
25,2024-03-11 18:40:13.846101,52,moderate,anaerobic
25,2024-03-16 08:06:24.588696,39,moderate,aerobic
25,2024-03-24 15:56:16.307750,35,moderate,anaerobic
25,2024-03-27 19:35:29.814627,59,moderate,mixed
25,2024-03-28 15:30:17.388890,31,moderate,aerobic
25,2024-03-30 18:42:31.320405,54,moderate,aerobic
25,2024-04-07 21:14:13.136250,69,moderate,aerobic
25,2024-04-08 18:43:58.963682,76,moderate,aerobic
25,2024-04-09 09:29:47.633497,68,moderate,mixed
25,2024-04-09 16:48:48.220134,55,moderate,anaerobic
25,2024-04-12 17:42:02.126240,43,moderate,anaerobic
25,2024-04-14 17:04:25.884052,29,moderate,aerobic
25,2024-04-19 13:22:31.163769,63,moderate,anaerobic
25,2024-04-20 07:30:14.853900,47,moderate,aerobic
25,2024-04-22 15:53:07.309141,62,low,aerobic
25,2024-04-24 12:10:52.103347,43,moderate,aerobic
25,2024-04-25 15:23:17.178509,63,moderate,aerobic
25,2024-05-10 10:22:09.934894,46,moderate,aerobic
25,2024-05-12 07:30:29.052350,41,moderate,aerobic
25,2024-05-27 13:44:01.336312,44,moderate,anaerobic
25,2024-05-29 18:28:06.739532,30,high,aerobic
25,2024-05-31 08:29:43.325376,61,moderate,mixed
25,2024-06-06 16:59:56.627446,56,high,anaerobic
25,2024-06-08 09:50:33.754366,69,low,aerobic
25,2024-06-10 10:45:05.129530,49,low,aerobic
25,2024-06-19 18:21:10.536944,54,moderate,aerobic
25,2024-06-19 20:28:16.947179,58,moderate,anaerobic
25,2024-06-24 18:41:25.471432,67,low,mixed
25,2024-06-25 14:23:52.896233,66,low,aerobic
26,2024-01-01 10:31:17.316664,74,low,mixed
26,2024-01-03 19:59:49.263199,74,low,aerobic
26,2024-01-06 17:22:38.784533,31,low,aerobic
26,2024-01-11 13:40:54.910275,73,high,aerobic
26,2024-01-12 08:23:37.125641,70,moderate,mixed
26,2024-01-15 09:20:36.534095,48,high,anaerobic
26,2024-01-16 10:18:59.365843,35,moderate,mixed
26,2024-01-21 07:26:54.142480,35,high,aerobic
26,2024-01-22 17:03:03.987255,35,low,aerobic
26,2024-01-27 08:09:34.616437,46,low,anaerobic
26,2024-01-30 16:20:42.332910,32,moderate,mixed
26,2024-02-03 21:10:18.048418,37,high,mixed
26,2024-02-05 19:26:11.701901,23,moderate,mixed
26,2024-02-06 08:51:13.397144,30,low,aerobic
26,2024-02-06 18:23:15.074172,72,low,aerobic
26,2024-02-07 12:34:11.876819,70,moderate,mixed
26,2024-02-08 14:26:42.926143,47,moderate,mixed
26,2024-02-08 16:07:13.398659,43,low,anaerobic
26,2024-02-09 09:35:27.617949,72,low,mixed
26,2024-02-11 13:13:25.707067,44,moderate,aerobic
26,2024-02-11 16:57:17.536492,44,low,aerobic
26,2024-02-16 10:44:57.226626,35,high,aerobic
26,2024-02-17 18:16:19.753775,50,moderate,mixed
26,2024-02-18 15:12:47.738541,76,moderate,anaerobic
26,2024-02-19 18:21:06.718575,76,moderate,mixed
26,2024-02-22 09:59:18.843118,79,low,aerobic
26,2024-02-26 07:25:16.775846,63,moderate,aerobic
26,2024-02-28 20:07:28.227804,37,moderate,anaerobic
26,2024-03-01 15:00:08.919148,27,moderate,aerobic
26,2024-03-04 14:19:50.074827,30,moderate,aerobic
26,2024-03-04 16:09:26.629982,56,high,anaerobic
26,2024-03-08 08:27:01.940388,60,high,aerobic
26,2024-03-11 16:06:45.033017,55,moderate,aerobic
26,2024-03-14 18:28:33.078766,40,moderate,mixed
26,2024-03-15 09:23:21.901152,46,high,aerobic
26,2024-03-18 15:35:02.647955,58,high,mixed
26,2024-03-19 13:27:09.478497,21,low,mixed
26,2024-03-21 12:01:48.430561,60,moderate,aerobic
26,2024-03-25 10:07:46.172792,63,low,aerobic
26,2024-03-25 20:37:39.760379,39,moderate,aerobic
26,2024-03-26 21:25:08.064269,43,moderate,aerobic
26,2024-03-27 12:20:35.502131,34,low,aerobic
26,2024-04-01 15:13:09.119629,20,low,aerobic
26,2024-04-04 16:08:44.155399,32,high,mixed
26,2024-04-08 08:26:30.858354,27,moderate,anaerobic
26,2024-04-08 18:54:18.624288,67,moderate,anaerobic
26,2024-04-12 12:55:10.978475,37,moderate,aerobic
26,2024-04-12 16:27:45.046046,58,low,anaerobic
26,2024-04-13 08:04:44.173636,43,moderate,mixed
26,2024-04-13 17:18:01.029766,60,moderate,aerobic
26,2024-04-17 20:09:19.115518,44,high,aerobic
26,2024-04-19 10:25:09.591871,69,moderate,mixed
26,2024-04-19 13:01:51.431320,34,moderate,mixed
26,2024-04-24 08:17:38.026070,71,low,mixed
26,2024-04-24 15:41:00.327716,34,moderate,aerobic
26,2024-04-25 14:37:06.864560,47,high,anaerobic
26,2024-04-27 11:45:42.667336,34,low,mixed
26,2024-04-28 12:09:07.068358,63,moderate,anaerobic
26,2024-05-01 15:02:30.551274,26,high,mixed
26,2024-05-07 10:38:02.212688,77,moderate,aerobic
26,2024-05-10 08:25:22.985017,20,moderate,aerobic
26,2024-05-11 07:59:23.774341,25,high,anaerobic
26,2024-05-13 09:00:15.590122,49,moderate,aerobic
26,2024-05-15 21:08:39.076735,39,moderate,mixed
26,2024-05-21 17:07:09.562085,20,moderate,aerobic
26,2024-05-24 13:16:32.604029,46,moderate,aerobic
26,2024-05-25 09:50:54.493882,65,high,anaerobic
26,2024-05-27 20:54:33.415426,22,low,aerobic
26,2024-05-29 09:13:52.076681,20,moderate,aerobic
26,2024-06-02 15:13:13.088080,69,high,aerobic
26,2024-06-04 14:05:30.131222,36,moderate,aerobic
26,2024-06-07 10:57:57.038443,30,moderate,aerobic
26,2024-06-08 07:37:58.694313,35,moderate,anaerobic
26,2024-06-08 08:42:42.707857,68,high,mixed
26,2024-06-09 17:19:59.585334,44,moderate,mixed
26,2024-06-14 18:12:45.031080,68,moderate,aerobic
26,2024-06-15 09:03:56.243873,42,moderate,aerobic
26,2024-06-16 19:41:12.991102,50,low,aerobic
26,2024-06-19 13:01:36.150805,75,high,aerobic
26,2024-06-20 15:51:37.207064,66,moderate,anaerobic
26,2024-06-21 07:31:41.544791,41,high,aerobic
26,2024-06-21 13:14:54.696319,43,low,mixed
26,2024-06-26 10:46:06.649878,76,moderate,anaerobic
27,2024-01-07 20:01:49.573562,47,moderate,anaerobic
27,2024-01-10 07:24:01.180131,39,low,anaerobic
27,2024-01-12 10:48:55.124089,31,high,mixed
27,2024-01-13 15:02:39.716784,25,moderate,mixed
27,2024-01-14 14:27:17.427200,54,moderate,aerobic
27,2024-01-16 13:43:26.869759,70,moderate,mixed
27,2024-01-19 19:42:27.517276,66,low,aerobic
27,2024-01-26 07:29:09.621222,30,low,aerobic
27,2024-01-26 15:09:17.882288,41,moderate,anaerobic
27,2024-02-02 19:36:53.462068,22,low,anaerobic
27,2024-02-03 20:22:37.579101,28,low,aerobic
27,2024-02-08 13:47:25.473440,56,low,anaerobic
27,2024-02-16 11:15:19.849646,40,low,anaerobic
27,2024-02-26 12:45:12.159493,31,high,aerobic
27,2024-02-27 13:59:47.069519,65,moderate,aerobic
27,2024-03-05 18:13:11.084748,39,moderate,anaerobic
27,2024-03-08 07:15:50.334881,64,high,aerobic
27,2024-03-22 18:54:26.371244,73,moderate,anaerobic
27,2024-03-25 08:07:37.793607,75,low,aerobic
27,2024-04-01 19:09:14.665091,35,moderate,mixed
27,2024-04-02 17:12:09.034597,51,low,aerobic
27,2024-04-05 15:58:18.771179,37,low,mixed
27,2024-04-06 08:14:36.250343,29,low,anaerobic
27,2024-04-06 20:38:54.164980,25,moderate,aerobic
27,2024-04-08 12:00:38.362769,24,low,aerobic
27,2024-04-09 14:06:07.584158,40,moderate,mixed
27,2024-04-11 13:49:15.868585,62,moderate,aerobic
27,2024-04-14 09:59:23.811431,53,moderate,aerobic
27,2024-04-21 07:33:26.350974,22,low,aerobic
27,2024-04-23 12:11:52.572114,42,moderate,anaerobic
27,2024-05-02 16:11:53.557092,21,low,anaerobic
27,2024-05-09 18:05:49.393364,39,moderate,aerobic
27,2024-05-12 15:22:52.046385,38,moderate,aerobic
27,2024-05-12 15:54:31.158368,27,moderate,anaerobic
27,2024-05-17 12:17:26.507389,48,moderate,aerobic
27,2024-05-19 10:59:09.996367,20,high,aerobic
27,2024-05-19 14:27:06.014052,70,high,aerobic
27,2024-05-23 14:48:45.078928,53,high,anaerobic
27,2024-05-24 15:14:29.356864,41,high,aerobic
27,2024-05-25 13:53:36.440095,78,high,aerobic
27,2024-06-12 07:07:32.720893,63,moderate,anaerobic
27,2024-06-15 14:24:25.855060,31,high,aerobic
27,2024-06-17 12:25:17.050684,64,high,anaerobic
27,2024-06-21 15:32:34.517709,40,low,anaerobic
27,2024-06-22 07:26:00.182964,44,low,anaerobic
27,2024-06-24 10:14:43.334911,27,low,mixed
27,2024-06-25 19:15:36.792210,22,moderate,mixed
28,2024-01-05 20:40:19.144753,30,low,anaerobic
28,2024-01-10 17:54:31.600959,70,low,mixed
28,2024-01-11 12:33:28.299470,77,low,mixed
28,2024-01-12 09:00:28.797998,40,moderate,anaerobic
28,2024-01-24 08:39:13.460265,53,moderate,aerobic
28,2024-01-24 10:52:30.924795,55,low,anaerobic
28,2024-01-27 16:08:10.763232,49,low,aerobic
28,2024-01-31 07:54:17.491810,23,high,anaerobic
28,2024-02-01 09:05:58.033099,42,moderate,mixed
28,2024-02-10 16:45:48.630625,69,high,aerobic
28,2024-02-13 10:56:37.293171,74,low,anaerobic
28,2024-02-15 09:28:02.614102,55,moderate,mixed
28,2024-02-19 12:50:03.211647,48,moderate,aerobic
28,2024-02-21 18:01:04.592006,38,low,anaerobic
28,2024-02-21 20:59:09.338113,63,low,anaerobic
28,2024-02-23 19:05:45.667413,47,moderate,aerobic
28,2024-02-27 14:25:19.943024,47,high,aerobic
28,2024-03-07 07:09:20.872613,49,low,anaerobic
28,2024-03-12 13:08:42.154465,62,low,aerobic
28,2024-03-13 15:21:51.574699,48,moderate,aerobic
28,2024-03-13 16:37:59.970408,54,moderate,anaerobic
28,2024-03-16 20:09:23.296687,28,low,aerobic
28,2024-03-26 15:30:21.401659,28,low,aerobic
28,2024-03-27 10:44:00.805328,68,low,anaerobic
28,2024-03-29 14:19:03.232858,22,low,aerobic
28,2024-04-01 10:50:42.604160,69,moderate,anaerobic
28,2024-04-03 15:30:09.205410,70,moderate,aerobic
28,2024-04-06 20:22:21.806703,54,low,aerobic
28,2024-04-07 09:09:04.424192,67,high,mixed
28,2024-04-09 09:29:29.488105,48,moderate,aerobic
28,2024-04-12 13:05:57.709093,30,high,anaerobic
28,2024-04-14 11:59:59.459357,63,moderate,aerobic
28,2024-04-16 07:10:44.977200,42,low,anaerobic
28,2024-04-17 15:26:35.193063,78,low,aerobic
28,2024-04-22 08:26:01.875529,38,high,aerobic
28,2024-04-23 16:12:40.849815,34,moderate,anaerobic
28,2024-04-23 20:30:14.445300,73,high,anaerobic
28,2024-04-29 10:54:35.012832,75,high,mixed
28,2024-05-04 19:05:21.980224,72,moderate,mixed
28,2024-05-06 18:31:26.288716,68,low,mixed
28,2024-05-07 19:05:30.117109,58,high,mixed
28,2024-05-08 17:37:39.596921,47,moderate,aerobic
28,2024-05-14 12:46:49.643067,68,low,aerobic
28,2024-05-16 13:16:14.090001,77,low,aerobic
28,2024-05-16 17:43:29.026706,36,low,aerobic
28,2024-05-24 07:40:00.408744,48,low,anaerobic
28,2024-05-25 10:30:51.722491,48,moderate,anaerobic
28,2024-05-27 15:18:10.410390,74,low,aerobic
28,2024-05-28 14:14:11.670264,44,moderate,mixed
28,2024-06-01 14:46:20.673188,50,moderate,anaerobic
28,2024-06-02 09:31:23.207300,66,moderate,aerobic
28,2024-06-03 19:29:38.393732,51,moderate,aerobic
28,2024-06-04 10:47:04.827666,34,high,anaerobic
28,2024-06-06 16:18:08.664338,27,moderate,mixed
28,2024-06-08 20:39:30.580191,24,moderate,mixed
28,2024-06-12 20:43:08.067710,36,moderate,mixed
28,2024-06-13 20:08:02.749530,54,low,aerobic
28,2024-06-14 15:49:20.768710,53,moderate,aerobic
28,2024-06-18 07:46:00.336904,72,low,anaerobic
28,2024-06-22 17:36:43.617427,36,low,anaerobic
28,2024-06-24 08:30:42.202277,34,high,mixed
28,2024-06-24 17:58:59.637074,20,moderate,aerobic
28,2024-06-25 17:48:58.541998,22,low,aerobic
28,2024-06-28 16:35:23.706360,64,moderate,aerobic
28,2024-06-28 19:44:40.772665,53,moderate,mixed
29,2024-01-04 15:37:26.538849,21,low,anaerobic
29,2024-01-04 17:06:48.395334,55,high,mixed
29,2024-01-11 13:17:23.031322,59,high,anaerobic
29,2024-01-13 10:16:37.637821,79,low,aerobic
29,2024-01-17 17:44:44.728715,38,moderate,aerobic
29,2024-01-24 09:58:26.141942,69,moderate,mixed
29,2024-01-26 20:01:25.982347,45,moderate,aerobic
29,2024-01-30 12:25:08.789691,71,moderate,aerobic
29,2024-02-03 07:38:49.142967,39,moderate,aerobic
29,2024-02-16 14:26:44.124072,46,moderate,aerobic
29,2024-02-16 16:24:51.592615,22,high,anaerobic
29,2024-02-17 19:16:19.592074,39,low,aerobic
29,2024-03-01 21:03:01.160061,29,moderate,aerobic
29,2024-03-15 19:51:27.501047,52,moderate,anaerobic
29,2024-03-17 13:10:13.488770,42,moderate,mixed
29,2024-03-20 20:41:58.889991,34,low,aerobic
29,2024-03-24 18:40:32.558651,55,high,aerobic
29,2024-04-05 09:39:44.016908,65,low,anaerobic
29,2024-04-10 10:19:48.651317,72,moderate,aerobic
29,2024-04-13 09:50:08.649733,33,moderate,anaerobic
29,2024-04-14 17:28:45.067477,72,moderate,anaerobic
29,2024-04-14 18:59:37.934295,73,moderate,aerobic
29,2024-04-19 15:43:36.341558,44,low,mixed
29,2024-04-22 11:32:33.270646,51,high,aerobic
29,2024-04-24 10:39:28.153558,79,moderate,aerobic
29,2024-04-25 11:13:26.814241,63,moderate,anaerobic
29,2024-04-30 17:34:38.002553,47,moderate,aerobic
29,2024-05-17 15:49:21.891584,56,low,aerobic
29,2024-05-27 08:58:40.625858,62,low,aerobic
29,2024-05-30 19:48:35.331923,73,moderate,anaerobic
29,2024-06-04 17:36:00.575648,30,low,anaerobic
29,2024-06-07 10:24:32.370152,20,low,aerobic
29,2024-06-12 11:27:23.972567,21,high,aerobic
29,2024-06-23 16:33:06.174954,62,moderate,anaerobic
30,2024-01-02 10:22:05.090149,27,moderate,aerobic
30,2024-01-09 09:48:15.700658,34,low,mixed
30,2024-01-09 15:11:30.701841,46,high,aerobic
30,2024-01-16 12:45:02.938392,42,low,mixed
30,2024-01-16 13:37:36.829887,47,low,aerobic
30,2024-01-17 08:30:46.158070,55,moderate,aerobic
30,2024-01-19 13:21:17.758296,55,high,aerobic
30,2024-01-24 17:19:15.098714,77,high,aerobic
30,2024-01-26 14:52:23.475288,43,moderate,aerobic
30,2024-01-27 19:13:35.366360,56,high,anaerobic
30,2024-01-28 09:09:05.106700,70,moderate,anaerobic
30,2024-01-30 20:16:18.170580,24,low,aerobic
30,2024-02-01 16:12:50.437773,73,high,anaerobic
30,2024-02-02 09:44:16.917539,31,low,aerobic
30,2024-02-04 10:15:09.697470,22,moderate,aerobic
30,2024-02-09 12:53:10.225760,38,moderate,anaerobic
30,2024-02-10 13:30:12.516029,33,moderate,aerobic
30,2024-02-11 19:57:00.262517,28,moderate,aerobic
30,2024-02-12 10:14:10.079977,75,high,anaerobic
30,2024-02-17 15:17:25.079996,45,moderate,aerobic
30,2024-02-19 15:10:14.665649,30,high,anaerobic
30,2024-02-26 19:00:52.921957,34,low,mixed
30,2024-02-28 15:31:57.624726,31,high,aerobic
30,2024-02-29 17:24:05.322426,68,moderate,aerobic
30,2024-03-01 12:48:00.387909,45,moderate,aerobic
30,2024-03-03 10:29:08.331345,57,moderate,aerobic
30,2024-03-07 14:32:16.470878,32,low,aerobic
30,2024-03-10 18:51:47.534574,20,low,aerobic
30,2024-03-13 07:38:06.032726,63,moderate,aerobic
30,2024-03-15 14:54:12.815262,50,high,aerobic
30,2024-03-15 18:11:43.760820,57,moderate,aerobic
30,2024-03-21 17:49:36.267393,52,moderate,aerobic
30,2024-03-22 09:37:16.537834,59,low,mixed
30,2024-03-22 10:52:14.510682,69,low,aerobic
30,2024-03-24 17:02:09.087625,67,high,aerobic
30,2024-03-26 08:32:59.990528,71,moderate,anaerobic
30,2024-03-27 14:57:01.410680,31,moderate,mixed
30,2024-03-27 16:46:08.046246,22,low,aerobic
30,2024-03-30 13:43:15.215190,24,moderate,aerobic
30,2024-04-03 08:34:06.920790,65,low,anaerobic
30,2024-04-03 17:34:07.947780,51,low,mixed
30,2024-04-05 11:40:11.627112,37,high,aerobic
30,2024-04-09 19:18:14.414996,55,low,aerobic
30,2024-04-15 12:50:18.003586,52,moderate,mixed
30,2024-04-16 09:22:52.133881,75,low,aerobic
30,2024-04-16 15:20:52.295220,33,high,aerobic
30,2024-04-24 17:13:49.042959,57,low,aerobic
30,2024-04-29 14:07:21.017053,53,moderate,anaerobic
30,2024-05-01 08:22:20.846959,36,moderate,aerobic
30,2024-05-05 17:08:27.430586,40,low,anaerobic
30,2024-05-14 20:20:39.543321,58,moderate,aerobic
30,2024-05-16 20:28:52.321050,22,low,aerobic
30,2024-05-17 14:11:44.390144,44,moderate,mixed
30,2024-05-26 13:29:03.268378,54,high,aerobic
30,2024-05-28 10:45:42.657196,52,high,aerobic
30,2024-05-29 10:39:10.307304,43,moderate,anaerobic
30,2024-05-31 15:01:27.609355,35,high,aerobic
30,2024-05-31 18:12:32.677582,75,low,aerobic
30,2024-06-01 16:59:28.225899,73,high,aerobic
30,2024-06-09 19:48:35.960423,22,high,aerobic
30,2024-06-12 08:49:08.870371,30,moderate,mixed
30,2024-06-22 13:04:26.146588,29,moderate,anaerobic
30,2024-06-24 16:07:42.321382,35,low,mixed
30,2024-06-25 11:24:11.773696,38,low,mixed
31,2024-01-02 20:24:21.085777,21,moderate,aerobic
31,2024-01-05 19:32:51.079269,55,low,aerobic
31,2024-01-06 19:35:57.203305,35,moderate,mixed
31,2024-01-09 20:48:50.453722,53,high,aerobic
31,2024-01-15 09:32:37.840396,29,moderate,aerobic
31,2024-01-16 19:17:31.113927,21,low,mixed
31,2024-01-17 17:03:55.927611,77,low,anaerobic
31,2024-01-21 14:49:38.690047,55,moderate,aerobic
31,2024-01-25 20:37:57.690079,72,low,aerobic
31,2024-01-26 20:40:52.663621,63,moderate,aerobic
31,2024-01-29 14:50:39.860678,67,moderate,aerobic
31,2024-01-30 12:18:23.437053,73,low,anaerobic
31,2024-02-03 09:46:03.184306,67,high,aerobic
31,2024-02-06 20:10:50.502512,57,moderate,aerobic
31,2024-02-11 13:24:35.481866,64,moderate,aerobic
31,2024-02-11 17:52:18.319374,77,low,aerobic
31,2024-02-12 10:51:20.863616,22,high,mixed
31,2024-02-13 08:12:18.557845,49,moderate,mixed
31,2024-02-16 15:15:51.598658,34,low,aerobic
31,2024-02-17 19:33:00.428497,46,moderate,anaerobic
31,2024-02-19 09:16:24.878041,41,low,anaerobic
31,2024-02-19 13:26:11.173756,68,moderate,mixed
31,2024-02-23 15:31:44.762104,63,high,aerobic
31,2024-02-24 14:09:39.580646,55,high,anaerobic
31,2024-02-25 07:54:29.896782,29,moderate,aerobic
31,2024-02-25 12:34:32.999348,28,low,mixed
31,2024-02-26 10:56:06.395693,22,moderate,mixed
31,2024-02-28 07:20:57.638674,52,moderate,mixed
31,2024-03-01 21:07:16.220665,32,low,aerobic
31,2024-03-04 20:24:59.001093,56,moderate,mixed
31,2024-03-07 16:05:33.116618,45,moderate,anaerobic
31,2024-03-10 08:03:06.073429,25,low,anaerobic
31,2024-03-11 07:40:47.818801,25,moderate,mixed
31,2024-03-12 18:32:05.850453,78,high,aerobic
31,2024-03-13 11:48:26.386909,50,moderate,mixed
31,2024-03-21 12:16:01.253400,70,moderate,aerobic
31,2024-03-21 20:08:22.047030,32,high,anaerobic
31,2024-03-26 13:55:38.782911,55,high,aerobic
31,2024-03-27 17:08:19.731418,63,moderate,aerobic
31,2024-03-27 19:43:09.763231,24,high,mixed
31,2024-03-30 11:57:12.196499,47,high,anaerobic
31,2024-04-01 20:45:55.544291,31,moderate,aerobic
31,2024-04-03 09:33:06.030729,50,low,aerobic
31,2024-04-04 10:24:44.461935,68,moderate,anaerobic
31,2024-04-05 13:28:25.545822,45,low,aerobic
31,2024-04-10 09:09:55.166827,64,high,mixed
31,2024-04-15 19:24:49.005494,53,low,anaerobic
31,2024-04-19 12:59:42.070216,39,low,aerobic
31,2024-04-20 14:25:39.517005,29,moderate,mixed
31,2024-04-20 18:16:58.773116,58,high,aerobic
31,2024-04-26 17:29:06.521030,36,moderate,anaerobic
31,2024-04-28 09:50:43.369511,71,low,aerobic
31,2024-04-29 19:42:29.548217,75,moderate,mixed
31,2024-05-08 09:44:37.880761,29,high,aerobic
31,2024-05-10 11:31:13.879746,64,moderate,anaerobic
31,2024-05-13 20:58:52.013002,56,high,aerobic
31,2024-05-15 14:36:04.428329,41,moderate,aerobic
31,2024-05-16 16:08:49.942067,25,high,anaerobic
31,2024-05-20 14:47:28.251641,63,low,aerobic
31,2024-05-22 18:59:15.147982,52,low,aerobic
31,2024-05-24 19:16:29.120044,59,high,aerobic
31,2024-05-24 20:16:56.285202,61,moderate,aerobic
31,2024-05-27 19:11:30.797577,61,low,aerobic
31,2024-06-05 07:54:45.789715,27,high,mixed
31,2024-06-08 15:34:57.565095,32,moderate,aerobic
31,2024-06-13 16:50:09.476774,42,moderate,mixed
31,2024-06-24 11:45:00.372531,73,moderate,mixed
31,2024-06-24 20:31:50.549978,67,low,anaerobic
31,2024-06-28 12:37:18.126838,65,low,mixed
32,2024-01-01 19:48:33.735595,54,low,aerobic
32,2024-01-01 20:29:06.126913,74,moderate,aerobic
32,2024-01-02 08:24:59.162792,74,high,aerobic
32,2024-01-11 07:13:02.710861,63,high,aerobic
32,2024-01-14 16:27:37.649075,60,low,mixed
32,2024-01-15 15:47:06.461433,26,high,aerobic
32,2024-01-17 19:49:47.564407,57,moderate,aerobic
32,2024-01-24 11:39:19.648154,63,moderate,aerobic
32,2024-01-26 08:32:29.382642,34,moderate,mixed
32,2024-02-13 20:16:06.834550,28,low,anaerobic
32,2024-02-16 16:46:02.217428,48,moderate,aerobic
32,2024-02-22 12:42:08.009206,37,low,aerobic
32,2024-02-29 11:16:30.840583,79,low,anaerobic
32,2024-03-14 18:27:40.132201,61,moderate,anaerobic
32,2024-03-19 17:13:02.686757,36,low,aerobic
32,2024-03-26 17:46:46.992280,67,moderate,aerobic
32,2024-03-26 18:32:59.930543,33,low,mixed
32,2024-03-28 11:03:33.773874,56,moderate,anaerobic
32,2024-04-02 11:34:52.860869,47,low,mixed
32,2024-04-02 18:01:07.248859,77,moderate,mixed
32,2024-04-03 12:46:49.218225,77,low,aerobic
32,2024-04-13 16:14:16.617768,29,moderate,aerobic
32,2024-04-17 11:32:32.094067,34,moderate,aerobic
32,2024-04-21 15:29:46.453841,56,high,aerobic
32,2024-04-22 11:51:36.150155,52,low,aerobic
32,2024-04-22 19:06:28.968208,25,moderate,anaerobic
32,2024-05-06 18:23:28.122220,41,moderate,anaerobic
32,2024-05-07 18:19:01.139878,76,low,aerobic
32,2024-05-08 18:31:36.546400,75,moderate,aerobic
32,2024-05-12 13:25:51.960779,60,low,aerobic
32,2024-05-17 16:21:50.881345,27,moderate,aerobic
32,2024-05-18 19:21:09.131010,22,low,anaerobic
32,2024-05-26 17:16:01.832088,25,high,mixed
32,2024-05-27 09:30:21.747250,69,moderate,mixed
32,2024-05-31 18:19:37.873420,58,moderate,anaerobic
32,2024-06-04 13:56:55.121183,26,moderate,aerobic
32,2024-06-15 13:23:24.863874,35,moderate,aerobic
32,2024-06-18 20:14:02.287407,32,moderate,anaerobic
32,2024-06-19 08:32:09.260999,37,low,anaerobic
32,2024-06-26 09:35:40.703328,63,moderate,aerobic
32,2024-06-27 07:39:24.205015,23,low,aerobic
32,2024-06-28 14:16:21.020318,20,high,aerobic
33,2024-01-01 07:44:00.193503,68,low,aerobic
33,2024-01-04 09:23:13.363827,23,low,aerobic
33,2024-01-07 14:28:15.590421,78,low,aerobic
33,2024-01-12 19:11:59.809837,70,moderate,anaerobic
33,2024-01-14 13:52:27.091894,46,high,anaerobic
33,2024-01-15 21:14:52.860014,49,high,aerobic
33,2024-01-16 14:59:32.310253,67,high,aerobic
33,2024-01-18 15:51:11.959869,58,low,anaerobic
33,2024-01-21 14:17:47.607181,44,low,anaerobic
33,2024-01-24 14:39:40.647125,27,moderate,mixed
33,2024-01-25 18:24:14.568609,29,high,anaerobic
33,2024-01-27 07:08:33.565058,28,low,anaerobic
33,2024-01-28 07:55:26.563734,57,low,anaerobic
33,2024-01-30 19:14:54.826983,27,low,mixed
33,2024-02-01 16:33:20.253404,75,moderate,aerobic
33,2024-02-04 07:57:36.402798,75,moderate,anaerobic
33,2024-02-05 15:16:01.689694,72,moderate,aerobic
33,2024-02-12 09:23:57.712691,29,low,aerobic
33,2024-02-12 19:28:58.420907,32,moderate,aerobic
33,2024-02-14 15:20:06.241760,47,low,aerobic
33,2024-02-15 16:28:52.228894,41,moderate,aerobic
33,2024-02-17 13:11:48.807562,78,low,aerobic
33,2024-02-24 07:52:54.616420,38,moderate,anaerobic
33,2024-02-25 20:35:44.986707,50,high,aerobic
33,2024-02-29 19:55:40.824163,62,moderate,aerobic
33,2024-03-01 20:54:18.944867,50,low,anaerobic
33,2024-03-02 17:29:32.900970,28,high,aerobic
33,2024-03-03 09:54:41.748432,38,low,aerobic
33,2024-03-05 11:21:33.818542,38,moderate,mixed
33,2024-03-06 09:51:22.725348,63,high,anaerobic
33,2024-03-07 07:27:44.296727,76,high,aerobic
33,2024-03-09 17:47:08.575282,51,moderate,anaerobic
33,2024-03-11 09:29:55.160786,53,low,aerobic
33,2024-03-12 20:48:52.783835,51,moderate,aerobic
33,2024-03-14 17:16:41.911108,38,moderate,anaerobic
33,2024-03-16 20:15:17.565985,67,moderate,mixed
33,2024-03-17 17:00:38.510534,60,moderate,aerobic
33,2024-03-18 07:58:14.632780,22,moderate,aerobic
33,2024-03-18 08:50:03.688031,70,moderate,aerobic
33,2024-03-19 09:23:30.353978,41,low,anaerobic
33,2024-03-23 13:00:31.934955,44,moderate,mixed
33,2024-03-23 19:59:04.634715,68,moderate,aerobic
33,2024-03-25 15:55:36.029284,77,moderate,mixed
33,2024-03-26 13:34:06.711608,40,moderate,aerobic
33,2024-03-27 07:48:15.640964,73,high,mixed
33,2024-03-27 13:49:43.240514,37,moderate,mixed
33,2024-03-29 13:27:38.027336,39,low,mixed
33,2024-04-04 11:56:48.211505,79,low,aerobic
33,2024-04-06 12:38:02.145909,72,moderate,aerobic
33,2024-04-07 10:33:23.405673,55,moderate,anaerobic
33,2024-04-11 11:57:22.771574,63,moderate,mixed
33,2024-04-13 19:41:14.065702,26,moderate,aerobic
33,2024-04-15 14:01:04.910409,65,low,mixed
33,2024-04-15 19:55:33.572823,43,moderate,mixed
33,2024-04-16 18:08:11.374172,66,moderate,mixed
33,2024-04-18 18:46:12.897234,20,moderate,anaerobic
33,2024-04-21 18:52:35.625716,53,low,anaerobic
33,2024-04-22 14:33:40.021275,35,high,aerobic
33,2024-04-24 14:51:24.865245,50,moderate,anaerobic
33,2024-04-27 12:19:00.992808,73,moderate,aerobic
33,2024-04-29 09:42:24.569908,68,high,aerobic
33,2024-04-29 16:25:32.132098,55,moderate,anaerobic
33,2024-04-30 16:00:29.300901,24,low,mixed
33,2024-05-01 10:38:45.504569,23,moderate,mixed
33,2024-05-03 12:49:58.908886,29,moderate,aerobic
33,2024-05-05 12:32:21.091376,67,moderate,aerobic
33,2024-05-05 13:31:18.156363,73,moderate,aerobic
33,2024-05-07 13:15:14.434986,43,moderate,aerobic
33,2024-05-07 16:49:02.255745,51,moderate,aerobic
33,2024-05-09 16:46:14.648855,52,moderate,aerobic
33,2024-05-11 09:53:05.460461,21,low,aerobic
33,2024-05-12 07:47:50.435941,44,low,mixed
33,2024-05-14 09:44:43.171734,56,low,mixed
33,2024-05-16 16:14:03.676653,31,low,aerobic
33,2024-05-18 17:20:33.715869,75,high,aerobic
33,2024-05-21 09:08:20.034754,73,moderate,aerobic
33,2024-05-21 10:54:26.962852,58,moderate,mixed
33,2024-05-22 18:56:38.493080,73,moderate,mixed
33,2024-05-25 09:57:25.689050,64,low,anaerobic
33,2024-05-25 20:15:46.112332,63,moderate,mixed
33,2024-05-26 12:55:04.680176,37,low,mixed
33,2024-05-27 10:23:18.332236,59,moderate,anaerobic
33,2024-05-28 08:46:10.766949,47,moderate,anaerobic
33,2024-05-31 20:49:29.973000,31,moderate,anaerobic
33,2024-06-01 20:37:16.310501,49,high,aerobic
33,2024-06-02 17:39:10.611111,45,moderate,mixed
33,2024-06-04 09:43:38.921867,28,moderate,mixed
33,2024-06-06 14:55:23.035421,25,moderate,anaerobic
33,2024-06-10 14:42:18.719005,26,low,anaerobic
33,2024-06-15 14:11:20.488642,67,moderate,aerobic
33,2024-06-17 14:30:22.469645,59,low,aerobic
33,2024-06-21 10:36:39.388897,36,low,anaerobic
33,2024-06-25 19:03:17.141819,72,low,aerobic
33,2024-06-28 08:09:47.508459,68,high,anaerobic
33,2024-06-28 12:19:01.557758,21,low,aerobic
34,2024-01-01 19:14:48.806007,44,moderate,aerobic
34,2024-01-02 09:04:40.102388,78,low,anaerobic
34,2024-01-06 07:09:42.121217,64,low,aerobic
34,2024-01-08 10:17:44.702446,62,low,anaerobic
34,2024-01-09 13:33:11.662902,23,high,aerobic
34,2024-01-17 08:58:15.905277,24,low,mixed
34,2024-01-21 16:50:28.620418,79,low,mixed
34,2024-01-22 20:54:15.762152,31,low,mixed
34,2024-01-23 12:06:42.985027,62,moderate,anaerobic
34,2024-01-25 20:47:45.523381,35,high,mixed
34,2024-01-28 12:52:36.061928,33,low,aerobic
34,2024-01-31 20:27:23.794625,52,moderate,anaerobic
34,2024-02-01 12:28:15.427656,31,moderate,aerobic
34,2024-02-01 19:22:33.538005,33,low,anaerobic
34,2024-02-05 10:25:05.695013,24,moderate,anaerobic
34,2024-02-07 07:27:05.859799,72,moderate,anaerobic
34,2024-02-08 15:02:14.207145,27,moderate,mixed
34,2024-02-18 15:18:10.836929,56,low,aerobic
34,2024-02-20 20:28:05.311169,55,moderate,aerobic
34,2024-02-23 18:33:22.751786,68,moderate,aerobic
34,2024-02-29 09:16:18.062053,35,high,aerobic
34,2024-03-03 08:09:48.108748,70,moderate,aerobic
34,2024-03-06 20:09:20.949378,29,moderate,aerobic
34,2024-03-10 07:25:27.425719,24,high,anaerobic
34,2024-03-14 17:57:54.530403,70,moderate,anaerobic
34,2024-03-16 08:29:15.934482,75,moderate,aerobic
34,2024-03-18 20:45:33.474645,51,moderate,mixed
34,2024-03-26 15:26:45.928947,51,low,aerobic
34,2024-03-26 17:31:36.188386,48,moderate,anaerobic
34,2024-03-29 18:15:07.321875,35,moderate,mixed
34,2024-03-31 20:55:36.783127,34,moderate,aerobic
34,2024-04-03 17:14:02.788793,39,high,aerobic
34,2024-04-03 20:41:54.501257,65,moderate,aerobic
34,2024-04-07 16:25:42.236366,27,low,mixed
34,2024-04-07 20:00:39.466608,64,low,anaerobic
34,2024-04-09 16:49:53.657866,30,moderate,mixed
34,2024-04-19 17:24:05.602901,66,moderate,mixed
34,2024-04-22 08:17:04.859203,48,high,anaerobic
34,2024-04-26 17:54:15.717004,35,moderate,aerobic
34,2024-04-27 19:25:34.891533,41,low,aerobic
34,2024-05-03 07:02:32.832527,36,low,mixed
34,2024-05-04 15:11:36.065370,50,low,aerobic
34,2024-05-05 07:24:32.365518,42,moderate,mixed
34,2024-05-08 18:33:04.602617,56,moderate,aerobic
34,2024-05-09 20:48:55.592285,36,moderate,aerobic
34,2024-05-10 18:09:58.848395,47,high,aerobic
34,2024-05-17 12:07:35.670914,21,moderate,aerobic
34,2024-05-21 09:23:55.888737,51,moderate,anaerobic
34,2024-05-24 14:43:23.445484,59,high,mixed
34,2024-05-29 16:31:20.935689,68,high,mixed
34,2024-05-30 19:48:25.684222,30,moderate,aerobic
34,2024-06-04 08:27:28.282191,79,moderate,anaerobic
34,2024-06-06 17:24:28.431083,36,high,aerobic
34,2024-06-06 17:47:55.567015,46,moderate,anaerobic
34,2024-06-07 08:46:21.790084,47,moderate,mixed
34,2024-06-12 17:04:45.666073,50,high,aerobic
34,2024-06-15 11:01:50.808203,66,moderate,anaerobic
34,2024-06-22 20:59:25.847969,43,moderate,anaerobic
34,2024-06-24 11:55:56.364737,69,high,mixed
34,2024-06-24 19:57:11.771219,52,moderate,aerobic
34,2024-06-28 11:15:20.913583,79,moderate,aerobic
34,2024-06-28 18:46:32.326976,70,low,aerobic
35,2024-01-01 16:34:45.959472,58,moderate,aerobic
35,2024-01-01 20:48:47.950560,46,high,anaerobic
35,2024-01-03 08:30:56.357635,79,low,anaerobic
35,2024-01-07 13:59:57.003671,56,moderate,anaerobic
35,2024-01-17 17:37:01.647153,69,low,mixed
35,2024-01-18 18:43:21.249394,48,moderate,aerobic
35,2024-01-19 16:08:55.931601,30,moderate,aerobic
35,2024-01-20 19:24:29.253470,42,moderate,anaerobic
35,2024-01-21 08:52:33.360808,42,low,aerobic
35,2024-01-28 19:27:33.774993,49,low,aerobic
35,2024-02-02 19:05:06.685810,79,moderate,aerobic
35,2024-02-03 19:59:44.922919,74,moderate,aerobic
35,2024-02-08 09:24:28.780927,20,low,anaerobic
35,2024-02-10 08:18:57.237922,61,moderate,aerobic
35,2024-02-12 11:03:49.674472,50,moderate,mixed
35,2024-02-13 19:46:10.755717,20,low,aerobic
35,2024-02-17 17:15:30.188295,67,high,mixed
35,2024-02-20 16:52:25.925348,68,low,aerobic
35,2024-02-23 21:00:24.324954,71,low,aerobic
35,2024-03-07 10:28:32.876366,62,high,aerobic
35,2024-03-08 20:19:15.797794,59,moderate,mixed
35,2024-03-12 17:28:00.901014,59,moderate,mixed
35,2024-03-17 10:02:11.550689,74,moderate,mixed
35,2024-03-17 12:23:52.803399,45,moderate,aerobic
35,2024-03-19 09:46:48.910173,24,high,mixed
35,2024-03-19 16:25:22.339868,53,moderate,mixed
35,2024-03-23 18:20:33.345042,59,moderate,aerobic
35,2024-03-31 15:13:52.715880,39,moderate,aerobic
35,2024-03-31 17:17:39.941966,52,moderate,aerobic
35,2024-04-01 13:19:12.195340,53,high,aerobic
35,2024-04-01 18:14:39.916594,46,moderate,aerobic
35,2024-04-13 09:42:44.656901,77,high,aerobic
35,2024-04-15 07:43:18.299387,51,high,aerobic
35,2024-04-18 18:36:05.022723,26,moderate,aerobic
35,2024-04-21 11:39:52.840070,24,low,aerobic
35,2024-04-21 19:51:30.580026,34,low,aerobic
35,2024-04-22 15:37:39.246938,22,low,aerobic
35,2024-04-24 11:54:34.086316,44,high,aerobic
35,2024-04-28 19:13:24.315484,43,high,anaerobic
35,2024-04-30 16:57:53.625243,77,moderate,aerobic
35,2024-05-09 17:53:45.864397,30,high,aerobic
35,2024-05-10 09:41:07.415509,52,moderate,aerobic
35,2024-05-10 15:33:59.065489,22,low,anaerobic
35,2024-05-12 12:48:11.634242,67,moderate,anaerobic
35,2024-05-14 13:58:27.725899,61,moderate,aerobic
35,2024-05-15 08:15:01.668206,45,moderate,aerobic
35,2024-05-21 13:27:12.792659,20,moderate,aerobic
35,2024-05-30 18:05:13.235034,34,low,aerobic
35,2024-06-04 11:40:26.137543,60,low,anaerobic
35,2024-06-04 12:55:59.518574,66,moderate,aerobic
35,2024-06-06 20:25:53.742613,61,low,mixed
35,2024-06-08 19:58:35.599137,72,low,aerobic
35,2024-06-12 16:42:51.284668,46,low,aerobic
35,2024-06-15 14:22:16.432202,32,moderate,aerobic
35,2024-06-17 18:42:59.517598,42,moderate,aerobic
35,2024-06-21 14:11:27.134299,37,low,aerobic
35,2024-06-26 17:11:47.301133,74,low,mixed
35,2024-06-27 10:38:14.498363,66,moderate,aerobic
35,2024-06-28 09:38:10.662831,64,low,mixed
36,2024-01-01 19:47:04.654216,52,low,anaerobic
36,2024-01-02 20:03:15.215688,56,high,anaerobic
36,2024-01-05 13:19:28.581989,56,moderate,aerobic
36,2024-01-05 18:12:18.682996,54,moderate,anaerobic
36,2024-01-09 17:05:41.016391,41,low,anaerobic
36,2024-01-10 14:18:56.269157,39,low,aerobic
36,2024-01-12 18:41:21.186048,63,low,aerobic
36,2024-01-15 20:08:36.038089,52,low,mixed
36,2024-01-16 11:06:08.168287,21,moderate,aerobic
36,2024-01-18 17:35:23.181075,21,high,aerobic
36,2024-01-21 18:40:35.990866,34,moderate,aerobic
36,2024-02-01 11:22:39.771304,31,low,mixed
36,2024-02-04 09:05:58.487064,49,high,anaerobic
36,2024-02-08 17:04:44.534842,51,low,aerobic
36,2024-02-09 17:36:09.450921,66,moderate,anaerobic
36,2024-02-14 15:28:00.094611,47,moderate,aerobic
36,2024-02-15 10:36:29.410898,24,moderate,anaerobic
36,2024-02-17 14:26:36.464795,66,low,mixed
36,2024-02-18 14:24:53.962073,77,moderate,anaerobic
36,2024-02-19 14:48:09.559019,64,low,mixed
36,2024-02-22 15:51:50.161638,72,moderate,mixed
36,2024-02-26 10:45:49.440052,46,moderate,mixed
36,2024-03-02 15:29:34.761474,56,low,aerobic
36,2024-03-05 17:11:07.518036,47,high,mixed
36,2024-03-07 17:32:31.955130,74,moderate,aerobic
36,2024-03-10 17:03:11.864813,31,moderate,aerobic
36,2024-03-11 07:43:50.901565,21,high,mixed
36,2024-03-11 14:05:01.142029,67,high,mixed
36,2024-03-14 19:55:40.737770,40,low,aerobic
36,2024-03-17 18:19:39.399101,41,moderate,anaerobic
36,2024-03-21 17:48:50.157499,39,low,aerobic
36,2024-03-22 18:03:37.339390,53,low,mixed
36,2024-03-24 12:24:29.603225,55,moderate,mixed
36,2024-03-25 20:03:46.951744,25,moderate,aerobic
36,2024-03-26 16:19:29.545355,54,moderate,aerobic
36,2024-03-27 12:23:01.667225,76,high,mixed
36,2024-03-31 15:37:21.259786,34,moderate,aerobic
36,2024-03-31 19:36:09.150050,61,moderate,aerobic
36,2024-04-04 08:49:25.463763,77,moderate,anaerobic
36,2024-04-07 10:40:53.071315,52,moderate,mixed
36,2024-04-08 07:52:05.536811,27,moderate,anaerobic
36,2024-04-08 09:04:49.405657,49,moderate,mixed
36,2024-04-09 10:14:51.758730,54,low,aerobic
36,2024-04-11 12:08:38.657593,54,moderate,aerobic
36,2024-04-13 10:57:46.594583,27,high,mixed
36,2024-04-14 13:42:42.297265,68,moderate,mixed
36,2024-04-16 08:59:58.939744,44,high,mixed
36,2024-04-16 18:27:40.880973,78,moderate,mixed
36,2024-04-17 17:39:11.825790,54,moderate,anaerobic
36,2024-04-17 19:44:47.438535,66,low,mixed
36,2024-04-21 18:10:40.026143,68,moderate,mixed
36,2024-04-22 12:28:25.052584,44,moderate,aerobic
36,2024-04-23 17:45:05.611445,52,moderate,mixed
36,2024-04-26 13:11:42.143675,36,moderate,aerobic
36,2024-04-30 14:08:55.656350,56,moderate,anaerobic
36,2024-05-03 07:08:46.016861,30,moderate,aerobic
36,2024-05-03 17:30:28.648284,61,moderate,aerobic
36,2024-05-07 14:04:23.768569,36,high,anaerobic
36,2024-05-10 08:05:10.732955,73,moderate,mixed
36,2024-05-10 19:12:23.370236,49,low,mixed
36,2024-05-11 18:45:54.150442,77,high,aerobic
36,2024-05-13 12:06:40.511006,61,low,mixed
36,2024-05-15 15:50:04.424815,58,high,mixed
36,2024-05-17 17:22:56.928344,61,moderate,aerobic
36,2024-05-17 17:18:07.958683,25,high,aerobic
36,2024-05-22 10:23:19.521639,35,moderate,aerobic
36,2024-05-25 08:13:10.016099,74,high,aerobic
36,2024-05-25 13:10:18.791822,68,moderate,mixed
36,2024-06-02 12:44:05.053422,72,low,mixed
36,2024-06-03 15:39:04.797228,49,high,aerobic
36,2024-06-04 10:19:25.345983,54,moderate,aerobic
36,2024-06-06 08:33:17.493899,61,moderate,aerobic
36,2024-06-10 16:44:09.361412,74,high,anaerobic
36,2024-06-10 18:20:24.627115,74,moderate,aerobic
36,2024-06-11 12:36:48.326512,42,moderate,mixed
36,2024-06-11 20:04:01.778225,46,low,anaerobic
36,2024-06-12 14:53:47.577069,75,moderate,anaerobic
36,2024-06-15 09:15:28.816507,59,low,aerobic
36,2024-06-18 07:55:41.659789,62,moderate,aerobic
36,2024-06-27 09:52:32.672132,32,moderate,mixed
36,2024-06-27 10:58:25.404992,67,moderate,aerobic
37,2024-01-07 09:27:04.060657,42,low,mixed
37,2024-01-13 15:09:16.803748,47,high,aerobic
37,2024-01-16 09:50:45.964855,36,moderate,aerobic
37,2024-01-19 16:08:13.387670,47,moderate,anaerobic
37,2024-01-21 20:40:32.432351,55,high,aerobic
37,2024-01-24 11:40:39.442690,73,moderate,mixed
37,2024-01-24 20:45:05.871135,75,moderate,aerobic
37,2024-01-31 09:37:25.552905,55,moderate,mixed
37,2024-01-31 20:42:55.942567,65,moderate,anaerobic
37,2024-02-04 10:22:02.500227,38,low,aerobic
37,2024-02-05 13:22:20.483102,77,moderate,aerobic
37,2024-02-06 10:06:14.744083,75,low,mixed
37,2024-02-08 07:52:50.778329,21,low,mixed
37,2024-02-12 10:57:28.230033,56,low,mixed
37,2024-02-13 18:24:52.423507,27,high,aerobic
37,2024-02-14 12:50:48.683322,68,high,aerobic
37,2024-02-14 20:29:02.995960,71,low,aerobic
37,2024-02-17 15:51:02.001056,52,moderate,aerobic
37,2024-02-17 19:18:15.935321,60,high,aerobic
37,2024-02-20 11:16:43.957187,46,low,aerobic
37,2024-02-21 12:18:01.309365,31,moderate,aerobic
37,2024-02-25 12:36:02.317608,76,high,anaerobic
37,2024-02-26 18:35:57.663319,66,moderate,mixed
37,2024-02-28 16:26:43.638320,79,moderate,aerobic
37,2024-02-29 17:49:27.129533,34,moderate,anaerobic
37,2024-03-04 15:51:59.989630,40,moderate,aerobic
37,2024-03-04 20:52:10.121315,23,high,aerobic
37,2024-03-08 13:40:32.951201,77,moderate,aerobic
37,2024-03-10 20:03:37.649612,73,moderate,aerobic
37,2024-03-11 11:52:04.194464,54,low,aerobic
37,2024-03-14 19:26:51.313232,73,low,mixed
37,2024-03-16 12:11:07.878010,59,low,aerobic
37,2024-03-18 08:40:52.746498,52,moderate,aerobic
37,2024-03-18 15:42:10.774035,23,low,aerobic
37,2024-03-19 10:09:59.341578,30,moderate,aerobic
37,2024-03-19 12:52:52.113469,33,high,aerobic
37,2024-03-21 13:16:19.775444,64,moderate,mixed
37,2024-03-22 07:58:09.996478,38,moderate,aerobic
37,2024-03-23 18:28:54.319050,50,low,mixed
37,2024-03-24 11:23:44.480214,43,moderate,mixed
37,2024-03-25 09:14:28.290172,66,low,aerobic
37,2024-03-26 18:00:54.231681,70,low,anaerobic
37,2024-03-27 17:46:43.133965,33,moderate,aerobic
37,2024-03-29 14:23:18.871925,75,low,anaerobic
37,2024-03-31 20:05:04.697840,68,low,mixed
37,2024-04-02 10:08:33.294491,59,moderate,mixed
37,2024-04-06 10:53:44.471314,44,moderate,mixed
37,2024-04-07 20:33:58.979006,64,moderate,anaerobic
37,2024-04-13 10:41:51.070514,61,high,aerobic
37,2024-04-14 11:27:28.736229,40,high,aerobic
37,2024-04-14 20:39:15.668228,39,low,anaerobic
37,2024-04-20 17:50:38.450585,41,moderate,mixed
37,2024-04-21 16:42:59.519708,76,moderate,aerobic
37,2024-05-01 17:59:48.387326,39,moderate,aerobic
37,2024-05-03 20:57:07.040478,64,high,aerobic
37,2024-05-04 11:49:40.975097,52,low,aerobic
37,2024-05-07 17:05:16.345392,41,high,aerobic
37,2024-05-17 19:26:28.775278,46,moderate,aerobic
37,2024-05-18 18:53:48.476313,33,moderate,anaerobic
37,2024-05-20 17:10:43.328824,57,low,mixed
37,2024-05-21 12:59:06.513421,55,moderate,aerobic
37,2024-05-24 14:49:19.916226,21,moderate,aerobic
37,2024-05-25 13:25:30.052285,28,high,aerobic
37,2024-05-31 09:39:39.826922,45,low,mixed
37,2024-06-02 07:47:57.861173,32,moderate,aerobic
37,2024-06-03 09:19:04.823090,50,moderate,mixed
37,2024-06-05 18:48:03.019056,73,moderate,aerobic
37,2024-06-06 16:08:17.252823,51,high,aerobic
37,2024-06-08 17:21:26.525694,45,moderate,anaerobic
37,2024-06-08 21:02:13.559592,51,high,anaerobic
37,2024-06-11 08:58:43.926783,79,moderate,aerobic
37,2024-06-15 12:45:33.042826,56,high,aerobic
37,2024-06-17 08:39:27.828196,66,high,anaerobic
37,2024-06-17 15:14:06.335987,65,low,anaerobic
37,2024-06-21 09:45:49.176511,33,low,aerobic
37,2024-06-23 17:22:23.503386,34,moderate,aerobic
38,2024-01-07 20:07:38.711839,67,moderate,mixed
38,2024-01-08 08:27:27.837979,31,high,anaerobic
38,2024-01-12 16:23:54.177332,38,low,aerobic
38,2024-01-13 07:50:10.868674,56,moderate,aerobic
38,2024-01-21 16:04:29.761118,38,moderate,anaerobic
38,2024-01-28 17:50:47.848272,29,moderate,aerobic
38,2024-01-29 14:40:07.595192,57,moderate,aerobic
38,2024-01-30 16:07:03.395400,67,moderate,anaerobic
38,2024-02-02 09:52:46.410714,61,low,aerobic
38,2024-02-05 08:19:18.286732,23,moderate,anaerobic
38,2024-02-10 20:24:45.530824,21,moderate,aerobic
38,2024-02-16 10:34:52.565806,28,high,aerobic
38,2024-02-17 16:35:13.346597,32,high,anaerobic
38,2024-02-21 20:53:48.768115,31,high,aerobic
38,2024-02-24 19:03:53.841948,53,moderate,aerobic
38,2024-02-26 19:05:40.396519,25,moderate,aerobic
38,2024-02-28 16:49:20.552277,29,low,aerobic
38,2024-02-29 11:06:30.708474,58,moderate,anaerobic
38,2024-02-29 17:02:35.645103,27,moderate,anaerobic
38,2024-03-11 08:46:06.312865,30,moderate,aerobic
38,2024-03-14 15:16:00.648633,33,moderate,aerobic
38,2024-03-25 14:20:12.899839,31,moderate,aerobic
38,2024-03-29 11:01:01.710281,74,low,aerobic
38,2024-04-01 20:26:41.630938,67,high,aerobic
38,2024-04-03 19:59:01.723747,77,moderate,aerobic
38,2024-04-05 19:37:24.741783,55,moderate,anaerobic
38,2024-04-07 16:23:45.384253,22,moderate,aerobic
38,2024-04-08 09:08:41.330478,68,moderate,aerobic
38,2024-04-09 11:56:39.450615,63,low,anaerobic
38,2024-04-19 16:48:55.839554,48,low,aerobic
38,2024-04-20 16:03:07.608176,61,high,anaerobic
38,2024-04-23 16:21:09.043943,72,high,anaerobic
38,2024-04-23 18:47:57.218680,24,high,aerobic
38,2024-04-24 16:59:28.538033,55,low,mixed
38,2024-04-27 09:51:47.805178,31,moderate,mixed
38,2024-04-29 10:15:46.956288,32,high,mixed
38,2024-05-03 08:38:06.473643,25,moderate,mixed
38,2024-05-06 07:47:15.306065,48,low,aerobic
38,2024-05-09 11:08:08.978596,63,high,aerobic
38,2024-05-09 19:07:27.035447,21,moderate,aerobic
38,2024-05-10 14:40:41.909908,71,moderate,mixed
38,2024-05-13 16:21:36.915958,42,low,mixed
38,2024-05-15 15:44:58.193844,71,moderate,aerobic
38,2024-05-15 17:45:04.095849,50,low,anaerobic
38,2024-05-18 19:46:02.010558,61,high,aerobic
38,2024-06-02 09:59:34.285823,35,moderate,aerobic
38,2024-06-23 12:10:35.879670,28,high,mixed
38,2024-06-26 13:33:34.316944,57,moderate,aerobic
39,2024-01-04 18:19:53.249794,66,high,anaerobic
39,2024-01-07 19:20:32.538432,28,moderate,anaerobic
39,2024-01-10 18:46:47.578531,78,high,anaerobic
39,2024-01-13 14:18:30.585685,63,low,anaerobic
39,2024-01-15 13:00:25.707459,22,moderate,mixed
39,2024-01-16 10:15:01.651878,79,high,mixed
39,2024-01-17 13:06:32.269498,29,moderate,mixed
39,2024-01-26 10:11:39.416435,39,moderate,anaerobic
39,2024-01-29 13:50:39.202746,33,low,mixed
39,2024-01-30 07:20:46.002633,71,moderate,aerobic
39,2024-01-31 14:50:45.469337,23,moderate,anaerobic
39,2024-02-08 12:52:58.254668,24,low,aerobic
39,2024-02-13 16:45:44.075304,28,moderate,anaerobic
39,2024-02-15 12:25:57.099906,68,moderate,aerobic
39,2024-02-15 19:25:24.101234,22,low,anaerobic
39,2024-02-29 14:34:19.530879,66,low,aerobic
39,2024-03-04 09:53:22.729627,76,moderate,mixed
39,2024-03-21 20:30:49.946265,62,moderate,aerobic
39,2024-03-22 12:51:11.236907,35,low,aerobic
39,2024-03-22 17:51:26.705463,46,moderate,aerobic
39,2024-03-25 17:12:09.242727,25,low,anaerobic
39,2024-03-28 07:22:42.611496,60,high,aerobic
39,2024-03-29 09:43:26.605045,73,low,mixed
39,2024-04-01 17:52:04.259581,64,moderate,anaerobic
39,2024-04-04 13:37:04.549873,61,low,aerobic
39,2024-04-09 09:10:33.661218,74,moderate,anaerobic
39,2024-04-09 21:09:15.105803,69,moderate,aerobic
39,2024-04-10 16:08:01.493883,21,moderate,anaerobic
39,2024-04-16 18:49:46.559577,57,high,aerobic
39,2024-04-17 08:52:41.719906,59,low,aerobic
39,2024-04-30 19:24:38.041268,61,low,aerobic
39,2024-05-08 14:27:37.386031,72,moderate,anaerobic
39,2024-05-11 13:24:02.033566,67,low,aerobic
39,2024-05-24 11:04:53.022010,64,moderate,aerobic
39,2024-05-28 15:29:07.004223,66,low,mixed
39,2024-05-29 19:07:32.541113,44,low,aerobic
39,2024-05-30 09:38:11.578569,47,low,anaerobic
39,2024-05-31 19:26:49.578052,22,moderate,mixed
39,2024-06-04 13:05:51.498940,76,high,mixed
39,2024-06-27 17:07:57.730710,30,moderate,mixed
40,2024-01-02 20:44:55.654393,47,moderate,anaerobic
40,2024-01-04 18:52:12.022143,75,high,aerobic
40,2024-01-06 07:13:17.339946,41,moderate,aerobic
40,2024-01-12 18:34:08.202402,44,moderate,aerobic
40,2024-01-13 07:43:18.618107,79,high,aerobic
40,2024-01-14 18:53:15.246429,74,moderate,aerobic
40,2024-01-15 20:24:31.847537,38,moderate,aerobic
40,2024-01-19 19:15:45.703584,57,low,anaerobic
40,2024-01-23 20:47:29.162269,24,high,aerobic
40,2024-01-30 12:15:10.308180,34,moderate,aerobic
40,2024-01-30 13:11:41.307613,33,low,mixed
40,2024-02-02 14:55:10.565493,73,high,mixed
40,2024-02-02 18:16:28.158438,74,moderate,anaerobic
40,2024-02-03 12:21:03.447902,53,high,anaerobic
40,2024-02-11 12:00:08.070823,31,moderate,aerobic
40,2024-02-12 09:40:43.399459,77,high,mixed
40,2024-02-17 09:04:57.727970,50,high,mixed
40,2024-02-21 08:06:22.541914,79,moderate,anaerobic
40,2024-02-21 17:24:59.488684,44,moderate,aerobic
40,2024-02-22 17:43:27.110661,38,moderate,aerobic
40,2024-02-24 12:44:33.955683,44,low,mixed
40,2024-02-28 17:34:35.885138,52,low,mixed
40,2024-03-05 18:23:04.344427,66,moderate,mixed
40,2024-03-06 10:37:30.467430,38,moderate,aerobic
40,2024-03-08 16:18:09.264470,26,moderate,mixed
40,2024-03-10 12:10:37.967265,64,moderate,anaerobic
40,2024-03-11 08:27:44.547979,29,moderate,mixed
40,2024-03-11 21:04:42.145713,28,moderate,aerobic
40,2024-03-18 12:37:39.681040,53,high,aerobic
40,2024-03-20 12:36:07.908020,44,moderate,aerobic
40,2024-03-20 14:00:20.666999,71,moderate,aerobic
40,2024-03-23 20:55:41.927785,56,moderate,aerobic
40,2024-03-24 19:52:52.326094,26,low,aerobic
40,2024-03-24 20:27:12.024028,22,low,mixed
40,2024-03-25 15:37:30.668116,33,moderate,aerobic
40,2024-04-02 20:58:28.130647,69,moderate,aerobic
40,2024-04-03 10:30:23.271287,70,moderate,aerobic
40,2024-04-03 20:21:48.902655,66,low,anaerobic
40,2024-04-07 16:20:04.502372,60,high,aerobic
40,2024-04-08 08:37:11.152826,38,moderate,aerobic
40,2024-04-09 17:17:08.707609,45,low,aerobic
40,2024-04-11 08:51:11.400814,68,low,aerobic
40,2024-04-12 11:42:13.297088,75,moderate,anaerobic
40,2024-04-12 16:38:10.878579,28,moderate,aerobic
40,2024-04-14 10:50:35.431430,58,moderate,aerobic
40,2024-04-14 12:19:24.953291,22,high,mixed
40,2024-04-25 13:20:39.938935,62,low,aerobic
40,2024-04-26 09:50:47.049902,75,high,mixed
40,2024-04-26 18:19:05.718396,63,low,aerobic
40,2024-04-27 08:54:00.636554,21,moderate,mixed
40,2024-04-28 07:14:14.687950,74,high,aerobic
40,2024-04-28 19:53:06.739712,61,high,anaerobic
40,2024-04-29 18:36:02.987231,28,moderate,anaerobic
40,2024-05-02 09:41:04.619994,32,low,mixed
40,2024-05-03 15:21:35.163143,39,moderate,aerobic
40,2024-05-03 17:13:10.135536,47,low,aerobic
40,2024-05-07 14:47:58.497465,26,moderate,aerobic
40,2024-05-11 10:30:42.610167,24,low,anaerobic
40,2024-05-14 15:26:33.392440,50,high,anaerobic
40,2024-05-21 20:41:08.632054,37,low,aerobic
40,2024-05-23 18:43:48.954050,74,moderate,aerobic
40,2024-05-24 07:58:03.358911,60,moderate,aerobic
40,2024-05-25 13:59:36.244759,56,moderate,mixed
40,2024-05-27 13:58:59.449980,74,moderate,aerobic
40,2024-05-28 11:03:25.375993,35,moderate,aerobic
40,2024-05-29 15:06:23.167099,27,high,mixed
40,2024-05-31 18:55:35.276503,77,moderate,aerobic
40,2024-06-01 16:59:28.176883,20,moderate,mixed
40,2024-06-17 07:25:08.063869,74,moderate,anaerobic
40,2024-06-17 17:18:56.429284,31,moderate,aerobic
40,2024-06-21 07:31:13.298535,32,high,mixed
40,2024-06-23 08:58:56.781438,72,moderate,anaerobic
40,2024-06-24 09:45:59.745529,69,low,aerobic
40,2024-06-25 14:43:18.605240,43,moderate,aerobic
40,2024-06-27 20:26:31.678536,20,moderate,aerobic
40,2024-06-28 07:01:17.043815,70,moderate,aerobic
41,2024-01-01 14:27:43.394376,37,low,mixed
41,2024-01-07 11:56:40.021316,28,low,aerobic
41,2024-01-09 09:51:56.454239,51,low,aerobic
41,2024-01-15 15:41:04.859767,72,moderate,mixed
41,2024-01-16 14:59:11.216064,41,low,anaerobic
41,2024-01-24 21:00:53.278398,54,high,anaerobic
41,2024-01-25 09:01:36.195094,27,low,aerobic
41,2024-01-28 18:05:40.777470,59,moderate,aerobic
41,2024-01-31 17:14:04.695915,69,high,mixed
41,2024-02-01 12:28:05.649759,21,moderate,aerobic
41,2024-02-01 15:51:14.137643,58,moderate,aerobic
41,2024-02-02 10:22:25.514135,25,moderate,anaerobic
41,2024-02-04 18:12:23.215394,77,moderate,mixed
41,2024-02-05 20:25:52.775713,35,high,anaerobic
41,2024-02-06 12:53:51.253656,60,moderate,mixed
41,2024-02-08 08:56:36.258750,56,low,aerobic
41,2024-02-08 18:46:53.677708,71,moderate,mixed
41,2024-02-10 15:12:03.680905,39,moderate,mixed
41,2024-02-14 14:20:52.447036,49,moderate,aerobic
41,2024-02-15 19:10:01.754202,29,moderate,aerobic
41,2024-02-16 09:47:00.888367,79,low,aerobic
41,2024-02-18 16:56:24.810100,46,moderate,aerobic
41,2024-02-19 14:36:58.468125,45,moderate,aerobic
41,2024-02-20 15:52:12.413082,61,moderate,aerobic
41,2024-02-20 19:21:20.354218,62,moderate,mixed
41,2024-02-23 15:50:32.608526,58,high,anaerobic
41,2024-02-28 12:35:02.695053,27,low,aerobic
41,2024-03-01 19:49:10.379728,69,moderate,mixed
41,2024-03-07 10:42:23.597750,56,moderate,aerobic
41,2024-03-08 17:05:01.482338,43,moderate,anaerobic
41,2024-03-09 21:19:16.277233,45,low,mixed
41,2024-03-10 07:43:30.192283,55,moderate,anaerobic
41,2024-03-13 18:41:54.388488,22,low,aerobic
41,2024-03-20 09:58:12.520769,21,low,aerobic
41,2024-03-21 17:42:56.185981,64,moderate,mixed
41,2024-03-22 16:23:35.053691,53,high,aerobic
41,2024-03-24 12:04:30.718900,21,low,mixed
41,2024-03-25 20:59:01.818330,65,high,mixed
41,2024-03-27 20:44:41.843539,78,moderate,anaerobic
41,2024-03-28 10:39:03.897544,21,moderate,mixed
41,2024-04-03 07:37:10.331100,70,moderate,aerobic
41,2024-04-06 08:53:38.186141,66,moderate,anaerobic
41,2024-04-09 17:28:54.567555,74,low,aerobic
41,2024-04-09 19:51:14.923966,74,low,aerobic
41,2024-04-10 15:26:00.496961,25,high,mixed
41,2024-04-10 18:51:12.977091,31,low,aerobic
41,2024-04-12 13:37:02.278901,50,moderate,anaerobic
41,2024-04-12 20:48:03.496812,78,high,aerobic
41,2024-04-13 12:12:17.939947,51,moderate,aerobic
41,2024-04-14 14:27:10.429563,62,low,aerobic
41,2024-04-15 07:25:03.449812,72,high,mixed
41,2024-04-21 14:19:12.515377,32,low,aerobic
41,2024-04-25 14:33:36.946205,42,low,mixed
41,2024-04-25 20:35:08.297996,57,moderate,mixed
41,2024-04-26 16:22:01.529007,60,moderate,mixed
41,2024-04-29 14:37:25.187128,26,low,aerobic
41,2024-05-02 07:20:49.958250,49,moderate,mixed
41,2024-05-02 18:44:33.524356,26,low,mixed
41,2024-05-03 13:16:37.696705,27,moderate,anaerobic
41,2024-05-06 09:39:33.781766,55,moderate,aerobic
41,2024-05-06 15:19:22.519291,49,high,aerobic
41,2024-05-07 16:17:11.752240,39,moderate,anaerobic
41,2024-05-08 13:42:11.256276,74,low,mixed
41,2024-05-12 15:50:22.116150,41,moderate,anaerobic
41,2024-05-16 09:57:44.699496,51,low,aerobic
41,2024-05-19 15:37:18.569576,42,moderate,aerobic
41,2024-05-20 14:07:23.439210,78,low,mixed
41,2024-05-22 14:30:48.025776,59,low,mixed
41,2024-05-26 08:00:10.599912,37,low,mixed
41,2024-05-31 12:29:51.428089,47,high,aerobic
41,2024-06-03 10:34:10.365319,74,moderate,aerobic
41,2024-06-09 11:04:40.301327,48,low,aerobic
41,2024-06-10 18:17:03.130124,43,low,mixed
41,2024-06-13 18:38:24.381700,69,moderate,aerobic
41,2024-06-16 12:46:31.404721,66,low,aerobic
41,2024-06-16 15:02:27.070161,70,moderate,mixed
41,2024-06-18 10:30:56.368962,59,moderate,anaerobic
41,2024-06-18 13:46:11.897430,43,low,aerobic
41,2024-06-20 08:38:49.502180,62,moderate,mixed
41,2024-06-20 19:02:27.102113,49,moderate,aerobic
41,2024-06-24 14:32:23.742449,55,moderate,aerobic
41,2024-06-25 20:32:26.833261,76,moderate,mixed
41,2024-06-27 11:23:00.789628,74,moderate,mixed
41,2024-06-28 18:00:30.189115,21,moderate,anaerobic
42,2024-01-04 09:51:37.849244,35,moderate,aerobic
42,2024-01-09 15:29:42.748151,43,moderate,mixed
42,2024-01-17 14:15:00.140909,23,moderate,aerobic
42,2024-01-20 13:27:38.999712,22,high,mixed
42,2024-02-05 10:36:13.062352,72,moderate,aerobic
42,2024-02-08 12:52:38.280968,79,moderate,mixed
42,2024-02-09 14:00:24.312881,55,moderate,aerobic
42,2024-02-11 17:23:43.825758,37,high,anaerobic
42,2024-02-18 17:36:31.893866,20,high,aerobic
42,2024-02-24 18:48:35.852791,73,moderate,aerobic
42,2024-02-29 13:56:55.621908,36,moderate,mixed
42,2024-02-29 15:08:54.953257,72,high,aerobic
42,2024-03-02 20:56:30.514368,70,low,anaerobic
42,2024-03-05 09:06:42.511196,52,high,aerobic
42,2024-03-06 16:54:42.900702,40,low,anaerobic
42,2024-03-08 20:36:59.363929,45,low,mixed
42,2024-03-10 15:36:25.847282,74,high,aerobic
42,2024-03-13 13:42:13.487075,28,high,mixed
42,2024-03-26 10:31:19.728693,30,low,mixed
42,2024-03-28 20:52:11.068820,29,moderate,mixed
42,2024-03-30 12:37:55.728387,44,high,aerobic
42,2024-03-30 17:29:05.573995,57,moderate,anaerobic
42,2024-04-01 08:45:56.297501,24,moderate,anaerobic
42,2024-04-11 18:00:17.632906,26,low,aerobic
42,2024-04-12 14:20:44.163065,47,low,mixed
42,2024-04-16 07:51:40.192279,29,moderate,aerobic
42,2024-04-19 20:47:40.721230,36,moderate,aerobic
42,2024-04-21 19:34:35.395303,65,high,aerobic
42,2024-04-22 10:40:13.965512,49,low,aerobic
42,2024-04-30 16:00:26.474052,22,low,aerobic
42,2024-05-03 15:53:57.433150,47,moderate,aerobic
42,2024-05-12 14:53:11.480742,32,moderate,mixed
42,2024-05-13 09:08:14.002551,66,high,anaerobic
42,2024-05-16 13:27:06.910620,79,low,aerobic
42,2024-05-23 14:59:12.147072,70,low,anaerobic
42,2024-05-25 20:14:01.565830,29,high,mixed
42,2024-05-29 14:04:50.443297,49,moderate,aerobic
42,2024-05-30 14:09:02.362287,70,moderate,mixed
42,2024-06-03 10:34:32.929474,53,moderate,anaerobic
42,2024-06-08 07:46:15.864073,20,moderate,mixed
42,2024-06-20 16:24:26.678906,52,moderate,aerobic
42,2024-06-22 16:16:46.917706,48,high,aerobic
42,2024-06-23 16:39:11.926129,32,moderate,aerobic
42,2024-06-23 18:45:37.482780,54,high,aerobic
42,2024-06-26 07:38:08.761840,66,moderate,aerobic
43,2024-01-01 09:41:51.197072,44,moderate,aerobic
43,2024-01-04 18:45:29.628564,78,low,aerobic
43,2024-01-05 10:41:18.036441,33,low,aerobic
43,2024-01-05 16:37:03.817123,77,high,anaerobic
43,2024-01-08 18:05:35.924230,68,low,mixed
43,2024-01-10 16:36:55.840583,59,high,mixed
43,2024-01-13 07:43:34.602271,42,low,aerobic
43,2024-01-13 08:22:57.001944,78,low,aerobic
43,2024-01-15 20:22:26.915284,62,high,anaerobic
43,2024-01-22 15:00:47.065478,41,moderate,mixed
43,2024-01-23 15:18:58.890496,33,low,mixed
43,2024-01-24 20:17:19.566803,68,moderate,aerobic
43,2024-01-29 16:14:25.929708,22,moderate,anaerobic
43,2024-01-31 08:33:53.067144,39,low,mixed
43,2024-02-01 12:41:17.065622,34,moderate,mixed
43,2024-02-03 18:24:31.466970,23,high,aerobic
43,2024-02-08 20:07:43.141551,36,high,aerobic
43,2024-02-09 12:57:13.030781,39,high,anaerobic
43,2024-02-09 16:51:00.404223,38,high,aerobic
43,2024-02-14 14:59:59.604993,49,moderate,aerobic
43,2024-02-17 19:23:58.147358,42,moderate,aerobic
43,2024-02-20 12:41:10.315722,24,low,aerobic
43,2024-02-24 19:54:57.654817,46,moderate,anaerobic
43,2024-02-25 07:11:55.247255,72,moderate,mixed
43,2024-02-28 18:18:03.734823,70,low,mixed
43,2024-02-29 11:04:41.502037,79,moderate,aerobic
43,2024-03-03 16:13:02.507342,60,moderate,anaerobic
43,2024-03-08 07:41:18.095268,70,low,mixed
43,2024-03-08 13:59:38.551465,79,moderate,anaerobic
43,2024-03-09 12:43:00.846005,78,moderate,aerobic
43,2024-03-11 15:50:26.818441,23,high,aerobic
43,2024-03-16 11:18:36.801805,25,moderate,aerobic
43,2024-03-19 18:33:45.140481,56,moderate,aerobic
43,2024-03-26 19:36:03.286571,29,low,aerobic
43,2024-03-27 16:12:15.026779,65,moderate,mixed
43,2024-03-28 11:08:08.037356,21,low,mixed
43,2024-03-28 16:32:57.976913,48,low,aerobic
43,2024-04-05 10:03:41.721182,31,moderate,anaerobic
43,2024-04-07 16:33:32.467194,77,moderate,anaerobic
43,2024-04-08 14:52:10.037485,31,moderate,mixed
43,2024-04-12 16:57:53.877126,49,moderate,mixed
43,2024-04-12 19:25:35.099797,20,low,mixed
43,2024-04-18 07:11:11.696944,42,moderate,anaerobic
43,2024-04-18 19:55:37.141508,65,high,anaerobic
43,2024-04-19 08:10:53.159204,24,moderate,anaerobic
43,2024-04-22 14:23:06.523986,54,low,anaerobic
43,2024-04-27 14:40:26.941060,64,high,anaerobic
43,2024-05-02 14:15:44.050289,32,moderate,aerobic
43,2024-05-02 17:29:04.530359,63,moderate,anaerobic
43,2024-05-08 10:17:37.002115,64,high,aerobic
43,2024-05-09 18:55:52.084325,43,moderate,aerobic
43,2024-05-10 08:36:06.206637,54,high,anaerobic
43,2024-05-10 17:32:09.248545,54,moderate,aerobic
43,2024-05-13 16:54:55.372807,78,high,aerobic
43,2024-05-14 09:13:04.653075,73,moderate,mixed
43,2024-05-14 13:18:29.563596,76,high,anaerobic
43,2024-05-18 08:45:24.775369,32,moderate,aerobic
43,2024-05-25 21:13:40.372300,41,moderate,aerobic
43,2024-05-31 16:28:38.627051,45,moderate,mixed
43,2024-06-06 08:52:54.023592,22,low,aerobic
43,2024-06-08 14:36:47.960885,41,low,mixed
43,2024-06-10 15:25:23.451161,69,high,anaerobic
43,2024-06-11 12:58:52.182610,50,low,mixed
43,2024-06-11 18:13:34.602087,29,high,anaerobic
43,2024-06-14 18:14:18.801407,60,moderate,mixed
43,2024-06-18 13:44:41.184594,48,low,mixed
43,2024-06-27 17:33:55.439399,42,moderate,aerobic
44,2024-01-01 14:17:13.639799,39,moderate,aerobic
44,2024-01-02 07:34:58.176881,51,moderate,anaerobic
44,2024-01-05 13:54:08.664414,25,low,mixed
44,2024-01-09 11:06:15.544454,50,moderate,mixed
44,2024-01-10 12:45:03.284979,72,moderate,aerobic
44,2024-01-11 17:36:41.550439,26,low,aerobic
44,2024-01-14 16:58:33.397534,65,moderate,anaerobic
44,2024-01-16 12:45:19.358715,67,moderate,aerobic
44,2024-01-17 15:12:38.549774,63,moderate,aerobic
44,2024-01-24 11:52:51.892055,59,low,mixed
44,2024-02-02 09:13:35.545840,64,moderate,aerobic
44,2024-02-04 08:56:42.986217,66,moderate,aerobic
44,2024-02-08 09:02:04.939459,34,moderate,mixed
44,2024-02-08 19:16:14.001207,36,moderate,anaerobic
44,2024-02-09 18:38:58.848369,31,high,aerobic
44,2024-02-09 19:11:45.455375,66,moderate,aerobic
44,2024-02-11 09:06:32.532601,41,low,aerobic
44,2024-02-16 16:19:02.580904,58,low,mixed
44,2024-02-20 07:23:29.322070,51,low,mixed
44,2024-02-24 10:48:30.237066,77,high,aerobic
44,2024-02-25 17:35:30.121570,32,moderate,anaerobic
44,2024-02-26 15:04:57.892731,76,moderate,anaerobic
44,2024-02-27 09:41:22.547854,51,moderate,mixed
44,2024-02-29 17:24:18.517973,33,low,mixed
44,2024-03-01 15:56:10.740723,71,moderate,anaerobic
44,2024-03-09 14:06:56.506908,35,moderate,aerobic
44,2024-03-10 08:14:46.526802,53,moderate,aerobic
44,2024-03-14 10:30:45.193756,49,low,anaerobic
44,2024-03-17 17:17:40.998605,23,moderate,aerobic
44,2024-03-22 18:05:44.654335,41,moderate,aerobic
44,2024-03-22 18:56:51.034449,25,low,mixed
44,2024-03-23 08:10:17.864330,47,moderate,aerobic
44,2024-03-24 14:37:02.349291,47,low,aerobic
44,2024-03-26 08:33:48.166369,48,moderate,mixed
44,2024-03-31 07:12:05.409799,73,moderate,anaerobic
44,2024-04-02 16:49:29.909289,40,high,aerobic
44,2024-04-03 12:29:19.265987,69,moderate,aerobic
44,2024-04-04 12:38:08.068891,28,high,anaerobic
44,2024-04-05 17:41:24.314436,35,low,mixed
44,2024-04-07 15:33:47.220874,38,low,anaerobic
44,2024-04-07 17:34:49.510555,62,moderate,anaerobic
44,2024-04-10 07:14:13.786795,44,low,anaerobic
44,2024-04-11 14:09:44.462072,40,moderate,anaerobic
44,2024-04-13 08:06:10.288312,36,high,mixed
44,2024-04-14 20:21:17.896374,32,low,mixed
44,2024-04-16 14:12:13.207576,75,moderate,aerobic
44,2024-04-16 20:22:20.277999,42,moderate,anaerobic
44,2024-04-17 19:56:04.883808,67,low,aerobic
44,2024-04-18 10:18:11.058174,37,low,aerobic
44,2024-04-20 20:57:42.187982,31,moderate,anaerobic
44,2024-04-22 12:34:16.659183,20,low,mixed
44,2024-05-06 09:53:00.222180,44,low,aerobic
44,2024-05-06 20:38:38.101873,65,moderate,aerobic
44,2024-05-09 19:43:26.121692,65,low,aerobic
44,2024-05-13 11:12:03.647440,55,moderate,mixed
44,2024-05-15 12:50:05.965511,26,moderate,anaerobic
44,2024-05-15 19:52:48.374403,43,moderate,anaerobic
44,2024-05-16 13:43:42.962930,29,moderate,aerobic
44,2024-05-16 15:50:44.601783,42,moderate,mixed
44,2024-05-18 13:16:01.344149,79,low,mixed
44,2024-05-19 17:32:07.203034,49,low,aerobic
44,2024-05-20 09:58:05.784122,41,high,anaerobic
44,2024-05-20 15:37:49.880671,79,low,aerobic
44,2024-05-22 10:03:22.325953,74,low,anaerobic
44,2024-05-23 15:47:57.388496,50,low,mixed
44,2024-05-26 12:12:50.963376,67,low,anaerobic
44,2024-05-27 18:49:51.061784,49,low,aerobic
44,2024-05-29 09:38:47.697484,65,moderate,aerobic
44,2024-06-02 08:06:06.767728,36,high,aerobic
44,2024-06-04 20:10:29.478286,79,low,aerobic
44,2024-06-06 09:47:04.956645,61,moderate,anaerobic
44,2024-06-06 17:47:18.304884,57,moderate,anaerobic
44,2024-06-08 18:29:06.701152,60,high,mixed
44,2024-06-09 18:19:08.009925,35,low,anaerobic
44,2024-06-13 15:51:30.795304,66,moderate,aerobic
44,2024-06-13 20:37:19.726635,49,low,aerobic
44,2024-06-15 10:35:32.717009,67,high,mixed
44,2024-06-18 08:00:43.340234,46,low,mixed
44,2024-06-21 12:15:37.137984,54,moderate,aerobic
44,2024-06-26 17:07:21.200271,45,low,aerobic
45,2024-01-01 10:35:49.387811,71,low,mixed
45,2024-01-03 13:25:24.260474,65,high,anaerobic
45,2024-01-03 16:52:09.453779,72,moderate,aerobic
45,2024-01-07 15:33:53.506002,34,moderate,aerobic
45,2024-01-12 10:01:16.132529,25,moderate,aerobic
45,2024-01-13 20:25:10.221430,27,high,aerobic
45,2024-01-17 17:20:22.586483,64,moderate,aerobic
45,2024-01-28 17:31:35.505109,28,moderate,aerobic
45,2024-01-29 21:08:03.413636,62,moderate,anaerobic
45,2024-01-30 11:02:21.456390,56,low,mixed
45,2024-02-01 08:46:17.123807,64,high,anaerobic
45,2024-02-05 18:03:25.454254,54,moderate,aerobic
45,2024-02-06 18:49:17.474443,56,high,aerobic
45,2024-02-07 21:08:08.702326,78,high,mixed
45,2024-02-12 14:14:32.282949,29,moderate,aerobic
45,2024-02-13 07:25:32.017508,51,low,aerobic
45,2024-02-14 09:07:24.867724,35,moderate,anaerobic
45,2024-02-17 19:02:35.621272,67,high,aerobic
45,2024-02-22 09:32:29.426536,63,high,anaerobic
45,2024-02-24 10:26:16.836609,55,low,anaerobic
45,2024-02-25 11:29:01.102005,55,moderate,aerobic
45,2024-02-26 16:12:37.137924,21,low,aerobic
45,2024-03-02 12:21:46.135854,75,low,mixed
45,2024-03-03 07:45:11.804992,20,high,anaerobic
45,2024-03-04 16:56:26.648746,29,low,aerobic
45,2024-03-07 09:56:21.450259,63,low,aerobic
45,2024-03-07 17:40:02.645438,56,high,anaerobic
45,2024-03-10 10:29:05.338495,76,moderate,aerobic
45,2024-03-11 19:31:29.684333,62,moderate,mixed
45,2024-03-16 15:46:19.215477,63,moderate,aerobic
45,2024-03-17 20:56:07.744387,59,moderate,aerobic
45,2024-03-21 17:40:43.355627,26,moderate,aerobic
45,2024-03-22 07:25:25.276880,25,moderate,anaerobic
45,2024-03-23 14:14:24.628883,76,moderate,aerobic
45,2024-03-26 19:21:05.330928,54,moderate,anaerobic
45,2024-03-27 15:40:51.808608,74,low,aerobic
45,2024-03-28 13:18:58.324900,24,moderate,anaerobic
45,2024-03-29 10:50:58.981000,32,high,anaerobic
45,2024-04-03 13:57:24.338567,59,moderate,aerobic
45,2024-04-09 16:55:34.597166,71,low,mixed
45,2024-04-12 17:35:03.689037,78,high,anaerobic
45,2024-04-12 18:07:01.513497,43,low,mixed
45,2024-04-13 14:10:06.314621,78,high,aerobic
45,2024-04-15 08:58:29.358929,74,moderate,aerobic
45,2024-04-17 08:59:59.855007,32,moderate,anaerobic
45,2024-04-19 09:37:46.257407,57,moderate,aerobic
45,2024-04-19 11:25:46.140603,65,low,aerobic
45,2024-04-22 12:30:22.409900,35,low,anaerobic
45,2024-04-24 07:31:53.130348,72,low,aerobic
45,2024-04-25 18:03:17.871211,23,low,aerobic
45,2024-04-28 10:48:27.789811,32,moderate,aerobic
45,2024-05-02 13:06:05.678684,26,high,aerobic
45,2024-05-07 08:51:33.854482,28,high,aerobic
45,2024-05-12 15:11:27.737663,45,moderate,aerobic
45,2024-05-13 16:56:39.615580,50,moderate,aerobic
45,2024-05-18 15:07:39.310390,51,low,aerobic
45,2024-05-19 16:58:33.103353,28,moderate,aerobic
45,2024-05-22 19:13:01.521638,55,moderate,mixed
45,2024-05-25 09:18:28.421147,59,moderate,mixed
45,2024-05-29 12:38:35.362427,77,high,mixed
45,2024-05-31 09:13:23.019082,43,low,mixed
45,2024-06-01 14:05:58.511284,26,low,aerobic
45,2024-06-01 19:50:54.637742,64,low,aerobic
45,2024-06-03 10:12:45.400528,51,moderate,anaerobic
45,2024-06-08 11:37:30.176585,40,low,anaerobic
45,2024-06-08 12:12:22.588330,48,low,mixed
45,2024-06-09 20:39:07.438988,43,low,aerobic
45,2024-06-11 12:34:45.193729,66,low,aerobic
45,2024-06-12 10:55:25.777283,27,low,aerobic
45,2024-06-13 14:54:05.194033,57,moderate,aerobic
45,2024-06-15 13:07:52.218433,31,moderate,aerobic
45,2024-06-16 12:46:53.539945,54,low,anaerobic
45,2024-06-16 15:46:29.427907,45,moderate,aerobic
45,2024-06-20 19:23:06.487101,78,low,anaerobic
45,2024-06-23 20:32:00.970145,33,moderate,aerobic
45,2024-06-25 15:28:06.785587,69,low,aerobic
45,2024-06-27 18:59:28.802926,59,moderate,mixed
45,2024-06-28 07:58:04.577644,37,moderate,anaerobic
46,2024-01-01 08:24:17.037933,54,moderate,anaerobic
46,2024-01-03 20:28:46.962941,52,moderate,mixed
46,2024-01-04 20:28:25.794689,63,low,anaerobic
46,2024-01-15 19:18:56.504545,51,moderate,mixed
46,2024-01-18 10:25:36.568781,74,low,aerobic
46,2024-01-19 14:43:39.470377,37,high,aerobic
46,2024-01-21 16:16:14.170527,25,moderate,aerobic
46,2024-01-23 20:16:30.004517,75,moderate,anaerobic
46,2024-01-24 07:56:42.027803,40,low,aerobic
46,2024-01-25 12:59:05.069561,64,moderate,aerobic
46,2024-01-26 13:59:16.334380,66,moderate,mixed
46,2024-01-27 10:01:39.180765,55,moderate,mixed
46,2024-01-28 09:42:38.818140,54,low,anaerobic
46,2024-02-01 18:35:08.991300,64,high,anaerobic
46,2024-02-04 08:10:50.777652,74,moderate,aerobic
46,2024-02-04 09:01:23.908606,48,moderate,mixed
46,2024-02-05 12:07:47.411429,72,low,mixed
46,2024-02-07 08:21:15.632504,41,moderate,aerobic
46,2024-02-09 10:09:15.090658,40,high,aerobic
46,2024-02-10 20:26:46.146913,54,low,aerobic
46,2024-02-21 18:08:56.428231,28,moderate,mixed
46,2024-02-24 09:18:04.457149,60,moderate,aerobic
46,2024-02-25 14:43:12.612335,70,low,mixed
46,2024-02-26 17:09:36.806504,31,high,aerobic
46,2024-02-27 16:39:07.301801,33,moderate,mixed
46,2024-03-01 07:43:48.529070,56,low,anaerobic
46,2024-03-03 20:52:24.696171,56,moderate,mixed
46,2024-03-05 19:54:41.377716,68,moderate,aerobic
46,2024-03-06 08:13:18.436360,70,moderate,anaerobic
46,2024-03-09 18:39:43.167224,64,low,aerobic
46,2024-03-10 20:26:17.496191,31,low,aerobic
46,2024-03-13 16:01:19.747090,49,moderate,anaerobic
46,2024-03-15 16:59:39.987525,76,moderate,anaerobic
46,2024-03-16 12:13:53.869826,71,moderate,aerobic
46,2024-03-16 18:52:17.393902,45,moderate,mixed
46,2024-03-19 09:53:10.274762,28,low,aerobic
46,2024-03-20 18:52:40.246741,36,low,anaerobic
46,2024-03-22 07:33:29.719142,69,high,aerobic
46,2024-03-22 17:42:07.540280,64,high,aerobic
46,2024-03-30 20:19:31.807699,28,moderate,anaerobic
46,2024-04-03 11:29:21.429727,24,high,anaerobic
46,2024-04-05 14:53:08.055625,71,high,anaerobic
46,2024-04-07 15:04:17.002678,22,low,aerobic
46,2024-04-08 11:35:47.243137,57,moderate,aerobic
46,2024-04-11 07:50:19.409156,64,low,anaerobic
46,2024-04-14 18:03:33.457101,22,moderate,aerobic
46,2024-04-16 12:22:07.405858,50,high,anaerobic
46,2024-04-16 20:48:18.534137,59,moderate,aerobic
46,2024-04-23 19:45:32.227534,71,low,anaerobic
46,2024-04-24 18:18:51.894040,41,moderate,aerobic
46,2024-04-27 10:28:52.173711,66,high,anaerobic
46,2024-04-28 12:03:21.845680,23,high,anaerobic
46,2024-04-29 12:13:28.563313,25,low,anaerobic
46,2024-05-01 08:20:06.480358,40,low,aerobic
46,2024-05-03 17:03:10.053984,28,high,aerobic
46,2024-05-05 12:13:20.784668,72,moderate,aerobic
46,2024-05-07 14:24:27.934579,35,low,mixed
46,2024-05-07 18:23:05.804261,68,moderate,mixed
46,2024-05-08 07:29:19.875261,25,moderate,mixed
46,2024-05-11 09:17:28.795093,70,moderate,aerobic
46,2024-05-11 11:56:17.218473,45,low,anaerobic
46,2024-05-13 19:24:04.730205,63,moderate,aerobic
46,2024-05-14 15:45:03.071136,31,high,aerobic
46,2024-05-17 08:15:55.927108,60,low,aerobic
46,2024-05-22 11:58:05.865499,64,low,mixed
46,2024-05-24 19:25:28.316840,35,moderate,aerobic
46,2024-05-25 07:36:04.770287,51,moderate,aerobic
46,2024-05-25 07:55:16.488051,68,low,aerobic
46,2024-05-26 11:29:52.575415,40,low,mixed
46,2024-05-27 19:16:20.525703,61,high,anaerobic
46,2024-05-28 18:36:44.835994,63,low,aerobic
46,2024-05-30 17:56:59.849784,36,moderate,anaerobic
46,2024-06-02 10:14:11.492736,66,low,aerobic
46,2024-06-04 19:50:37.593785,57,high,aerobic
46,2024-06-08 12:16:23.187893,47,moderate,mixed
46,2024-06-09 09:47:55.968203,71,low,anaerobic
46,2024-06-09 09:38:09.692740,67,moderate,mixed
46,2024-06-10 14:02:21.907616,77,low,mixed
46,2024-06-11 13:46:08.757815,48,moderate,mixed
46,2024-06-13 09:23:24.456422,74,low,aerobic
46,2024-06-15 15:06:00.707388,47,moderate,mixed
46,2024-06-19 12:40:13.052065,21,moderate,aerobic
46,2024-06-21 07:26:23.658621,35,moderate,mixed
46,2024-06-26 13:30:11.962687,27,low,aerobic
46,2024-06-28 17:12:43.238859,55,low,aerobic
47,2024-01-01 09:29:21.782203,47,moderate,aerobic
47,2024-01-01 10:50:30.388989,34,low,aerobic
47,2024-01-02 16:41:44.467411,24,moderate,mixed
47,2024-01-03 14:24:50.736108,73,moderate,anaerobic
47,2024-01-05 10:15:55.293447,25,high,aerobic
47,2024-01-07 08:22:10.186451,70,low,mixed
47,2024-01-07 13:25:00.588686,22,low,mixed
47,2024-01-10 08:24:13.559883,79,moderate,anaerobic
47,2024-01-15 15:23:27.384043,34,moderate,aerobic
47,2024-01-17 14:10:41.911535,69,moderate,aerobic
47,2024-01-21 19:12:21.861379,59,low,aerobic
47,2024-01-23 16:25:46.856757,33,low,aerobic
47,2024-01-25 11:54:54.446930,76,high,anaerobic
47,2024-01-26 16:31:48.231916,42,moderate,aerobic
47,2024-01-28 14:46:13.618310,22,moderate,aerobic
47,2024-01-29 07:21:15.596023,47,low,aerobic
47,2024-01-30 09:46:36.335966,34,moderate,aerobic
47,2024-02-01 13:18:25.867488,27,low,mixed
47,2024-02-06 15:15:32.528596,64,low,mixed
47,2024-02-07 14:20:50.548134,29,low,aerobic
47,2024-02-08 16:15:36.045303,79,high,aerobic
47,2024-02-09 09:00:49.125998,65,moderate,aerobic
47,2024-02-09 09:52:42.780526,66,moderate,aerobic
47,2024-02-13 13:35:31.078285,57,high,aerobic
47,2024-02-14 18:39:26.979427,66,moderate,aerobic
47,2024-02-15 11:18:06.357982,74,low,aerobic
47,2024-02-17 15:36:11.830083,50,moderate,anaerobic
47,2024-02-18 09:38:33.537793,23,moderate,anaerobic
47,2024-02-19 11:38:18.095364,65,low,mixed
47,2024-02-22 17:25:19.944204,20,moderate,aerobic
47,2024-02-23 07:33:42.020646,73,moderate,mixed
47,2024-02-24 16:35:19.027858,52,moderate,mixed
47,2024-02-28 13:23:20.959484,22,high,aerobic
47,2024-02-29 09:13:48.080194,27,moderate,mixed
47,2024-02-29 18:28:34.452667,67,moderate,mixed
47,2024-03-03 18:25:01.388186,42,moderate,anaerobic
47,2024-03-10 18:23:26.179923,39,low,anaerobic
47,2024-03-12 13:49:24.154994,20,high,aerobic
47,2024-03-16 16:45:00.015294,77,moderate,mixed
47,2024-03-17 07:45:32.888000,49,moderate,aerobic
47,2024-03-20 11:39:54.162599,20,high,anaerobic
47,2024-03-21 12:17:44.258822,64,moderate,anaerobic
47,2024-03-23 17:00:44.937539,40,high,aerobic
47,2024-03-28 07:19:22.384598,39,low,aerobic
47,2024-04-01 18:47:50.653340,42,high,aerobic
47,2024-04-03 09:26:12.333196,48,high,anaerobic
47,2024-04-06 15:09:27.115404,52,moderate,anaerobic
47,2024-04-08 17:09:26.887995,35,low,aerobic
47,2024-04-09 10:08:26.644335,53,low,aerobic
47,2024-04-18 18:15:39.560176,34,moderate,aerobic
47,2024-04-24 09:30:44.250914,69,moderate,aerobic
47,2024-04-24 13:01:24.935742,32,moderate,anaerobic
47,2024-04-27 18:27:56.713497,61,moderate,aerobic
47,2024-05-02 10:19:53.505618,53,low,mixed
47,2024-05-03 10:44:29.079801,48,low,anaerobic
47,2024-05-04 10:41:42.650966,28,moderate,aerobic
47,2024-05-08 12:13:45.719623,71,moderate,aerobic
47,2024-05-10 13:33:30.551391,76,moderate,mixed
47,2024-05-13 16:25:13.676381,41,moderate,mixed
47,2024-05-14 18:45:56.610161,26,high,anaerobic
47,2024-05-16 16:22:41.924731,53,low,aerobic
47,2024-05-20 09:58:47.711147,42,moderate,mixed
47,2024-05-20 10:27:52.100094,57,high,aerobic
47,2024-05-22 17:22:55.885013,40,high,aerobic
47,2024-05-22 19:31:42.056109,37,high,mixed
47,2024-05-24 07:49:06.663871,47,low,mixed
47,2024-05-25 14:26:46.837012,45,moderate,anaerobic
47,2024-05-25 15:44:43.796006,29,moderate,mixed
47,2024-05-26 18:15:26.355852,57,high,anaerobic
47,2024-05-28 16:35:42.210399,64,moderate,mixed
47,2024-05-31 17:58:15.732182,36,low,aerobic
47,2024-06-04 10:26:05.185108,27,low,aerobic
47,2024-06-08 10:41:17.084429,21,low,aerobic
47,2024-06-14 20:30:09.214465,58,moderate,mixed
47,2024-06-15 08:53:00.521639,21,moderate,anaerobic
47,2024-06-15 20:31:10.836186,63,moderate,aerobic
47,2024-06-16 08:32:40.748500,58,moderate,aerobic
47,2024-06-16 15:54:14.368155,64,moderate,aerobic
47,2024-06-19 09:11:40.481252,43,low,mixed
47,2024-06-24 17:28:47.528630,26,moderate,aerobic
47,2024-06-25 14:54:16.352259,40,low,mixed
48,2024-01-02 11:43:54.919335,44,moderate,anaerobic
48,2024-01-07 16:26:24.183899,55,moderate,aerobic
48,2024-01-10 10:44:40.551346,71,low,mixed
48,2024-01-12 14:11:46.075104,34,moderate,aerobic
48,2024-01-15 13:16:36.456005,76,high,anaerobic
48,2024-01-19 08:29:16.532254,46,high,aerobic
48,2024-01-29 10:44:26.773466,68,low,aerobic
48,2024-01-29 13:24:35.889861,73,moderate,aerobic
48,2024-02-04 14:28:12.682512,60,high,anaerobic
48,2024-02-06 20:38:46.571438,41,moderate,mixed
48,2024-02-07 11:56:44.022455,73,moderate,anaerobic
48,2024-02-08 09:20:28.101220,62,high,anaerobic
48,2024-02-09 08:16:36.019956,63,moderate,aerobic
48,2024-02-12 07:25:56.186914,78,moderate,aerobic
48,2024-02-13 12:17:21.182490,74,high,anaerobic
48,2024-02-18 18:36:28.684786,71,moderate,aerobic
48,2024-02-21 12:12:04.787654,65,moderate,aerobic
48,2024-02-22 18:48:59.780881,61,high,aerobic
48,2024-02-22 21:06:16.889090,51,low,anaerobic
48,2024-02-23 10:27:49.259646,58,low,anaerobic
48,2024-02-25 08:07:14.606592,44,moderate,aerobic
48,2024-02-29 09:36:22.653630,58,moderate,mixed
48,2024-03-03 18:26:56.084598,52,moderate,aerobic
48,2024-03-06 17:01:24.580959,26,moderate,anaerobic
48,2024-03-09 18:00:44.994046,72,moderate,aerobic
48,2024-03-11 07:44:21.545619,65,moderate,aerobic
48,2024-03-13 12:41:16.749714,28,low,mixed
48,2024-03-14 09:53:52.765137,34,high,aerobic
48,2024-03-15 18:29:56.321144,40,moderate,aerobic
48,2024-03-22 10:35:36.764600,30,moderate,mixed
48,2024-03-24 16:04:51.509054,71,moderate,aerobic
48,2024-03-25 20:04:26.143484,71,high,anaerobic
48,2024-03-28 11:16:19.634200,67,moderate,mixed
48,2024-03-29 14:29:21.700529,30,low,anaerobic
48,2024-04-01 07:16:01.231853,30,low,aerobic
48,2024-04-01 09:39:28.034441,68,moderate,aerobic
48,2024-04-03 19:37:46.878382,75,moderate,aerobic
48,2024-04-04 19:46:24.280133,42,moderate,mixed
48,2024-04-07 17:56:05.356116,29,moderate,mixed
48,2024-04-10 09:49:15.166918,62,high,aerobic
48,2024-04-19 14:25:10.561589,42,low,anaerobic
48,2024-04-20 13:37:22.837368,40,high,aerobic
48,2024-04-24 10:48:43.340079,45,low,mixed
48,2024-04-28 20:41:06.572629,34,moderate,mixed
48,2024-04-30 20:53:11.896614,71,moderate,mixed
48,2024-05-04 09:51:22.060069,55,moderate,anaerobic
48,2024-05-05 13:43:37.689123,79,low,anaerobic
48,2024-05-06 14:24:33.548682,43,moderate,mixed
48,2024-05-09 10:30:22.407829,75,moderate,aerobic
48,2024-05-10 18:28:43.893818,46,moderate,mixed
48,2024-05-14 21:11:37.763746,72,moderate,anaerobic
48,2024-05-16 10:56:27.188466,38,moderate,aerobic
48,2024-05-16 14:18:42.915301,55,low,aerobic
48,2024-05-21 10:52:55.672055,59,high,mixed
48,2024-05-23 13:08:20.070019,67,low,aerobic
48,2024-05-27 18:16:06.595692,46,low,aerobic
48,2024-05-31 09:48:19.794459,29,low,aerobic
48,2024-06-02 12:03:57.553307,22,low,aerobic
48,2024-06-08 17:11:43.589983,48,high,anaerobic
48,2024-06-10 20:07:13.584113,45,low,aerobic
48,2024-06-11 09:19:51.265072,28,high,aerobic
48,2024-06-14 15:47:02.733395,31,moderate,aerobic
48,2024-06-15 14:11:09.208679,59,moderate,mixed
48,2024-06-19 11:33:45.965625,65,moderate,aerobic
48,2024-06-22 11:30:31.233002,79,low,aerobic
48,2024-06-22 17:10:05.069597,70,moderate,aerobic
48,2024-06-25 10:29:28.695361,61,low,mixed
48,2024-06-27 13:43:08.978052,57,high,mixed
48,2024-06-28 20:48:39.343346,25,moderate,mixed
49,2024-01-04 13:24:42.389543,51,moderate,mixed
49,2024-01-11 13:35:44.102087,24,moderate,mixed
49,2024-01-12 16:02:53.024478,40,moderate,aerobic
49,2024-01-20 07:29:08.988306,68,moderate,aerobic
49,2024-01-27 07:48:22.898610,54,moderate,anaerobic
49,2024-02-12 11:49:22.189835,31,moderate,aerobic
49,2024-02-12 16:41:45.568191,79,low,anaerobic
49,2024-02-17 13:53:48.555305,58,moderate,aerobic
49,2024-02-20 19:21:18.202433,55,moderate,aerobic
49,2024-02-25 18:50:51.595311,43,low,aerobic
49,2024-02-26 17:17:36.280060,34,moderate,anaerobic
49,2024-03-05 20:29:23.683575,61,high,aerobic
49,2024-03-10 20:02:58.792649,61,moderate,aerobic
49,2024-03-14 07:38:58.683460,52,moderate,mixed
49,2024-03-20 08:50:21.893054,55,low,anaerobic
49,2024-03-30 12:07:43.118403,69,low,anaerobic
49,2024-04-07 19:51:53.157808,26,high,anaerobic
49,2024-04-17 08:48:19.038086,48,moderate,mixed
49,2024-04-19 08:47:41.173805,75,moderate,aerobic
49,2024-04-21 12:21:03.145788,47,moderate,aerobic
49,2024-05-03 19:05:49.097617,25,low,aerobic
49,2024-05-10 11:09:44.838497,36,low,anaerobic
49,2024-05-11 17:02:38.860203,64,low,aerobic
49,2024-06-01 08:19:40.635302,25,moderate,aerobic
49,2024-06-07 09:38:00.033261,28,moderate,anaerobic
49,2024-06-08 10:38:31.567554,74,moderate,mixed
49,2024-06-11 08:40:25.747544,33,moderate,aerobic
49,2024-06-13 18:59:27.276676,45,moderate,aerobic
49,2024-06-15 09:41:45.395897,46,moderate,mixed
49,2024-06-16 20:34:44.487390,50,high,anaerobic
49,2024-06-22 18:41:11.560381,22,low,aerobic
49,2024-06-26 09:00:45.805031,36,moderate,aerobic
50,2024-01-10 09:01:50.756340,72,moderate,aerobic
50,2024-01-13 14:07:01.191277,61,high,aerobic
50,2024-01-21 20:31:31.376882,65,moderate,aerobic
50,2024-01-27 08:09:19.444784,76,moderate,aerobic
50,2024-01-28 15:38:32.083526,69,moderate,aerobic
50,2024-01-31 13:05:40.384916,76,low,anaerobic
50,2024-02-24 13:08:27.282765,60,moderate,anaerobic
50,2024-02-28 14:48:12.762992,62,low,anaerobic
50,2024-02-29 12:40:05.384150,59,moderate,aerobic
50,2024-02-29 16:18:08.973260,75,moderate,aerobic
50,2024-03-01 16:19:22.467384,56,moderate,mixed
50,2024-03-03 07:10:55.303360,63,low,anaerobic
50,2024-03-11 10:37:48.774256,44,moderate,mixed
50,2024-03-18 20:02:17.220218,37,moderate,mixed
50,2024-03-19 18:44:52.379090,35,high,anaerobic
50,2024-03-22 08:42:14.484249,74,high,aerobic
50,2024-03-23 08:45:23.566353,39,low,aerobic
50,2024-03-24 20:53:27.886013,74,low,anaerobic
50,2024-04-02 20:31:30.478452,67,moderate,aerobic
50,2024-04-08 10:15:02.676061,31,moderate,mixed
50,2024-04-10 10:59:45.546643,52,high,anaerobic
50,2024-04-10 12:29:52.049782,72,low,anaerobic
50,2024-04-11 17:37:23.686183,66,moderate,mixed
50,2024-04-15 08:49:26.291646,55,high,aerobic
50,2024-04-15 16:23:18.610031,74,low,mixed
50,2024-04-19 07:54:54.454476,79,low,anaerobic
50,2024-04-21 17:05:16.624358,42,moderate,anaerobic
50,2024-05-01 12:23:54.920697,24,moderate,mixed
50,2024-05-09 15:56:07.935570,58,low,anaerobic
50,2024-05-13 13:25:23.342162,24,moderate,aerobic
50,2024-05-14 09:36:18.594002,20,low,mixed
50,2024-05-16 09:12:37.681299,77,high,aerobic
50,2024-05-21 20:15:50.572727,64,moderate,mixed
50,2024-05-30 09:58:49.789274,76,high,aerobic
50,2024-06-01 20:19:47.002078,69,high,aerobic
50,2024-06-03 14:09:28.927691,32,moderate,aerobic
50,2024-06-17 08:30:38.052861,25,moderate,aerobic
50,2024-06-18 11:44:49.269488,24,high,aerobic
50,2024-06-21 09:36:04.710403,33,moderate,aerobic
50,2024-06-26 18:30:46.112293,70,moderate,mixed
51,2024-01-02 08:58:57.624678,65,low,mixed
51,2024-01-02 14:23:19.484859,72,low,aerobic
51,2024-01-05 19:29:12.467015,29,moderate,mixed
51,2024-01-10 15:29:23.765284,73,moderate,aerobic
51,2024-01-11 13:53:58.196982,58,moderate,aerobic
51,2024-01-13 15:18:35.133898,23,moderate,aerobic
51,2024-01-15 14:38:43.907109,21,low,aerobic
51,2024-01-16 12:34:53.098410,39,low,aerobic
51,2024-01-20 09:05:47.508163,50,moderate,aerobic
51,2024-01-21 08:10:42.688532,60,moderate,aerobic
51,2024-01-23 11:10:52.549889,77,low,mixed
51,2024-01-25 07:18:57.483629,31,moderate,anaerobic
51,2024-01-28 20:09:49.893596,66,moderate,anaerobic
51,2024-02-10 20:04:15.514463,77,moderate,mixed
51,2024-02-13 07:46:04.939952,67,moderate,aerobic
51,2024-02-20 11:57:19.745930,34,moderate,anaerobic
51,2024-02-21 11:31:15.859400,34,low,aerobic
51,2024-02-22 08:54:17.730629,39,moderate,anaerobic
51,2024-02-23 07:54:20.967633,51,high,anaerobic
51,2024-02-25 15:55:38.717147,35,high,aerobic
51,2024-02-26 08:56:31.519578,70,moderate,aerobic
51,2024-02-26 19:24:28.765924,31,low,aerobic
51,2024-02-27 11:41:53.225740,67,low,anaerobic
51,2024-02-27 18:52:38.296024,59,low,aerobic
51,2024-02-29 07:06:25.626599,28,high,aerobic
51,2024-03-02 16:05:53.511351,34,moderate,aerobic
51,2024-03-08 20:14:47.605444,25,moderate,aerobic
51,2024-03-10 11:03:07.693297,79,high,anaerobic
51,2024-03-11 08:20:34.193335,56,high,aerobic
51,2024-03-17 13:42:49.095005,71,moderate,anaerobic
51,2024-03-19 07:20:14.191904,64,moderate,anaerobic
51,2024-03-26 16:57:50.743089,57,high,mixed
51,2024-03-29 10:54:00.773037,40,moderate,mixed
51,2024-04-02 09:24:39.400187,45,low,aerobic
51,2024-04-12 18:25:48.852553,40,low,mixed
51,2024-04-13 13:06:58.320236,34,moderate,mixed
51,2024-04-22 16:37:16.698474,62,low,anaerobic
51,2024-04-29 12:11:08.896012,42,low,aerobic
51,2024-05-01 14:01:31.336334,51,moderate,anaerobic
51,2024-05-02 12:51:14.320274,58,high,anaerobic
51,2024-05-03 13:27:32.569001,24,moderate,anaerobic
51,2024-05-08 12:30:11.968673,26,low,aerobic
51,2024-05-14 10:30:57.830379,60,low,aerobic
51,2024-05-14 17:54:49.865314,49,moderate,aerobic
51,2024-05-17 18:53:46.453506,51,low,anaerobic
51,2024-05-20 11:11:56.283045,20,low,anaerobic
51,2024-05-22 07:34:55.815156,49,moderate,anaerobic
51,2024-05-22 16:03:45.144404,78,moderate,anaerobic
51,2024-05-29 08:56:26.117761,52,low,aerobic
51,2024-06-02 19:57:27.916193,21,moderate,mixed
51,2024-06-04 20:18:17.476843,49,moderate,mixed
51,2024-06-05 10:26:38.729114,43,moderate,anaerobic
51,2024-06-06 08:03:32.618135,43,high,aerobic
51,2024-06-10 09:39:23.663387,36,low,anaerobic
51,2024-06-12 18:50:35.532084,27,moderate,aerobic
51,2024-06-14 08:18:36.483319,51,moderate,aerobic
51,2024-06-18 11:44:12.641031,29,moderate,anaerobic
51,2024-06-20 11:14:13.181316,58,low,aerobic
51,2024-06-20 14:48:06.554010,61,low,anaerobic
51,2024-06-27 20:29:10.916418,24,moderate,anaerobic
52,2024-01-03 07:58:37.319030,49,moderate,aerobic
52,2024-01-11 19:17:55.847680,67,high,aerobic
52,2024-01-15 14:09:13.209821,30,moderate,mixed
52,2024-01-23 12:02:14.460569,57,high,mixed
52,2024-02-05 14:38:54.912247,52,moderate,mixed
52,2024-02-08 19:33:54.045627,38,moderate,aerobic
52,2024-02-10 14:13:28.142465,34,moderate,aerobic
52,2024-02-14 20:15:25.368626,38,low,mixed
52,2024-02-25 11:41:19.145662,73,moderate,mixed
52,2024-02-25 13:46:49.309663,27,high,mixed
52,2024-02-26 07:58:41.745835,74,low,aerobic
52,2024-03-07 08:14:36.291789,21,low,aerobic
52,2024-03-30 10:26:34.481938,71,moderate,aerobic
52,2024-04-04 17:07:20.654474,69,moderate,anaerobic
52,2024-04-09 08:07:48.797089,66,moderate,mixed
52,2024-04-12 10:53:04.178886,25,moderate,anaerobic
52,2024-04-20 12:04:36.320922,48,high,anaerobic
52,2024-04-26 07:27:13.063595,41,high,aerobic
52,2024-05-02 09:02:25.041594,60,moderate,mixed
52,2024-05-05 10:42:02.589387,69,moderate,anaerobic
52,2024-05-13 11:16:59.555762,25,high,mixed
52,2024-05-16 12:15:22.088707,73,low,aerobic
52,2024-05-23 08:33:04.189101,60,high,anaerobic
52,2024-05-28 20:53:44.906353,38,moderate,aerobic
52,2024-06-07 19:20:34.914628,37,low,aerobic
52,2024-06-09 13:58:59.827795,49,high,mixed
52,2024-06-12 16:21:29.313557,54,low,mixed
52,2024-06-19 21:03:43.583811,58,moderate,anaerobic
52,2024-06-26 14:34:57.206089,34,moderate,anaerobic
53,2024-01-06 09:34:28.815819,43,moderate,aerobic
53,2024-01-06 16:57:12.968088,32,low,anaerobic
53,2024-01-10 07:59:16.030333,55,moderate,mixed
53,2024-01-11 16:48:50.492751,37,moderate,anaerobic
53,2024-01-15 13:54:09.044456,20,moderate,aerobic
53,2024-01-19 15:43:07.207336,43,moderate,aerobic
53,2024-01-20 07:36:13.828566,31,moderate,mixed
53,2024-01-23 11:15:40.814337,38,moderate,aerobic
53,2024-01-24 07:39:47.856650,62,moderate,aerobic
53,2024-01-26 15:40:13.621549,46,moderate,mixed
53,2024-01-28 12:06:17.721897,77,moderate,anaerobic
53,2024-01-28 12:27:42.372377,29,high,mixed
53,2024-01-30 14:01:46.991579,47,moderate,aerobic
53,2024-01-31 20:30:23.719111,34,moderate,anaerobic
53,2024-02-06 19:11:19.816255,34,high,aerobic
53,2024-02-08 16:05:18.298621,42,moderate,aerobic
53,2024-02-09 18:39:12.697060,24,low,anaerobic
53,2024-02-11 10:47:22.838558,23,low,mixed
53,2024-02-17 10:45:19.169590,65,low,aerobic
53,2024-02-17 17:03:03.921882,69,moderate,aerobic
53,2024-02-19 11:52:20.065977,68,moderate,anaerobic
53,2024-02-21 09:57:45.336700,59,moderate,anaerobic
53,2024-02-22 09:57:49.063898,42,high,mixed
53,2024-02-28 20:37:23.287666,78,moderate,anaerobic
53,2024-02-29 07:39:51.116110,38,low,mixed
53,2024-03-15 07:57:13.695259,77,low,mixed
53,2024-03-17 07:15:14.648685,49,low,aerobic
53,2024-03-19 14:24:06.923671,27,moderate,aerobic
53,2024-03-21 08:17:11.868848,23,high,aerobic
53,2024-03-23 09:09:51.691301,65,moderate,mixed
53,2024-03-24 19:56:01.348970,32,moderate,anaerobic
53,2024-03-31 19:32:56.396780,79,moderate,mixed
53,2024-04-01 10:11:27.224213,76,moderate,mixed
53,2024-04-01 17:19:47.285741,58,low,anaerobic
53,2024-04-04 08:03:35.502607,77,moderate,aerobic
53,2024-04-04 10:47:59.634094,37,moderate,aerobic
53,2024-04-05 09:22:19.415401,42,low,mixed
53,2024-04-06 12:12:50.344363,51,moderate,aerobic
53,2024-04-07 15:10:08.917297,63,low,mixed
53,2024-04-10 15:16:04.624801,68,high,anaerobic
53,2024-04-14 16:45:18.860504,59,moderate,aerobic
53,2024-04-16 12:00:16.671559,22,moderate,aerobic
53,2024-04-16 20:15:08.237838,22,low,aerobic
53,2024-04-22 11:56:37.986344,71,low,aerobic
53,2024-04-23 13:14:19.607164,79,moderate,mixed
53,2024-04-23 18:00:26.123414,69,low,aerobic
53,2024-04-28 13:09:43.873033,35,low,anaerobic
53,2024-05-02 10:22:59.606454,59,low,mixed
53,2024-05-03 11:27:20.409350,78,moderate,mixed
53,2024-05-09 15:25:51.028878,78,high,anaerobic
53,2024-05-10 08:33:04.512757,72,moderate,anaerobic
53,2024-05-11 10:52:03.816870,48,low,aerobic
53,2024-05-17 15:48:24.608748,54,high,anaerobic
53,2024-05-17 18:29:07.667117,35,low,mixed
53,2024-05-18 18:20:30.954968,20,moderate,aerobic
53,2024-05-18 20:39:02.796427,34,moderate,anaerobic
53,2024-05-21 15:13:49.065210,52,high,aerobic
53,2024-05-22 12:39:20.991757,60,moderate,aerobic
53,2024-05-23 14:17:36.904345,52,low,aerobic
53,2024-05-25 16:57:24.322106,76,high,aerobic
53,2024-06-03 19:33:47.125540,50,moderate,aerobic
53,2024-06-04 09:38:54.482325,76,low,aerobic
53,2024-06-08 11:42:22.271597,78,moderate,aerobic
53,2024-06-08 15:59:51.048534,30,low,mixed
53,2024-06-10 20:38:31.702884,59,high,anaerobic
53,2024-06-24 17:56:59.298995,59,moderate,aerobic
54,2024-01-03 14:24:01.755100,68,low,mixed
54,2024-01-08 08:36:34.202256,53,low,mixed
54,2024-01-08 10:40:42.060298,29,low,aerobic
54,2024-01-09 09:06:28.545476,65,moderate,aerobic
54,2024-01-09 17:36:36.344969,71,high,aerobic
54,2024-01-15 16:24:49.312089,59,moderate,mixed
54,2024-01-16 14:16:38.910654,36,moderate,anaerobic
54,2024-01-23 17:09:29.258788,48,high,aerobic
54,2024-01-28 11:48:40.841265,43,moderate,anaerobic
54,2024-01-29 15:47:43.915518,78,moderate,aerobic
54,2024-01-31 16:05:22.743965,32,moderate,anaerobic
54,2024-02-03 12:13:33.632881,44,high,mixed
54,2024-02-13 16:52:48.449154,22,moderate,aerobic
54,2024-02-15 17:45:39.177347,63,moderate,aerobic
54,2024-02-16 08:23:04.263313,28,moderate,mixed
54,2024-02-19 16:54:24.756122,57,low,aerobic
54,2024-02-20 09:29:11.333235,20,moderate,aerobic
54,2024-02-20 19:25:25.851674,72,moderate,aerobic
54,2024-02-21 13:39:58.075177,38,low,anaerobic
54,2024-02-23 15:07:02.685132,52,moderate,aerobic
54,2024-02-27 13:03:35.712423,63,low,aerobic
54,2024-03-02 14:50:50.514525,53,moderate,mixed
54,2024-03-03 08:37:54.460485,44,moderate,aerobic
54,2024-03-04 14:24:59.475049,63,moderate,mixed
54,2024-03-06 11:39:56.750145,77,high,aerobic
54,2024-03-08 14:36:25.980627,77,moderate,mixed
54,2024-03-09 18:56:42.980097,46,low,anaerobic
54,2024-03-13 07:44:50.304296,54,high,anaerobic
54,2024-03-13 16:25:15.405099,29,moderate,aerobic
54,2024-03-15 08:37:49.673808,62,moderate,mixed
54,2024-03-19 14:42:06.844160,28,low,aerobic
54,2024-03-19 19:22:33.126548,48,moderate,aerobic
54,2024-03-20 20:16:25.355105,43,low,anaerobic
54,2024-03-23 17:58:58.101198,75,high,aerobic
54,2024-03-28 10:15:52.255382,78,moderate,anaerobic
54,2024-04-01 15:04:12.749336,28,moderate,aerobic
54,2024-04-05 08:29:15.252852,46,moderate,mixed
54,2024-04-05 08:28:01.449117,26,high,aerobic
54,2024-04-06 17:36:45.293210,57,moderate,aerobic
54,2024-04-09 09:31:50.998105,55,moderate,mixed
54,2024-04-11 13:44:15.717274,47,moderate,mixed
54,2024-04-11 15:48:13.981789,45,moderate,aerobic
54,2024-04-12 20:02:04.234455,25,moderate,aerobic
54,2024-04-13 20:14:48.609930,52,moderate,aerobic
54,2024-04-15 07:40:12.665179,28,moderate,anaerobic
54,2024-04-17 08:40:52.478136,74,moderate,mixed
54,2024-04-20 09:13:00.977478,56,moderate,aerobic
54,2024-04-20 17:33:31.178417,62,moderate,aerobic
54,2024-04-30 19:31:00.036706,73,high,anaerobic
54,2024-05-02 21:02:30.674014,68,high,anaerobic
54,2024-05-10 20:07:59.451114,65,high,aerobic
54,2024-05-11 14:46:31.613120,52,low,aerobic
54,2024-05-14 08:54:44.301932,72,high,mixed
54,2024-05-14 20:58:30.631631,67,moderate,anaerobic
54,2024-05-15 16:43:35.560397,53,moderate,anaerobic
54,2024-05-23 17:15:54.113828,62,moderate,anaerobic
54,2024-05-25 07:42:57.582533,71,moderate,aerobic
54,2024-05-27 14:45:48.722729,46,low,aerobic
54,2024-05-30 09:46:46.695094,34,low,anaerobic
54,2024-05-31 08:49:14.504989,66,high,mixed
54,2024-06-02 16:19:24.400133,26,moderate,aerobic
54,2024-06-03 15:20:04.256278,48,moderate,anaerobic
54,2024-06-06 09:49:33.809702,47,high,aerobic
54,2024-06-07 09:56:25.797729,61,low,anaerobic
54,2024-06-09 09:50:19.396446,21,moderate,mixed
54,2024-06-11 08:02:04.000396,64,low,anaerobic
54,2024-06-11 08:24:04.667305,75,moderate,aerobic
54,2024-06-14 18:02:51.184552,68,low,aerobic
54,2024-06-19 07:15:37.655994,20,moderate,anaerobic
54,2024-06-20 20:44:15.254360,79,low,aerobic
54,2024-06-22 15:21:26.599659,78,moderate,aerobic
54,2024-06-23 14:11:49.704047,48,moderate,mixed
55,2024-01-01 17:35:52.896303,48,moderate,aerobic
55,2024-01-04 07:37:06.936790,23,moderate,aerobic
55,2024-01-09 10:30:15.655083,40,moderate,aerobic
55,2024-01-14 16:24:09.606948,36,moderate,mixed
55,2024-01-16 09:41:49.914884,79,moderate,aerobic
55,2024-01-16 10:37:34.563590,79,low,mixed
55,2024-01-18 15:34:43.487095,56,low,aerobic
55,2024-01-22 21:05:25.066453,64,moderate,anaerobic
55,2024-01-24 14:41:25.720037,42,low,aerobic
55,2024-01-25 09:24:46.046376,24,low,mixed
55,2024-01-25 20:41:32.733795,73,low,mixed
55,2024-01-28 10:26:39.097782,26,moderate,anaerobic
55,2024-02-01 19:05:06.872695,22,moderate,aerobic
55,2024-02-02 08:26:58.964516,76,low,aerobic
55,2024-02-04 19:52:15.988145,28,low,aerobic
55,2024-02-05 16:20:17.069292,31,high,anaerobic
55,2024-02-05 18:19:28.899822,28,high,aerobic
55,2024-02-07 13:27:42.561715,44,moderate,aerobic
55,2024-02-07 17:47:25.788389,77,low,aerobic
55,2024-02-13 19:08:27.414783,76,moderate,aerobic
55,2024-02-18 09:55:46.390515,58,high,aerobic
55,2024-02-20 14:10:07.539771,51,moderate,mixed
55,2024-02-20 17:43:40.453388,23,low,aerobic
55,2024-02-21 13:48:01.306070,65,moderate,mixed
55,2024-02-23 12:34:44.867196,26,low,aerobic
55,2024-02-24 08:14:12.833537,68,low,anaerobic
55,2024-02-28 14:35:52.572524,58,high,mixed
55,2024-03-01 12:14:19.814155,33,moderate,aerobic
55,2024-03-06 20:18:19.142059,40,moderate,aerobic
55,2024-03-07 20:46:53.912303,25,low,aerobic
55,2024-03-16 10:59:10.127125,30,high,aerobic
55,2024-03-23 07:31:35.921532,54,high,aerobic
55,2024-03-24 11:44:48.379608,56,low,anaerobic
55,2024-03-25 13:13:06.031827,47,moderate,mixed
55,2024-03-25 13:23:40.336261,32,moderate,anaerobic
55,2024-03-28 11:14:51.633234,71,moderate,anaerobic
55,2024-03-29 20:59:48.712537,67,high,anaerobic
55,2024-03-31 16:43:36.564675,50,high,mixed
55,2024-04-06 16:10:16.587432,69,moderate,aerobic
55,2024-04-10 13:09:38.064832,48,moderate,aerobic
55,2024-04-17 18:13:23.481762,36,high,aerobic
55,2024-04-18 17:25:46.613101,44,high,aerobic
55,2024-04-20 21:10:35.618953,74,moderate,anaerobic
55,2024-04-25 11:24:21.305956,37,low,mixed
55,2024-04-25 19:27:17.413110,49,moderate,anaerobic
55,2024-04-27 16:47:52.487290,40,moderate,mixed
55,2024-04-29 07:41:51.448718,29,moderate,anaerobic
55,2024-05-05 09:42:59.434964,27,moderate,anaerobic
55,2024-05-06 10:17:57.519814,56,low,aerobic
55,2024-05-06 14:27:46.921313,67,moderate,aerobic
55,2024-05-07 15:41:14.049929,30,high,aerobic
55,2024-05-08 11:19:55.367678,43,low,aerobic
55,2024-05-14 10:32:48.634656,66,high,anaerobic
55,2024-05-14 13:36:26.859833,51,moderate,anaerobic
55,2024-05-21 13:49:24.015595,59,high,aerobic
55,2024-05-22 08:30:00.301290,25,low,mixed
55,2024-05-22 18:10:38.165907,76,moderate,aerobic
55,2024-05-25 15:59:58.098202,49,low,anaerobic
55,2024-06-02 09:36:34.393659,62,moderate,aerobic
55,2024-06-02 20:06:18.330365,60,low,aerobic
55,2024-06-03 10:31:39.654318,43,moderate,aerobic
55,2024-06-07 19:52:06.035306,57,low,aerobic
55,2024-06-09 15:36:49.759811,41,high,anaerobic
55,2024-06-11 10:36:28.832061,31,low,aerobic
55,2024-06-12 16:40:02.759917,32,low,aerobic
55,2024-06-13 08:50:18.654069,58,moderate,aerobic
55,2024-06-13 11:43:17.990457,46,high,aerobic
55,2024-06-14 07:44:39.916703,35,low,aerobic
55,2024-06-14 21:21:19.520273,28,moderate,mixed
55,2024-06-15 17:23:43.863128,22,high,anaerobic
55,2024-06-20 11:25:30.151261,34,moderate,anaerobic
55,2024-06-23 08:29:03.040174,70,high,anaerobic
55,2024-06-25 10:19:03.652114,21,low,mixed
55,2024-06-26 20:19:33.688497,37,low,anaerobic
56,2024-01-01 15:44:37.466257,60,moderate,anaerobic
56,2024-01-03 12:05:42.551012,41,moderate,aerobic
56,2024-01-06 15:05:26.898445,50,moderate,anaerobic
56,2024-01-08 19:48:47.706467,20,high,aerobic
56,2024-01-09 11:25:18.871401,75,low,aerobic
56,2024-01-12 19:12:11.340892,68,low,aerobic
56,2024-01-14 15:30:53.140421,72,moderate,mixed
56,2024-01-14 16:11:53.610447,44,high,anaerobic
56,2024-01-15 08:47:26.777192,20,low,anaerobic
56,2024-01-16 18:57:20.479358,78,moderate,aerobic
56,2024-01-17 16:39:04.158572,38,low,anaerobic
56,2024-01-17 18:18:21.578373,74,low,aerobic
56,2024-01-20 11:38:54.565231,61,low,aerobic
56,2024-01-25 14:05:14.269707,51,low,aerobic
56,2024-01-25 19:41:25.493526,41,low,anaerobic
56,2024-01-26 19:08:30.094903,34,high,aerobic
56,2024-01-29 16:50:43.638767,27,low,anaerobic
56,2024-02-01 11:11:47.707871,55,low,aerobic
56,2024-02-03 10:43:46.532501,29,high,anaerobic
56,2024-02-04 16:24:50.575343,48,high,aerobic
56,2024-02-07 10:23:11.022032,74,low,anaerobic
56,2024-02-07 11:17:45.420925,32,moderate,mixed
56,2024-02-08 18:26:31.966883,58,moderate,aerobic
56,2024-02-11 07:38:18.732361,48,moderate,aerobic
56,2024-02-13 15:54:33.466274,20,moderate,mixed
56,2024-02-16 14:32:43.976186,65,moderate,aerobic
56,2024-02-17 12:00:13.643575,63,moderate,aerobic
56,2024-02-20 15:33:13.106081,71,moderate,aerobic
56,2024-02-24 15:23:47.564219,59,moderate,aerobic
56,2024-02-28 12:48:35.859603,28,moderate,anaerobic
56,2024-03-01 10:21:41.564922,71,moderate,anaerobic
56,2024-03-05 14:47:41.370060,64,moderate,anaerobic
56,2024-03-07 07:10:22.511892,71,low,aerobic
56,2024-03-08 11:12:27.757206,52,low,aerobic
56,2024-03-09 19:52:29.101702,75,moderate,aerobic
56,2024-03-15 10:09:39.199888,44,high,mixed
56,2024-03-22 15:13:29.416715,75,moderate,anaerobic
56,2024-03-29 09:54:03.931687,64,moderate,aerobic
56,2024-04-02 16:06:32.424096,56,moderate,anaerobic
56,2024-04-03 07:30:22.843180,66,high,aerobic
56,2024-04-05 21:01:16.592892,42,low,aerobic
56,2024-04-06 16:30:32.212368,36,moderate,anaerobic
56,2024-04-07 13:42:18.521798,55,moderate,mixed
56,2024-04-08 20:19:45.843152,31,high,aerobic
56,2024-04-11 10:52:41.768461,44,low,anaerobic
56,2024-04-12 12:37:54.241699,74,moderate,anaerobic
56,2024-04-13 11:40:18.862365,75,moderate,mixed
56,2024-04-15 11:25:01.663009,42,moderate,aerobic
56,2024-04-20 09:01:11.148308,62,moderate,anaerobic
56,2024-04-23 17:56:00.195559,59,low,anaerobic
56,2024-04-26 11:44:14.690126,52,moderate,mixed
56,2024-04-28 14:01:03.548868,33,low,mixed
56,2024-05-01 09:18:04.236287,45,moderate,mixed
56,2024-05-01 18:31:33.712044,71,moderate,anaerobic
56,2024-05-02 09:12:59.099242,69,moderate,mixed
56,2024-05-07 19:24:50.974064,75,low,aerobic
56,2024-05-13 08:22:28.116226,57,moderate,aerobic
56,2024-05-14 15:08:17.911149,33,high,aerobic
56,2024-05-15 08:39:22.148170,56,moderate,anaerobic
56,2024-05-19 17:08:10.643675,28,moderate,aerobic
56,2024-05-20 07:07:05.118413,62,moderate,aerobic
56,2024-05-21 10:33:01.602666,67,moderate,anaerobic
56,2024-05-23 07:35:28.703281,71,low,mixed
56,2024-05-25 07:48:45.369340,75,low,aerobic
56,2024-05-28 20:39:23.123641,47,low,mixed
56,2024-05-30 10:48:07.546093,30,moderate,mixed
56,2024-05-31 08:19:14.491058,62,low,aerobic
56,2024-06-04 09:16:11.170294,70,low,mixed
56,2024-06-04 10:10:41.198531,44,low,anaerobic
56,2024-06-09 20:43:55.762316,31,moderate,aerobic
56,2024-06-12 19:47:10.387820,71,low,anaerobic
56,2024-06-13 19:51:05.609232,23,low,aerobic
56,2024-06-14 12:57:51.062945,57,moderate,mixed
56,2024-06-14 15:44:55.204642,28,moderate,aerobic
56,2024-06-19 13:29:13.577690,79,moderate,anaerobic
56,2024-06-23 18:18:42.964863,36,low,mixed
56,2024-06-27 08:32:10.439005,51,moderate,mixed
56,2024-06-27 20:05:33.099161,53,high,anaerobic
57,2024-01-03 11:36:06.538898,72,low,anaerobic
57,2024-01-06 12:36:44.976330,50,moderate,aerobic
57,2024-01-07 15:13:45.292129,34,moderate,aerobic
57,2024-01-08 09:11:48.967712,54,moderate,aerobic
57,2024-01-09 17:29:08.789762,64,moderate,aerobic
57,2024-01-14 17:25:23.700335,57,moderate,aerobic
57,2024-01-17 19:19:40.627158,35,low,mixed
57,2024-01-20 11:35:02.729053,30,low,aerobic
57,2024-01-20 20:29:28.231943,37,high,aerobic
57,2024-01-22 14:36:32.810534,51,low,aerobic
57,2024-01-25 13:15:35.568338,55,moderate,anaerobic
57,2024-01-29 12:48:35.986890,61,moderate,aerobic
57,2024-01-30 20:06:02.120885,24,moderate,aerobic
57,2024-02-01 15:25:21.765042,48,moderate,anaerobic
57,2024-02-01 16:37:20.542389,40,moderate,aerobic
57,2024-02-06 13:38:00.362900,42,moderate,aerobic
57,2024-02-16 16:05:05.298115,53,moderate,anaerobic
57,2024-02-17 20:36:13.424019,26,moderate,anaerobic
57,2024-02-18 19:03:51.381388,73,high,aerobic
57,2024-02-19 19:39:08.647160,67,low,anaerobic
57,2024-02-22 13:32:55.941832,76,low,anaerobic
57,2024-02-26 12:29:01.669554,20,moderate,anaerobic
57,2024-02-29 13:42:04.532872,21,moderate,mixed
57,2024-02-29 21:00:46.838517,30,high,mixed
57,2024-03-03 19:36:34.484686,58,low,mixed
57,2024-03-04 11:55:38.078919,20,moderate,aerobic
57,2024-03-08 09:33:17.545325,29,moderate,mixed
57,2024-03-15 08:24:11.874407,52,moderate,aerobic
57,2024-03-22 08:37:06.697373,32,high,anaerobic
57,2024-03-23 20:00:07.294399,43,low,aerobic
57,2024-03-25 09:40:01.607955,65,low,mixed
57,2024-03-25 17:17:37.329290,38,moderate,aerobic
57,2024-03-27 10:46:35.672894,60,moderate,anaerobic
57,2024-03-28 13:07:03.120398,62,low,aerobic
57,2024-03-30 09:52:00.433750,60,high,mixed
57,2024-03-31 14:55:32.659370,32,low,anaerobic
57,2024-04-05 17:57:40.759337,57,low,mixed
57,2024-04-09 12:58:35.188047,56,low,aerobic
57,2024-04-09 15:58:20.792133,40,high,aerobic
57,2024-04-17 07:38:55.180798,78,low,anaerobic
57,2024-04-17 20:24:46.342037,66,low,aerobic
57,2024-04-24 08:00:32.098576,77,low,anaerobic
57,2024-04-27 11:43:41.819766,79,moderate,anaerobic
57,2024-04-28 15:30:53.314462,41,moderate,anaerobic
57,2024-04-29 08:06:10.615465,79,low,aerobic
57,2024-05-04 20:54:02.351446,28,moderate,aerobic
57,2024-05-05 18:22:17.724457,31,low,mixed
57,2024-05-10 07:47:05.022922,28,moderate,aerobic
57,2024-05-12 12:10:57.625179,38,moderate,aerobic
57,2024-05-13 09:57:11.784532,59,high,mixed
57,2024-05-17 16:00:13.767374,76,high,aerobic
57,2024-05-19 17:29:36.920412,72,moderate,aerobic
57,2024-05-20 09:12:23.425665,47,high,mixed
57,2024-05-21 18:05:51.892077,32,low,anaerobic
57,2024-05-24 14:25:02.583223,67,moderate,aerobic
57,2024-05-29 07:30:50.234560,24,moderate,aerobic
57,2024-05-29 09:17:01.476765,54,moderate,mixed
57,2024-06-01 20:43:58.163454,69,moderate,anaerobic
57,2024-06-03 20:53:13.925957,28,moderate,anaerobic
57,2024-06-05 10:22:33.048664,71,moderate,aerobic
57,2024-06-07 11:11:54.876145,65,low,anaerobic
57,2024-06-09 17:37:03.275413,45,low,aerobic
57,2024-06-10 18:40:54.068425,42,low,aerobic
57,2024-06-14 20:56:24.982619,77,low,aerobic
57,2024-06-15 18:53:53.546047,42,moderate,aerobic
57,2024-06-21 12:11:23.638239,73,high,mixed
57,2024-06-23 12:39:22.056305,32,low,mixed
57,2024-06-23 19:17:33.101881,42,low,mixed
57,2024-06-25 08:51:23.329181,47,moderate,aerobic
58,2024-01-02 09:39:25.033464,59,moderate,aerobic
58,2024-01-04 15:00:12.455830,77,low,anaerobic
58,2024-01-06 14:54:35.597020,37,moderate,aerobic
58,2024-01-07 17:01:41.094456,52,low,mixed
58,2024-01-11 13:51:36.701071,55,high,aerobic
58,2024-01-12 08:55:41.225616,28,low,aerobic
58,2024-01-17 13:49:28.658984,44,high,anaerobic
58,2024-01-18 20:13:18.268337,56,high,aerobic
58,2024-01-22 11:28:50.112236,77,moderate,mixed
58,2024-01-26 14:59:29.144995,77,moderate,anaerobic
58,2024-01-27 15:35:00.076085,22,low,anaerobic
58,2024-01-29 10:57:21.011667,55,moderate,aerobic
58,2024-01-31 20:14:02.415714,59,moderate,aerobic
58,2024-02-01 10:40:21.777950,78,high,mixed
58,2024-02-03 08:16:49.191822,53,moderate,mixed
58,2024-02-04 12:52:02.828387,39,low,aerobic
58,2024-02-04 19:11:14.707523,44,high,aerobic
58,2024-02-05 07:33:34.256731,39,moderate,aerobic
58,2024-02-11 11:32:10.675337,20,moderate,anaerobic
58,2024-02-14 07:16:40.183782,21,moderate,aerobic
58,2024-02-19 09:16:26.683048,75,low,aerobic
58,2024-02-21 21:04:58.313075,73,high,aerobic
58,2024-02-22 12:45:11.465698,45,low,aerobic
58,2024-02-23 16:57:52.168060,56,low,anaerobic
58,2024-02-23 20:32:10.452316,62,moderate,aerobic
58,2024-02-26 20:15:11.101082,45,high,mixed
58,2024-02-27 20:55:22.049285,65,moderate,aerobic
58,2024-03-04 15:14:17.600210,20,high,mixed
58,2024-03-06 18:40:57.920889,73,low,anaerobic
58,2024-03-07 15:36:39.002802,59,high,mixed
58,2024-03-07 16:08:57.057182,78,moderate,aerobic
58,2024-03-08 12:57:58.478291,70,high,aerobic
58,2024-03-12 15:58:39.063761,26,high,aerobic
58,2024-03-15 14:26:22.771846,49,high,aerobic
58,2024-03-15 15:27:33.123336,72,low,aerobic
58,2024-03-16 12:00:35.338822,78,low,mixed
58,2024-03-17 09:02:26.759600,23,high,aerobic
58,2024-03-23 16:25:04.447046,63,moderate,anaerobic
58,2024-03-29 07:21:14.917269,37,moderate,aerobic
58,2024-03-31 15:48:16.782973,27,moderate,anaerobic
58,2024-04-01 12:15:45.759581,54,high,aerobic
58,2024-04-02 16:22:03.452354,24,high,mixed
58,2024-04-06 14:54:48.567362,41,moderate,aerobic
58,2024-04-07 13:37:50.138125,41,moderate,mixed
58,2024-04-08 09:15:28.160346,24,moderate,aerobic
58,2024-04-09 16:55:35.281580,27,low,aerobic
58,2024-04-12 07:42:50.021241,42,low,mixed
58,2024-04-16 08:58:34.830230,79,low,aerobic
58,2024-04-21 18:32:59.895317,73,moderate,mixed
58,2024-04-22 13:08:40.968324,79,low,aerobic
58,2024-04-22 18:16:41.862944,21,low,anaerobic
58,2024-04-26 11:35:49.690343,48,high,anaerobic
58,2024-04-27 19:47:15.155157,24,high,mixed
58,2024-04-28 11:34:03.402617,47,moderate,aerobic
58,2024-05-05 17:34:37.479687,41,high,aerobic
58,2024-05-16 18:40:25.287276,43,moderate,anaerobic
58,2024-05-22 20:24:00.101157,35,moderate,anaerobic
58,2024-05-24 08:44:03.180434,64,moderate,mixed
58,2024-05-25 12:01:41.767455,26,high,aerobic
58,2024-05-28 13:25:29.052261,58,low,anaerobic
58,2024-05-31 14:31:12.871992,24,low,aerobic
58,2024-05-31 19:13:37.508975,65,moderate,aerobic
58,2024-06-03 20:25:07.103417,49,moderate,anaerobic
58,2024-06-04 19:50:18.930252,44,moderate,mixed
58,2024-06-09 11:29:32.590379,49,moderate,mixed
58,2024-06-12 11:55:50.364020,73,moderate,aerobic
58,2024-06-13 19:30:36.824603,48,low,aerobic
58,2024-06-14 12:51:54.807565,48,low,anaerobic
58,2024-06-16 08:05:39.236021,53,high,aerobic
58,2024-06-27 20:23:50.935905,44,moderate,anaerobic
59,2024-01-05 11:32:10.332535,23,low,mixed
59,2024-01-05 16:16:10.123562,43,moderate,anaerobic
59,2024-01-14 16:58:51.866832,74,moderate,aerobic
59,2024-01-15 11:02:50.331168,26,moderate,anaerobic
59,2024-01-16 11:29:34.704214,68,high,anaerobic
59,2024-01-20 08:47:28.732474,58,high,aerobic
59,2024-01-21 08:25:04.316578,39,moderate,anaerobic
59,2024-01-23 17:30:59.375369,58,moderate,anaerobic
59,2024-01-24 11:33:10.116954,32,moderate,anaerobic
59,2024-01-25 18:52:57.978805,49,moderate,aerobic
59,2024-01-27 12:22:00.607255,27,moderate,anaerobic
59,2024-01-28 07:24:15.843027,61,moderate,aerobic
59,2024-02-01 13:03:01.243121,55,low,aerobic
59,2024-02-09 09:30:52.576753,20,moderate,aerobic
59,2024-02-10 18:22:36.054082,49,low,mixed
59,2024-02-14 11:56:54.682534,24,high,aerobic
59,2024-02-16 17:13:01.985983,52,moderate,aerobic
59,2024-02-21 20:20:38.660869,22,moderate,aerobic
59,2024-02-23 10:51:48.719270,58,low,aerobic
59,2024-02-28 20:14:25.842624,26,low,anaerobic
59,2024-03-01 09:24:54.761902,23,moderate,aerobic
59,2024-03-01 17:39:50.657013,20,moderate,aerobic
59,2024-03-02 12:28:47.789217,24,moderate,aerobic
59,2024-03-05 12:46:40.008518,41,low,aerobic
59,2024-03-08 15:06:07.923330,29,moderate,aerobic
59,2024-03-11 13:51:46.215247,57,low,aerobic
59,2024-03-12 10:42:33.427693,68,moderate,aerobic
59,2024-03-14 13:57:39.725477,71,moderate,anaerobic
59,2024-03-19 20:05:51.194987,62,moderate,aerobic
59,2024-03-20 19:36:32.320159,73,low,aerobic
59,2024-03-21 14:11:06.792702,54,moderate,mixed
59,2024-03-23 09:31:05.899695,49,high,aerobic
59,2024-03-27 16:09:11.670649,24,low,aerobic
59,2024-03-28 07:54:57.943732,59,low,mixed
59,2024-03-28 20:23:48.063549,27,moderate,aerobic
59,2024-03-29 15:49:44.946866,55,low,aerobic
59,2024-03-30 09:58:38.355634,64,moderate,anaerobic
59,2024-03-31 11:26:49.674136,46,low,mixed
59,2024-04-02 07:28:16.094992,56,moderate,mixed
59,2024-04-05 20:13:50.078362,46,moderate,mixed
59,2024-04-06 07:47:26.396334,31,low,anaerobic
59,2024-04-09 20:23:54.267536,49,moderate,anaerobic
59,2024-04-12 10:10:59.419781,27,high,aerobic
59,2024-04-16 08:57:48.354587,49,low,anaerobic
59,2024-04-17 13:18:07.934320,33,moderate,anaerobic
59,2024-04-18 14:40:09.734214,53,moderate,anaerobic
59,2024-04-20 07:52:20.059250,75,moderate,mixed
59,2024-04-22 09:52:48.258153,42,moderate,aerobic
59,2024-04-23 17:54:32.093038,49,low,aerobic
59,2024-04-25 19:56:27.978379,57,moderate,aerobic
59,2024-04-29 19:22:01.908888,41,high,aerobic
59,2024-05-08 10:37:39.335242,36,low,anaerobic
59,2024-05-10 12:02:42.283042,77,high,mixed
59,2024-05-10 19:57:39.557819,58,moderate,aerobic
59,2024-05-11 09:56:02.420336,56,moderate,aerobic
59,2024-05-13 13:19:34.289611,51,low,aerobic
59,2024-05-13 13:36:27.259191,33,moderate,mixed
59,2024-05-16 18:36:21.575262,77,moderate,mixed
59,2024-05-18 15:32:35.482385,20,high,aerobic
59,2024-05-21 15:02:24.375717,74,high,aerobic
59,2024-05-23 18:42:01.007030,54,low,aerobic
59,2024-05-24 20:10:21.473174,63,moderate,mixed
59,2024-05-25 08:26:59.535864,76,high,anaerobic
59,2024-05-25 16:10:41.423529,40,moderate,aerobic
59,2024-05-26 20:50:23.952236,65,high,anaerobic
59,2024-05-28 13:52:03.405081,51,moderate,mixed
59,2024-05-30 11:53:14.902660,26,low,aerobic
59,2024-05-31 11:59:23.573348,20,moderate,aerobic
59,2024-06-04 18:56:52.322075,62,low,aerobic
59,2024-06-06 08:47:56.736595,26,high,anaerobic
59,2024-06-07 07:30:10.444098,74,moderate,mixed
59,2024-06-09 13:57:23.575980,54,moderate,mixed
59,2024-06-10 07:51:12.360909,39,moderate,anaerobic
59,2024-06-10 11:45:08.562914,59,high,mixed
59,2024-06-15 13:39:35.786496,53,moderate,anaerobic
59,2024-06-16 18:57:36.971928,65,high,aerobic
59,2024-06-18 16:54:54.465668,72,moderate,anaerobic
59,2024-06-21 09:37:13.630225,67,moderate,aerobic
59,2024-06-22 09:25:22.439310,75,high,mixed
59,2024-06-23 13:54:12.636279,30,moderate,anaerobic
59,2024-06-24 17:21:36.260754,50,high,anaerobic
59,2024-06-28 19:30:30.665173,60,high,aerobic
60,2024-01-14 09:58:05.168529,33,high,mixed
60,2024-01-20 18:00:51.804246,58,low,anaerobic
60,2024-01-22 12:53:58.359291,42,high,mixed
60,2024-01-23 09:38:42.323023,53,high,aerobic
60,2024-01-28 15:43:06.051875,41,low,aerobic
60,2024-01-29 17:04:30.622242,28,moderate,mixed
60,2024-01-31 17:34:44.945062,32,high,mixed
60,2024-02-01 19:35:55.302651,37,moderate,aerobic
60,2024-02-02 13:41:43.251596,56,moderate,mixed
60,2024-02-03 15:11:40.087943,50,low,aerobic
60,2024-02-06 20:59:45.693706,64,moderate,anaerobic
60,2024-02-07 09:53:09.745654,46,moderate,aerobic
60,2024-02-08 15:42:59.008555,25,low,aerobic
60,2024-02-08 15:45:26.997364,78,moderate,aerobic
60,2024-02-12 13:37:34.272562,64,low,anaerobic
60,2024-02-14 20:01:41.041907,33,moderate,mixed
60,2024-02-16 11:50:56.982976,26,moderate,anaerobic
60,2024-02-19 16:09:31.513818,38,high,anaerobic
60,2024-02-21 11:55:48.922180,30,moderate,mixed
60,2024-02-21 18:55:05.449119,45,moderate,aerobic
60,2024-02-24 07:19:24.663059,47,low,aerobic
60,2024-02-26 18:13:08.053591,59,moderate,aerobic
60,2024-02-27 07:41:56.959050,40,moderate,mixed
60,2024-03-02 10:07:46.252237,25,high,anaerobic
60,2024-03-02 16:15:02.978623,37,high,aerobic
60,2024-03-10 08:04:11.970735,57,low,anaerobic
60,2024-03-13 14:53:18.152737,78,moderate,anaerobic
60,2024-03-15 08:38:43.374842,35,low,mixed
60,2024-03-18 11:06:18.748956,62,moderate,aerobic
60,2024-03-20 10:15:51.289080,62,low,aerobic
60,2024-03-22 11:46:11.233779,26,moderate,anaerobic
60,2024-03-22 18:51:18.794062,30,low,aerobic
60,2024-03-23 10:04:12.029098,66,moderate,anaerobic
60,2024-03-24 18:17:31.224483,73,moderate,aerobic
60,2024-03-29 10:19:34.221233,53,moderate,aerobic
60,2024-03-31 18:18:21.858515,43,moderate,anaerobic
60,2024-04-04 12:07:43.629651,78,high,mixed
60,2024-04-10 08:56:33.531831,36,low,mixed
60,2024-04-11 18:33:49.506505,53,moderate,mixed
60,2024-04-14 17:25:45.505382,73,moderate,aerobic
60,2024-04-16 09:20:37.651371,45,moderate,mixed
60,2024-04-16 11:28:39.849298,56,moderate,aerobic
60,2024-04-18 12:36:21.213384,34,moderate,anaerobic
60,2024-04-22 12:45:41.943980,68,low,aerobic
60,2024-04-23 16:55:18.748906,63,moderate,anaerobic
60,2024-04-26 12:04:16.853888,55,low,aerobic
60,2024-04-28 13:48:54.114756,29,moderate,anaerobic
60,2024-04-29 16:16:54.527299,68,high,aerobic
60,2024-04-30 12:13:49.966096,36,moderate,anaerobic
60,2024-05-01 07:53:48.459265,47,moderate,anaerobic
60,2024-05-02 19:36:41.243153,46,low,aerobic
60,2024-05-11 08:49:10.191329,22,moderate,anaerobic
60,2024-05-13 14:21:45.166563,56,low,anaerobic
60,2024-05-13 17:38:47.277135,57,moderate,aerobic
60,2024-05-14 13:34:31.578675,50,moderate,aerobic
60,2024-05-17 14:55:53.408486,78,low,aerobic
60,2024-05-20 19:32:05.129707,74,moderate,aerobic
60,2024-05-25 12:28:14.354094,43,low,aerobic
60,2024-05-31 16:13:03.565006,24,high,aerobic
60,2024-06-03 16:33:17.295685,33,moderate,anaerobic
60,2024-06-05 07:51:29.896805,65,low,anaerobic
60,2024-06-05 14:14:05.566204,44,moderate,mixed
60,2024-06-08 21:06:12.600213,60,moderate,aerobic
60,2024-06-09 14:01:08.374577,27,moderate,aerobic
60,2024-06-14 13:08:26.044481,47,moderate,aerobic
60,2024-06-16 19:11:17.870623,21,moderate,aerobic
60,2024-06-22 11:02:13.401507,40,high,anaerobic
60,2024-06-22 19:15:36.939454,51,high,anaerobic
60,2024-06-24 09:34:49.828282,36,low,anaerobic
60,2024-06-24 16:51:31.153900,45,low,aerobic
60,2024-06-27 11:41:43.870387,23,moderate,aerobic
60,2024-06-27 13:49:24.309304,22,low,aerobic
61,2024-01-05 17:47:58.131060,64,low,anaerobic
61,2024-01-09 08:08:10.996978,39,low,anaerobic
61,2024-01-11 17:01:57.317713,51,moderate,mixed
61,2024-01-12 17:27:13.358013,74,low,aerobic
61,2024-01-14 15:14:31.442184,70,low,aerobic
61,2024-01-18 10:24:24.624673,29,high,aerobic
61,2024-01-18 11:40:38.414053,36,moderate,anaerobic
61,2024-01-27 17:43:44.368837,42,high,aerobic
61,2024-01-28 20:19:21.348763,27,moderate,aerobic
61,2024-01-31 09:52:35.863789,34,low,anaerobic
61,2024-02-05 11:22:53.676075,74,moderate,aerobic
61,2024-02-10 20:51:29.248265,35,low,anaerobic
61,2024-02-18 17:21:05.942542,59,moderate,anaerobic
61,2024-02-20 11:13:29.011420,22,moderate,mixed
61,2024-02-24 17:02:23.122333,52,moderate,aerobic
61,2024-02-26 10:51:16.103946,27,high,mixed
61,2024-02-27 20:53:29.579638,66,moderate,aerobic
61,2024-03-05 12:08:28.781283,64,high,aerobic
61,2024-03-13 18:24:09.922875,55,high,aerobic
61,2024-03-20 09:58:30.946872,37,low,aerobic
61,2024-03-22 20:13:38.349301,69,moderate,aerobic
61,2024-03-23 18:37:37.005488,49,moderate,aerobic
61,2024-03-26 13:58:50.080018,74,moderate,anaerobic
61,2024-03-29 08:18:51.874327,29,moderate,mixed
61,2024-04-02 17:56:52.320388,27,moderate,aerobic
61,2024-04-04 13:41:49.458764,37,high,mixed
61,2024-04-12 07:19:10.291379,29,moderate,anaerobic
61,2024-04-14 12:56:46.144828,29,high,aerobic
61,2024-04-16 11:35:39.555574,33,low,aerobic
61,2024-04-19 16:00:27.493341,28,moderate,anaerobic
61,2024-04-21 10:55:09.248937,41,low,aerobic
61,2024-04-21 11:49:32.093945,33,high,mixed
61,2024-04-24 09:35:01.538296,29,high,anaerobic
61,2024-04-24 14:08:04.171546,54,high,aerobic
61,2024-04-28 20:49:57.658700,45,moderate,mixed
61,2024-04-29 16:40:52.027951,49,moderate,aerobic
61,2024-05-02 14:08:23.626121,32,high,mixed
61,2024-05-05 20:33:03.011017,70,moderate,aerobic
61,2024-05-10 08:59:45.158244,36,moderate,aerobic
61,2024-05-11 20:05:25.698769,47,low,anaerobic
61,2024-05-15 09:17:41.103230,60,low,aerobic
61,2024-05-16 07:58:21.296067,40,moderate,aerobic
61,2024-05-20 08:06:09.834349,47,moderate,aerobic
61,2024-05-27 11:57:36.857460,27,moderate,mixed
61,2024-05-27 20:38:22.584899,40,low,mixed
61,2024-05-31 14:53:06.411197,79,low,anaerobic
61,2024-06-02 18:36:28.826161,54,moderate,anaerobic
61,2024-06-13 19:14:33.365393,58,low,aerobic
61,2024-06-21 20:55:50.922907,71,low,mixed
61,2024-06-22 20:44:32.972995,33,moderate,mixed
61,2024-06-28 18:41:16.616890,66,moderate,aerobic
62,2024-01-03 13:54:01.578632,64,moderate,aerobic
62,2024-01-07 11:35:22.956271,55,low,mixed
62,2024-01-11 08:33:15.476351,35,low,aerobic
62,2024-01-19 09:22:45.200388,58,moderate,aerobic
62,2024-01-20 11:08:47.655059,23,moderate,aerobic
62,2024-01-27 08:10:13.266629,51,moderate,aerobic
62,2024-01-27 18:38:09.022548,61,moderate,anaerobic
62,2024-02-02 10:57:28.907907,64,moderate,aerobic
62,2024-02-03 21:07:13.742716,35,moderate,aerobic
62,2024-02-04 10:21:52.653498,76,moderate,anaerobic
62,2024-02-04 20:11:00.452554,53,low,anaerobic
62,2024-02-05 09:26:58.829956,31,low,anaerobic
62,2024-02-10 17:32:22.501244,41,low,anaerobic
62,2024-02-11 19:37:06.512615,54,low,mixed
62,2024-02-13 13:26:40.760358,59,low,aerobic
62,2024-02-16 16:43:00.701824,69,high,mixed
62,2024-02-18 18:27:15.648211,46,low,aerobic
62,2024-02-20 15:12:44.050194,36,moderate,aerobic
62,2024-02-20 17:19:37.537939,77,moderate,aerobic
62,2024-02-21 11:02:48.221306,37,low,aerobic
62,2024-02-24 15:20:23.262163,46,moderate,aerobic
62,2024-03-09 20:48:49.981404,31,moderate,anaerobic
62,2024-03-15 20:16:12.151399,52,high,aerobic
62,2024-04-06 20:49:10.005838,52,low,aerobic
62,2024-04-13 09:43:42.813947,79,high,mixed
62,2024-04-14 19:00:35.696992,20,moderate,aerobic
62,2024-04-16 20:49:35.859319,56,low,mixed
62,2024-04-19 11:49:11.394045,30,low,aerobic
62,2024-04-25 17:59:47.398048,26,low,aerobic
62,2024-05-05 12:06:10.374342,48,moderate,aerobic
62,2024-05-07 08:37:34.782581,36,high,aerobic
62,2024-05-11 15:23:00.093896,61,low,mixed
62,2024-05-20 12:39:41.398119,30,high,aerobic
62,2024-05-30 09:30:56.165677,74,moderate,mixed
62,2024-05-31 17:22:07.765554,31,moderate,anaerobic
62,2024-06-03 20:41:07.127587,58,high,aerobic
62,2024-06-05 08:12:07.788154,39,low,anaerobic
62,2024-06-08 07:48:26.980511,24,high,mixed
62,2024-06-11 08:11:35.495520,26,high,anaerobic
62,2024-06-20 07:37:29.163387,77,low,anaerobic
62,2024-06-21 20:08:30.960290,79,low,anaerobic
62,2024-06-23 20:56:14.615655,69,moderate,aerobic
63,2024-01-08 16:20:11.210892,33,high,mixed
63,2024-01-10 13:49:47.239798,20,moderate,anaerobic
63,2024-01-11 13:51:01.483993,53,moderate,aerobic
63,2024-01-12 15:48:21.643626,65,low,aerobic
63,2024-01-21 15:07:44.045910,52,moderate,mixed
63,2024-01-23 20:14:06.582925,67,moderate,anaerobic
63,2024-01-25 14:58:56.526306,69,low,aerobic
63,2024-01-25 20:27:25.575021,26,high,anaerobic
63,2024-01-31 11:47:36.375881,54,high,anaerobic
63,2024-02-03 08:13:22.769880,24,high,aerobic
63,2024-02-09 14:15:28.714874,30,low,aerobic
63,2024-02-11 09:04:35.923697,65,moderate,aerobic
63,2024-02-13 09:16:11.102086,34,high,mixed
63,2024-02-28 19:39:50.733343,74,high,aerobic
63,2024-03-04 18:08:52.070753,79,high,mixed
63,2024-03-11 16:32:45.667457,45,moderate,mixed
63,2024-03-15 08:24:50.196606,57,moderate,aerobic
63,2024-03-18 09:52:29.965058,74,moderate,aerobic
63,2024-03-18 17:29:44.632777,27,moderate,aerobic
63,2024-03-24 21:11:51.171235,21,moderate,aerobic
63,2024-03-25 19:10:50.922838,27,moderate,aerobic
63,2024-03-27 09:44:31.584998,22,low,aerobic
63,2024-03-29 09:12:59.685175,66,moderate,mixed
63,2024-03-30 20:41:06.643819,78,low,mixed
63,2024-04-07 10:45:28.297313,44,low,aerobic
63,2024-04-09 12:47:34.881367,58,low,mixed
63,2024-04-14 11:40:06.373855,68,moderate,aerobic
63,2024-04-15 10:37:04.647313,77,low,anaerobic
63,2024-04-17 14:09:40.711979,21,moderate,mixed
63,2024-04-19 18:47:48.823407,49,high,mixed
63,2024-04-20 13:14:13.052336,50,high,aerobic
63,2024-04-23 08:23:41.061477,56,moderate,aerobic
63,2024-04-27 11:04:05.376321,33,moderate,mixed
63,2024-04-29 08:46:14.382139,46,moderate,aerobic
63,2024-05-01 15:48:11.018828,64,high,aerobic
63,2024-05-02 11:59:51.862819,21,low,aerobic
63,2024-05-06 08:18:30.569813,77,moderate,mixed
63,2024-05-11 11:32:54.223472,20,high,mixed
63,2024-05-12 18:31:02.152308,37,high,aerobic
63,2024-05-13 13:58:27.714502,41,low,mixed
63,2024-05-16 20:04:53.253243,60,low,mixed
63,2024-05-19 20:06:54.582562,36,moderate,mixed
63,2024-05-20 14:01:04.137344,73,moderate,mixed
63,2024-05-26 17:35:30.045312,43,moderate,mixed
63,2024-05-27 08:18:42.966385,56,moderate,aerobic
63,2024-05-28 09:16:30.305534,32,moderate,mixed
63,2024-06-02 15:34:31.308340,22,low,mixed
63,2024-06-04 09:40:47.307652,31,high,aerobic
63,2024-06-10 12:40:17.760797,39,low,aerobic
63,2024-06-14 08:00:44.615794,42,high,mixed
63,2024-06-21 07:50:36.617680,32,moderate,aerobic
63,2024-06-27 15:01:55.259676,65,high,mixed
64,2024-01-04 19:18:35.704721,26,high,anaerobic
64,2024-01-05 20:52:11.957904,50,moderate,mixed
64,2024-01-07 12:23:05.068951,45,moderate,mixed
64,2024-01-12 08:56:43.267534,31,moderate,aerobic
64,2024-01-18 19:35:57.974969,45,low,mixed
64,2024-01-22 10:50:35.279725,46,moderate,mixed
64,2024-01-25 13:58:14.307082,58,moderate,anaerobic
64,2024-01-26 13:29:11.125345,76,moderate,aerobic
64,2024-01-27 08:08:12.716803,79,low,aerobic
64,2024-02-01 14:51:21.564622,53,moderate,aerobic
64,2024-02-04 19:39:28.039329,72,moderate,aerobic
64,2024-02-05 17:09:09.666353,41,low,anaerobic
64,2024-02-05 17:45:44.222603,22,high,aerobic
64,2024-02-06 12:09:47.524281,59,low,anaerobic
64,2024-02-07 14:18:56.768813,59,moderate,anaerobic
64,2024-02-17 09:09:48.354673,58,high,anaerobic
64,2024-02-20 11:33:19.246562,79,low,anaerobic
64,2024-02-23 15:11:22.365337,21,low,aerobic
64,2024-02-27 20:12:14.803480,42,moderate,aerobic
64,2024-03-09 14:41:21.202520,35,high,anaerobic
64,2024-03-14 10:16:32.649555,38,moderate,mixed
64,2024-03-16 17:58:35.994494,32,low,aerobic
64,2024-03-22 08:47:34.776556,34,low,aerobic
64,2024-03-29 15:46:16.859542,22,high,aerobic
64,2024-03-31 12:38:39.704550,47,moderate,anaerobic
64,2024-03-31 13:07:32.392815,55,moderate,aerobic
64,2024-04-01 20:43:12.471937,67,low,aerobic
64,2024-04-17 18:52:14.804704,62,moderate,aerobic
64,2024-04-21 19:09:55.091359,52,moderate,aerobic
64,2024-04-24 09:04:18.603346,73,high,anaerobic
64,2024-05-11 16:29:43.451928,45,moderate,mixed
64,2024-05-14 08:49:16.610389,32,moderate,mixed
64,2024-05-14 18:12:58.822626,73,moderate,anaerobic
64,2024-05-22 18:35:51.831551,69,high,aerobic
64,2024-05-30 18:00:32.117622,30,moderate,aerobic
64,2024-05-31 20:09:03.398284,58,high,mixed
64,2024-06-06 14:39:37.428825,23,high,aerobic
64,2024-06-08 07:36:17.842340,72,high,aerobic
64,2024-06-10 17:16:00.844842,75,moderate,mixed
64,2024-06-11 10:41:48.091223,77,moderate,anaerobic
64,2024-06-18 17:58:13.840306,40,moderate,mixed
64,2024-06-20 17:18:28.517649,45,low,aerobic
64,2024-06-21 14:07:51.129924,52,high,aerobic
64,2024-06-25 16:20:14.088337,23,high,aerobic
65,2024-01-04 20:41:46.677883,68,moderate,aerobic
65,2024-01-06 20:38:07.029200,47,moderate,aerobic
65,2024-01-07 15:46:18.854118,28,low,aerobic
65,2024-01-07 19:33:00.833500,63,high,anaerobic
65,2024-01-09 14:45:31.994595,54,moderate,mixed
65,2024-01-10 11:00:02.210707,56,moderate,anaerobic
65,2024-01-10 19:35:56.530391,55,moderate,mixed
65,2024-01-11 19:07:53.795211,67,high,aerobic
65,2024-01-15 09:29:09.555658,70,moderate,mixed
65,2024-01-15 15:55:37.154804,57,high,anaerobic
65,2024-01-19 12:13:53.846288,68,moderate,anaerobic
65,2024-01-19 18:56:26.599696,60,moderate,mixed
65,2024-01-20 20:51:17.119455,73,moderate,anaerobic
65,2024-01-23 16:49:52.458517,66,moderate,mixed
65,2024-01-24 10:06:39.188901,36,high,aerobic
65,2024-02-01 16:34:19.465573,42,moderate,anaerobic
65,2024-02-01 19:16:50.044251,60,low,aerobic
65,2024-02-02 07:48:31.759137,76,low,mixed
65,2024-02-06 08:26:07.255195,40,low,aerobic
65,2024-02-07 11:03:49.352152,35,moderate,anaerobic
65,2024-02-10 16:54:32.220424,59,moderate,anaerobic
65,2024-02-16 20:58:04.239371,20,moderate,aerobic
65,2024-02-17 13:15:56.995152,74,high,aerobic
65,2024-02-18 08:47:31.748558,72,low,mixed
65,2024-02-20 11:13:07.787941,42,high,mixed
65,2024-02-23 18:02:57.292004,54,low,aerobic
65,2024-02-25 11:48:14.769393,36,high,aerobic
65,2024-02-26 20:59:20.880504,50,moderate,aerobic
65,2024-02-28 17:03:03.244084,58,high,aerobic
65,2024-02-29 12:05:17.873178,25,moderate,mixed
65,2024-03-01 19:14:43.039183,78,moderate,aerobic
65,2024-03-02 09:46:56.274552,53,moderate,mixed
65,2024-03-07 21:00:20.828268,27,low,anaerobic
65,2024-03-09 16:31:57.604192,23,moderate,mixed
65,2024-03-09 20:47:43.929921,38,high,mixed
65,2024-03-10 19:59:58.240045,77,moderate,aerobic
65,2024-03-11 18:16:35.893546,67,moderate,aerobic
65,2024-03-12 09:42:02.929490,28,high,aerobic
65,2024-03-17 08:46:06.123235,76,low,aerobic
65,2024-03-19 10:11:43.633019,54,moderate,aerobic
65,2024-03-23 18:44:16.341129,72,moderate,aerobic
65,2024-03-25 09:36:31.811312,71,low,aerobic
65,2024-03-26 07:24:44.689763,59,moderate,aerobic
65,2024-03-30 17:46:17.493527,77,high,aerobic
65,2024-04-01 19:17:42.647981,45,moderate,aerobic
65,2024-04-02 09:28:51.300568,53,high,mixed
65,2024-04-03 12:55:23.732653,76,high,aerobic
65,2024-04-08 12:33:29.269004,68,moderate,mixed
65,2024-04-10 20:16:53.611763,40,moderate,aerobic
65,2024-04-14 11:26:39.639034,59,moderate,mixed
65,2024-04-14 16:34:16.380313,40,moderate,aerobic
65,2024-04-15 08:54:46.961179,42,moderate,aerobic
65,2024-04-16 09:54:23.815525,52,low,aerobic
65,2024-04-20 19:58:37.226014,45,moderate,anaerobic
65,2024-04-21 07:28:35.023530,37,low,anaerobic
65,2024-04-25 14:36:00.427717,74,moderate,mixed
65,2024-04-25 20:46:05.655510,41,high,aerobic
65,2024-04-26 07:49:50.717062,40,low,anaerobic
65,2024-04-27 15:00:23.397925,47,moderate,aerobic
65,2024-04-28 13:02:42.554653,71,high,anaerobic
65,2024-05-01 19:49:35.930941,26,moderate,aerobic
65,2024-05-02 15:14:53.039028,45,moderate,mixed
65,2024-05-02 18:14:16.223074,65,moderate,aerobic
65,2024-05-03 16:09:06.092434,39,high,aerobic
65,2024-05-04 08:25:15.856554,79,high,mixed
65,2024-05-05 19:10:33.496632,50,moderate,aerobic
65,2024-05-07 11:38:54.937980,70,high,anaerobic
65,2024-05-09 17:54:40.502176,23,moderate,aerobic
65,2024-05-14 10:23:19.417577,77,moderate,aerobic
65,2024-05-14 19:43:33.804333,60,moderate,mixed
65,2024-05-15 17:49:05.227911,45,moderate,aerobic
65,2024-05-16 16:38:43.407307,58,low,aerobic
65,2024-05-20 13:06:39.722862,69,moderate,aerobic
65,2024-05-24 16:16:51.837633,30,moderate,aerobic
65,2024-05-25 18:46:11.173532,49,moderate,mixed
65,2024-05-28 10:06:05.748518,63,low,anaerobic
65,2024-05-30 10:21:37.348741,49,moderate,aerobic
65,2024-05-30 10:15:18.280258,69,moderate,aerobic
65,2024-05-31 13:12:16.015486,55,moderate,mixed
65,2024-06-05 14:15:58.443100,52,moderate,aerobic
65,2024-06-08 19:27:48.327005,52,moderate,aerobic
65,2024-06-10 10:54:04.095980,52,moderate,aerobic
65,2024-06-12 15:02:08.517999,41,moderate,anaerobic
65,2024-06-12 18:21:41.375853,64,moderate,mixed
65,2024-06-16 15:47:14.487989,57,low,mixed
65,2024-06-17 18:53:13.161057,47,low,mixed
65,2024-06-19 13:47:20.385075,42,moderate,anaerobic
65,2024-06-22 07:45:30.359340,39,low,aerobic
65,2024-06-22 17:14:10.340861,34,high,anaerobic
66,2024-01-03 11:59:01.859217,58,moderate,mixed
66,2024-01-03 13:05:05.820452,42,high,anaerobic
66,2024-01-04 11:25:12.423560,55,high,aerobic
66,2024-01-04 16:36:07.568932,23,moderate,mixed
66,2024-01-11 14:34:00.952379,56,moderate,anaerobic
66,2024-01-12 10:14:20.862290,73,high,aerobic
66,2024-01-15 10:56:19.261603,57,low,aerobic
66,2024-01-20 08:29:58.726449,60,moderate,anaerobic
66,2024-01-22 20:42:56.858080,25,moderate,mixed
66,2024-01-25 14:14:23.304878,53,low,anaerobic
66,2024-01-26 08:18:57.642033,24,moderate,mixed
66,2024-01-28 13:44:56.055870,79,low,mixed
66,2024-01-30 11:00:28.015349,67,high,aerobic
66,2024-02-01 20:55:20.878124,44,low,aerobic
66,2024-02-01 21:00:39.347237,25,low,aerobic
66,2024-02-03 14:33:38.538245,61,low,mixed
66,2024-02-03 20:16:32.229855,23,moderate,aerobic
66,2024-02-04 11:46:54.904667,61,low,mixed
66,2024-02-05 12:51:35.206968,40,high,aerobic
66,2024-02-09 11:42:48.762543,24,low,anaerobic
66,2024-02-10 11:17:38.384749,40,high,anaerobic
66,2024-02-11 19:25:35.075451,21,high,aerobic
66,2024-02-12 11:26:19.140622,26,moderate,aerobic
66,2024-02-14 18:18:26.443123,30,low,anaerobic
66,2024-02-18 10:01:43.489739,78,moderate,aerobic
66,2024-02-18 20:44:37.048578,75,high,aerobic
66,2024-02-21 14:37:39.686184,52,moderate,aerobic
66,2024-02-22 15:26:31.234683,26,high,aerobic
66,2024-02-23 19:34:29.838289,25,low,aerobic
66,2024-02-24 11:43:57.068356,35,low,anaerobic
66,2024-02-27 11:58:37.655370,50,low,aerobic
66,2024-02-29 12:40:28.968340,49,high,aerobic
66,2024-03-05 13:30:48.084325,39,low,aerobic
66,2024-03-14 20:58:56.039239,41,moderate,aerobic
66,2024-03-16 10:49:50.291745,40,moderate,aerobic
66,2024-03-17 16:08:15.559670,25,moderate,aerobic
66,2024-03-18 09:36:30.579359,48,moderate,mixed
66,2024-03-21 19:15:33.402900,62,high,mixed
66,2024-03-22 09:08:50.114048,22,high,aerobic
66,2024-03-28 21:13:26.372810,69,low,mixed
66,2024-03-29 18:44:45.178662,46,moderate,aerobic
66,2024-04-04 14:31:05.397372,35,moderate,mixed
66,2024-04-07 10:44:46.351131,56,moderate,aerobic
66,2024-04-07 15:57:50.848115,58,moderate,anaerobic
66,2024-04-08 08:17:59.953079,78,moderate,mixed
66,2024-04-09 21:00:56.458469,66,high,mixed
66,2024-04-22 12:37:04.551116,54,low,aerobic
66,2024-04-24 09:28:43.178151,67,moderate,mixed
66,2024-04-26 09:35:29.487412,73,moderate,aerobic
66,2024-04-29 20:56:16.754416,63,moderate,anaerobic
66,2024-05-07 15:41:01.482383,41,low,mixed
66,2024-05-10 09:26:35.601686,78,high,aerobic
66,2024-05-11 17:55:18.429127,34,moderate,aerobic
66,2024-05-15 09:19:25.548803,30,moderate,aerobic
66,2024-05-20 11:54:52.890405,41,moderate,anaerobic
66,2024-05-20 21:00:34.472709,34,low,aerobic
66,2024-05-21 17:55:17.749938,52,high,mixed
66,2024-05-22 20:44:00.835126,21,moderate,mixed
66,2024-05-25 14:30:25.352908,61,moderate,mixed
66,2024-05-25 17:33:38.267527,76,low,aerobic
66,2024-05-26 13:23:01.843609,59,moderate,anaerobic
66,2024-05-27 15:07:59.090144,23,moderate,mixed
66,2024-05-28 10:04:29.078701,59,high,aerobic
66,2024-05-29 10:59:22.998998,77,moderate,aerobic
66,2024-06-03 17:22:33.686675,68,low,aerobic
66,2024-06-05 19:09:00.561407,70,moderate,mixed
66,2024-06-06 08:01:27.796552,70,moderate,aerobic
66,2024-06-07 10:32:37.033471,45,high,aerobic
66,2024-06-08 18:19:38.393063,23,moderate,aerobic
66,2024-06-10 07:25:47.311227,57,moderate,anaerobic
66,2024-06-12 16:39:09.625574,28,moderate,mixed
66,2024-06-12 18:30:21.023899,21,moderate,aerobic
66,2024-06-13 16:01:43.182124,22,low,aerobic
66,2024-06-20 15:09:05.370830,21,moderate,anaerobic
66,2024-06-24 17:44:33.762281,48,moderate,aerobic
66,2024-06-27 08:07:56.641984,77,low,aerobic
66,2024-06-27 15:38:03.230901,46,moderate,aerobic
67,2024-01-06 20:10:31.334186,79,moderate,anaerobic
67,2024-01-10 13:26:59.815415,42,moderate,anaerobic
67,2024-01-10 18:24:54.225816,58,moderate,aerobic
67,2024-01-11 07:45:29.746748,61,high,aerobic
67,2024-01-13 16:31:21.353661,59,moderate,anaerobic
67,2024-01-17 13:36:17.527231,54,low,aerobic
67,2024-01-21 14:32:28.969527,54,low,mixed
67,2024-01-23 07:22:07.634966,33,moderate,aerobic
67,2024-01-24 14:45:18.677559,72,high,anaerobic
67,2024-01-25 12:08:02.228167,23,high,aerobic
67,2024-01-25 20:17:11.493954,63,moderate,aerobic
67,2024-01-29 17:01:48.963713,52,high,anaerobic
67,2024-01-30 14:31:10.066350,70,moderate,anaerobic
67,2024-01-31 15:23:56.594047,44,low,aerobic
67,2024-02-10 16:57:01.666343,39,high,aerobic
67,2024-02-12 13:39:36.779956,73,moderate,mixed
67,2024-02-15 11:15:36.363556,49,high,aerobic
67,2024-02-19 09:05:26.385964,48,low,aerobic
67,2024-02-21 17:11:07.018307,75,high,anaerobic
67,2024-02-24 19:32:13.973930,68,low,mixed
67,2024-02-29 17:33:00.405327,35,moderate,aerobic
67,2024-03-02 19:58:16.958110,26,low,aerobic
67,2024-03-03 18:33:58.475746,32,high,anaerobic
67,2024-03-12 21:09:16.494947,39,moderate,mixed
67,2024-03-13 08:39:35.216184,75,low,aerobic
67,2024-03-13 10:18:28.901359,79,high,aerobic
67,2024-03-15 08:41:19.650855,21,low,mixed
67,2024-03-18 13:48:06.715165,46,high,aerobic
67,2024-03-19 19:09:55.069905,20,high,aerobic
67,2024-03-21 10:55:49.991691,21,moderate,aerobic
67,2024-03-21 17:38:19.168045,66,moderate,mixed
67,2024-03-27 15:28:40.430188,51,moderate,aerobic
67,2024-03-30 10:25:25.139460,28,low,anaerobic
67,2024-04-02 11:30:44.336775,41,moderate,aerobic
67,2024-04-02 12:17:51.587734,61,low,aerobic
67,2024-04-03 11:54:26.772191,79,high,aerobic
67,2024-04-08 08:01:15.126556,25,high,aerobic
67,2024-04-08 17:37:45.654117,28,low,aerobic
67,2024-04-09 19:18:15.350938,79,low,mixed
67,2024-04-12 09:42:03.399892,75,moderate,mixed
67,2024-04-12 17:42:52.630654,54,low,anaerobic
67,2024-04-15 15:32:48.741987,32,high,anaerobic
67,2024-04-20 07:22:34.376965,48,high,mixed
67,2024-04-20 17:15:22.967767,43,moderate,aerobic
67,2024-04-29 18:10:04.712794,72,moderate,aerobic
67,2024-05-02 19:06:47.854044,49,moderate,mixed
67,2024-05-03 07:12:05.646529,73,high,mixed
67,2024-05-04 19:43:36.236553,70,moderate,anaerobic
67,2024-05-06 09:41:54.589145,78,high,aerobic
67,2024-05-07 20:07:06.105831,71,low,mixed
67,2024-05-09 13:04:31.665263,51,high,aerobic
67,2024-05-09 20:54:48.134975,25,high,mixed
67,2024-05-10 14:53:12.450670,36,low,aerobic
67,2024-05-14 08:44:55.323480,65,low,aerobic
67,2024-05-17 18:24:57.818761,54,moderate,anaerobic
67,2024-05-23 15:22:37.848182,55,moderate,anaerobic
67,2024-05-30 10:12:19.667937,30,moderate,aerobic
67,2024-06-03 11:02:54.605570,36,low,aerobic
67,2024-06-06 14:47:10.779901,38,moderate,anaerobic
67,2024-06-09 07:20:20.247104,79,moderate,anaerobic
67,2024-06-13 09:50:22.400024,37,low,aerobic
67,2024-06-15 07:50:23.047300,47,high,aerobic
67,2024-06-17 16:18:05.178859,44,low,aerobic
67,2024-06-19 17:45:24.732784,54,moderate,anaerobic
67,2024-06-20 07:48:36.507430,21,moderate,anaerobic
67,2024-06-21 21:00:37.371218,69,moderate,mixed
67,2024-06-23 13:54:36.356623,25,high,anaerobic
67,2024-06-26 17:33:57.424762,21,moderate,aerobic
68,2024-01-10 08:27:58.564847,34,low,mixed
68,2024-01-10 14:09:01.906487,53,moderate,aerobic
68,2024-01-12 09:21:25.107856,29,high,anaerobic
68,2024-01-15 14:26:07.107071,76,moderate,anaerobic
68,2024-01-18 20:27:03.277503,22,moderate,aerobic
68,2024-01-19 16:41:20.110255,75,low,anaerobic
68,2024-01-29 10:08:50.101227,37,high,mixed
68,2024-01-29 11:57:56.948713,26,moderate,mixed
68,2024-01-31 19:15:41.054888,76,low,anaerobic
68,2024-02-05 12:43:39.791514,42,high,mixed
68,2024-02-06 20:31:41.774734,31,moderate,aerobic
68,2024-02-13 14:58:44.641655,43,low,aerobic
68,2024-02-19 14:38:21.841808,38,low,anaerobic
68,2024-02-23 11:05:38.250247,36,moderate,aerobic
68,2024-02-27 13:27:51.340756,27,moderate,anaerobic
68,2024-03-01 11:40:25.905529,66,low,aerobic
68,2024-03-06 19:43:55.084951,33,moderate,aerobic
68,2024-03-08 11:42:01.168583,36,high,mixed
68,2024-03-08 19:14:36.742783,37,moderate,aerobic
68,2024-03-11 20:00:33.787724,34,moderate,anaerobic
68,2024-03-15 13:59:55.267305,52,low,aerobic
68,2024-03-18 16:50:58.418771,73,low,aerobic
68,2024-03-30 09:21:54.656732,77,low,aerobic
68,2024-03-30 12:47:28.231714,34,moderate,anaerobic
68,2024-04-02 16:46:50.415335,45,high,mixed
68,2024-04-05 10:18:29.792082,31,high,anaerobic
68,2024-04-05 20:09:10.634631,40,moderate,aerobic
68,2024-04-07 18:48:49.952361,72,moderate,anaerobic
68,2024-04-13 18:03:28.217428,20,moderate,aerobic
68,2024-04-15 17:13:49.013282,25,high,aerobic
68,2024-04-16 19:24:48.413090,54,high,anaerobic
68,2024-04-19 12:56:38.844896,69,moderate,anaerobic
68,2024-04-20 11:34:22.904217,36,moderate,anaerobic
68,2024-04-22 18:29:15.935837,78,moderate,mixed
68,2024-04-23 15:52:01.831389,73,high,mixed
68,2024-04-26 10:29:04.990759,64,low,aerobic
68,2024-04-27 20:45:01.009182,59,moderate,mixed
68,2024-04-30 10:42:21.346072,59,low,mixed
68,2024-05-04 15:25:10.040578,71,low,aerobic
68,2024-05-09 11:34:09.815032,61,moderate,aerobic
68,2024-05-17 09:14:43.301555,75,low,aerobic
68,2024-05-22 09:35:41.351677,47,low,aerobic
68,2024-05-29 17:53:52.744342,46,moderate,mixed
68,2024-05-30 11:10:09.888022,36,moderate,mixed
68,2024-06-02 14:54:13.571599,22,moderate,anaerobic
68,2024-06-04 13:19:25.430104,54,moderate,aerobic
68,2024-06-06 09:36:11.470400,56,moderate,mixed
68,2024-06-06 10:04:35.065936,35,moderate,aerobic
68,2024-06-15 09:12:56.533399,54,high,anaerobic
68,2024-06-15 16:55:32.587462,69,moderate,aerobic
68,2024-06-16 17:22:21.870413,64,low,aerobic
68,2024-06-18 21:01:50.426750,33,moderate,mixed
68,2024-06-20 14:18:35.530298,70,low,mixed
68,2024-06-27 18:44:56.779389,75,moderate,mixed
69,2024-01-05 09:54:07.169736,73,moderate,aerobic
69,2024-01-06 09:36:28.109233,39,high,anaerobic
69,2024-01-06 19:49:35.180031,41,high,aerobic
69,2024-01-09 08:49:10.431111,31,low,aerobic
69,2024-01-14 12:04:18.098369,36,low,aerobic
69,2024-01-16 17:11:17.524748,60,moderate,anaerobic
69,2024-01-17 18:15:58.087226,73,low,anaerobic
69,2024-01-18 07:02:22.461807,62,moderate,aerobic
69,2024-01-18 14:23:29.675735,34,low,aerobic
69,2024-01-27 16:59:20.473160,51,low,mixed
69,2024-01-29 13:24:53.639333,66,low,anaerobic
69,2024-01-30 20:03:07.484101,40,low,anaerobic
69,2024-02-04 11:10:25.649539,25,moderate,aerobic
69,2024-02-05 15:41:04.951742,33,low,aerobic
69,2024-02-07 10:07:32.213416,45,low,mixed
69,2024-02-08 21:00:40.630129,33,moderate,aerobic
69,2024-02-09 14:45:39.926657,60,moderate,mixed
69,2024-02-11 14:38:30.068576,74,low,aerobic
69,2024-02-12 13:13:18.477847,57,moderate,anaerobic
69,2024-02-12 15:54:43.088383,56,moderate,mixed
69,2024-02-13 08:27:35.327481,21,moderate,anaerobic
69,2024-02-14 11:28:29.838216,37,low,anaerobic
69,2024-02-17 10:58:45.382255,21,moderate,aerobic
69,2024-02-23 09:03:57.420290,37,moderate,anaerobic
69,2024-02-25 17:29:47.212284,66,high,aerobic
69,2024-02-26 11:26:32.217349,51,high,aerobic
69,2024-03-03 19:25:40.598823,31,moderate,anaerobic
69,2024-03-05 20:31:42.534604,33,moderate,aerobic
69,2024-03-07 09:46:58.623657,21,moderate,aerobic
69,2024-03-09 17:07:08.687121,35,low,mixed
69,2024-03-17 11:09:12.828968,31,moderate,aerobic
69,2024-03-18 12:54:57.557186,37,low,aerobic
69,2024-03-18 13:58:19.438271,29,moderate,anaerobic
69,2024-03-19 18:01:44.130408,54,high,aerobic
69,2024-03-20 20:09:24.080585,49,high,aerobic
69,2024-03-22 19:15:02.441450,47,low,aerobic
69,2024-03-23 18:22:41.602384,34,high,aerobic
69,2024-03-26 13:20:53.497652,29,low,aerobic
69,2024-03-28 20:52:11.444956,72,moderate,anaerobic
69,2024-03-30 08:49:22.226930,65,low,aerobic
69,2024-03-30 14:32:06.938727,23,high,aerobic
69,2024-03-31 09:12:18.897431,65,moderate,aerobic
69,2024-03-31 17:36:38.058040,56,low,anaerobic
69,2024-04-01 08:32:50.328428,39,moderate,aerobic
69,2024-04-02 07:41:03.519681,71,moderate,aerobic
69,2024-04-03 12:05:34.524653,77,low,aerobic
69,2024-04-06 19:26:18.828224,36,high,anaerobic
69,2024-04-19 09:07:22.453503,62,moderate,anaerobic
69,2024-04-22 18:44:59.349929,37,moderate,aerobic
69,2024-04-23 13:24:24.332758,23,moderate,aerobic
69,2024-04-24 15:38:06.997430,27,low,aerobic
69,2024-04-27 15:06:21.003795,39,moderate,aerobic
69,2024-04-28 12:17:07.117784,72,low,aerobic
69,2024-05-01 16:38:23.755424,31,low,aerobic
69,2024-05-06 15:38:37.152155,44,moderate,aerobic
69,2024-05-10 11:19:39.284354,61,moderate,mixed
69,2024-05-13 08:44:06.243890,31,moderate,aerobic
69,2024-05-13 15:39:42.575993,67,moderate,aerobic
69,2024-05-15 11:43:41.095390,64,low,mixed
69,2024-05-21 09:45:57.019941,43,moderate,aerobic
69,2024-05-24 19:06:51.183415,21,moderate,anaerobic
69,2024-05-27 08:57:30.600578,39,high,mixed
69,2024-05-29 13:09:59.324158,68,moderate,mixed
69,2024-05-30 15:17:50.518850,37,high,aerobic
69,2024-06-02 12:10:26.961342,35,high,mixed
69,2024-06-04 09:19:55.198143,71,high,mixed
69,2024-06-06 15:14:35.354363,29,moderate,aerobic
69,2024-06-09 15:36:46.371954,68,low,anaerobic
69,2024-06-10 20:25:45.337623,65,moderate,mixed
69,2024-06-11 09:43:14.029274,63,low,mixed
69,2024-06-15 13:59:43.975151,51,moderate,anaerobic
69,2024-06-17 13:51:06.164878,21,moderate,anaerobic
69,2024-06-20 18:29:13.235293,35,high,aerobic
69,2024-06-21 08:17:31.876043,77,moderate,aerobic
69,2024-06-28 09:37:15.729418,59,moderate,aerobic
70,2024-01-12 08:36:48.198081,63,moderate,anaerobic
70,2024-01-16 13:39:11.610574,49,moderate,aerobic
70,2024-01-21 19:10:30.813176,40,moderate,mixed
70,2024-01-24 20:10:25.971163,63,high,aerobic
70,2024-01-26 14:58:05.090891,69,low,aerobic
70,2024-01-27 10:21:48.342519,75,high,mixed
70,2024-01-28 17:16:49.851310,40,high,aerobic
70,2024-01-28 17:22:42.929127,31,moderate,aerobic
70,2024-01-30 10:54:38.432195,26,moderate,anaerobic
70,2024-02-01 10:57:53.980731,43,moderate,anaerobic
70,2024-02-04 18:28:43.294068,43,high,anaerobic
70,2024-02-06 08:44:36.815047,69,moderate,mixed
70,2024-02-09 08:56:31.461215,52,moderate,aerobic
70,2024-02-12 11:32:38.319089,32,high,anaerobic
70,2024-02-14 14:39:34.824605,54,high,anaerobic
70,2024-02-19 09:35:40.741622,37,low,mixed
70,2024-02-20 18:21:36.637028,54,low,aerobic
70,2024-02-25 09:46:59.695766,71,moderate,aerobic
70,2024-03-03 20:22:08.960831,53,high,aerobic
70,2024-03-06 09:05:47.417011,52,high,aerobic
70,2024-03-06 10:39:19.906006,49,low,aerobic
70,2024-03-07 10:14:49.403816,72,moderate,anaerobic
70,2024-03-08 14:16:14.071112,55,high,mixed
70,2024-03-10 08:23:48.435201,43,low,mixed
70,2024-03-11 18:26:33.004879,57,moderate,anaerobic
70,2024-03-12 09:31:00.900342,52,moderate,mixed
70,2024-03-16 15:03:38.015210,62,moderate,aerobic
70,2024-03-21 07:14:17.972065,58,low,aerobic
70,2024-03-22 12:31:49.994793,54,high,mixed
70,2024-03-23 20:41:56.542830,21,moderate,anaerobic
70,2024-03-26 11:16:42.564018,43,low,aerobic
70,2024-03-28 14:14:59.556236,29,low,aerobic
70,2024-03-30 08:20:57.248819,47,low,mixed
70,2024-04-03 16:26:35.081844,40,moderate,mixed
70,2024-04-04 18:08:29.064777,67,moderate,aerobic
70,2024-04-05 14:33:17.598558,29,moderate,aerobic
70,2024-04-05 17:00:52.593747,66,moderate,aerobic
70,2024-04-06 14:51:03.071576,30,high,aerobic
70,2024-04-06 19:33:48.427010,36,moderate,aerobic
70,2024-04-08 18:04:02.376844,26,moderate,mixed
70,2024-04-12 13:59:02.535283,38,high,anaerobic
70,2024-04-13 13:30:22.053610,66,low,aerobic
70,2024-04-13 19:01:19.800959,22,moderate,anaerobic
70,2024-04-15 16:57:03.483051,72,low,anaerobic
70,2024-04-18 13:02:42.056386,42,moderate,aerobic
70,2024-04-19 09:13:01.530301,26,low,mixed
70,2024-04-24 12:17:24.662491,46,moderate,anaerobic
70,2024-04-27 13:45:20.855550,51,moderate,anaerobic
70,2024-04-27 20:09:50.929350,39,moderate,anaerobic
70,2024-04-28 20:54:23.256412,71,low,mixed
70,2024-04-30 12:32:15.730991,62,low,aerobic
70,2024-05-02 20:37:06.571748,50,low,anaerobic
70,2024-05-07 13:14:43.277728,20,high,aerobic
70,2024-05-10 07:21:29.398515,49,moderate,aerobic
70,2024-05-10 19:53:36.145406,53,high,aerobic
70,2024-05-11 12:46:12.689554,78,high,anaerobic
70,2024-05-12 15:35:12.947106,32,low,aerobic
70,2024-05-14 10:25:08.230998,71,moderate,mixed
70,2024-05-18 17:36:46.457113,25,moderate,anaerobic
70,2024-05-19 18:57:25.366952,55,low,anaerobic
70,2024-05-21 19:13:40.478204,21,moderate,anaerobic
70,2024-05-22 07:18:38.361526,70,moderate,aerobic
70,2024-05-22 12:57:17.410905,29,low,aerobic
70,2024-05-25 19:35:11.412208,65,moderate,aerobic
70,2024-06-04 18:08:45.727108,31,high,anaerobic
70,2024-06-09 14:20:21.545345,62,low,mixed
70,2024-06-11 10:55:22.446578,22,high,anaerobic
70,2024-06-12 21:45:50.932686,27,low,aerobic
70,2024-06-13 20:27:59.189988,58,high,anaerobic
70,2024-06-15 18:10:18.046799,37,moderate,aerobic
70,2024-06-19 18:15:41.326896,46,moderate,mixed
70,2024-06-24 17:31:50.822457,46,high,aerobic
71,2024-01-01 10:53:04.237985,28,moderate,aerobic
71,2024-01-02 19:54:26.680905,69,low,aerobic
71,2024-01-03 11:11:14.815403,20,low,aerobic
71,2024-01-03 15:23:01.877181,78,high,aerobic
71,2024-01-10 12:34:13.622305,46,low,aerobic
71,2024-01-10 17:06:44.961513,28,low,anaerobic
71,2024-01-15 11:43:04.080070,42,moderate,anaerobic
71,2024-01-16 17:36:29.486572,59,high,aerobic
71,2024-01-20 15:00:27.448254,30,moderate,mixed
71,2024-01-23 08:07:01.132093,32,moderate,aerobic
71,2024-01-24 11:34:56.240408,73,moderate,anaerobic
71,2024-01-26 18:46:20.325981,58,moderate,aerobic
71,2024-01-28 07:08:21.740943,27,moderate,aerobic
71,2024-01-29 18:45:38.064631,52,low,anaerobic
71,2024-01-30 18:59:13.352826,38,low,aerobic
71,2024-02-02 09:49:50.738435,55,low,mixed
71,2024-02-02 20:49:02.462790,41,high,aerobic
71,2024-02-07 15:12:44.173483,34,moderate,aerobic
71,2024-02-08 12:09:35.614915,54,moderate,mixed
71,2024-02-12 12:50:20.516555,61,low,aerobic
71,2024-02-13 19:13:03.199634,68,low,anaerobic
71,2024-02-14 09:44:31.981236,73,moderate,aerobic
71,2024-02-15 16:13:50.947472,56,moderate,mixed
71,2024-02-23 09:19:42.066554,70,high,aerobic
71,2024-02-23 12:18:58.224036,38,high,anaerobic
71,2024-02-25 16:47:57.197746,22,moderate,aerobic
71,2024-02-26 15:01:01.405877,60,low,anaerobic
71,2024-03-04 17:31:40.494279,38,low,aerobic
71,2024-03-06 11:59:46.563211,59,moderate,aerobic
71,2024-03-07 21:04:49.315941,46,high,aerobic
71,2024-03-10 16:11:58.269969,63,moderate,aerobic
71,2024-03-12 11:00:15.942451,36,moderate,aerobic
71,2024-03-20 16:42:59.797515,42,low,anaerobic
71,2024-03-21 08:35:19.713552,75,low,anaerobic
71,2024-03-23 09:08:46.700260,48,low,anaerobic
71,2024-03-24 08:45:06.876539,40,high,aerobic
71,2024-03-25 17:29:05.471925,30,low,aerobic
71,2024-03-28 16:49:58.019750,24,moderate,aerobic
71,2024-03-30 08:43:18.408265,60,low,aerobic
71,2024-03-31 17:33:02.815157,63,moderate,aerobic
71,2024-04-01 07:47:56.845682,62,high,aerobic
71,2024-04-02 20:53:46.281844,59,moderate,mixed
71,2024-04-04 14:02:03.391242,64,moderate,anaerobic
71,2024-04-06 09:39:28.618369,28,low,aerobic
71,2024-04-08 08:39:58.265666,67,moderate,anaerobic
71,2024-04-08 19:21:06.013876,30,high,anaerobic
71,2024-04-11 09:08:04.278434,51,high,aerobic
71,2024-04-17 18:25:23.699172,59,high,aerobic
71,2024-04-18 21:06:09.857383,73,moderate,mixed
71,2024-04-20 13:14:08.754927,69,low,mixed
71,2024-04-21 19:18:12.716521,35,moderate,aerobic
71,2024-04-22 14:01:45.392532,65,low,aerobic
71,2024-04-24 16:46:00.482644,73,high,anaerobic
71,2024-04-27 09:50:55.975058,68,moderate,aerobic
71,2024-05-08 07:57:49.990952,67,moderate,anaerobic
71,2024-05-09 15:02:42.178513,46,low,aerobic
71,2024-05-20 08:49:41.838387,76,moderate,aerobic
71,2024-05-20 15:15:58.389070,47,moderate,aerobic
71,2024-05-28 15:36:06.282952,34,moderate,aerobic
71,2024-05-29 08:40:00.313321,70,moderate,aerobic
71,2024-06-03 18:20:41.996529,49,low,aerobic
71,2024-06-05 15:33:09.480424,52,low,aerobic
71,2024-06-06 10:37:26.777907,58,moderate,aerobic
71,2024-06-07 13:27:20.908385,38,moderate,mixed
71,2024-06-08 08:34:50.778392,48,high,mixed
71,2024-06-13 10:13:03.858968,68,moderate,anaerobic
71,2024-06-15 18:19:37.130397,76,moderate,mixed
71,2024-06-19 09:24:52.339340,69,high,mixed
71,2024-06-20 14:37:19.671406,54,moderate,anaerobic
71,2024-06-22 19:27:29.449654,20,moderate,anaerobic
71,2024-06-28 07:18:47.884622,29,moderate,anaerobic
72,2024-01-03 15:29:08.859290,23,high,aerobic
72,2024-01-06 16:36:31.240583,24,low,aerobic
72,2024-01-08 18:16:51.619914,34,high,aerobic
72,2024-01-12 07:13:57.815716,62,moderate,aerobic
72,2024-01-15 19:24:56.873864,31,moderate,aerobic
72,2024-01-19 21:00:38.758801,46,moderate,anaerobic
72,2024-01-21 10:38:32.118574,26,moderate,aerobic
72,2024-01-26 14:02:14.952627,26,moderate,aerobic
72,2024-01-28 19:48:11.804717,56,low,aerobic
72,2024-02-01 17:34:59.904353,33,moderate,aerobic
72,2024-02-02 08:48:29.620255,27,moderate,aerobic
72,2024-02-03 19:45:20.399885,42,moderate,aerobic
72,2024-02-06 20:44:41.138775,66,moderate,aerobic
72,2024-02-12 09:05:44.509175,57,low,mixed
72,2024-02-16 11:20:51.896914,67,high,anaerobic
72,2024-02-16 12:18:19.251322,52,high,aerobic
72,2024-02-19 12:13:43.820147,60,moderate,anaerobic
72,2024-02-20 10:53:28.836383,65,moderate,anaerobic
72,2024-02-25 15:23:41.497541,63,high,mixed
72,2024-02-27 07:04:24.395904,34,low,aerobic
72,2024-03-03 18:07:11.756001,39,low,aerobic
72,2024-03-05 09:38:09.615199,71,low,anaerobic
72,2024-03-05 20:22:21.901096,29,moderate,anaerobic
72,2024-03-06 07:12:12.746268,54,moderate,anaerobic
72,2024-03-07 09:01:26.146682,71,moderate,mixed
72,2024-03-13 17:56:34.890268,44,low,mixed
72,2024-03-17 11:19:41.862211,48,moderate,mixed
72,2024-03-18 09:19:04.926058,59,moderate,aerobic
72,2024-03-19 10:38:34.742369,67,moderate,mixed
72,2024-03-19 17:35:02.263763,29,moderate,mixed
72,2024-03-25 08:29:17.011939,66,moderate,anaerobic
72,2024-03-26 13:47:52.605346,70,high,anaerobic
72,2024-03-26 19:23:08.678329,59,moderate,anaerobic
72,2024-03-29 18:47:12.296394,43,moderate,anaerobic
72,2024-03-30 14:20:59.994559,21,moderate,mixed
72,2024-03-31 07:35:09.097173,30,moderate,anaerobic
72,2024-04-01 17:14:55.160710,57,moderate,mixed
72,2024-04-07 16:15:36.600120,75,high,mixed
72,2024-04-08 19:41:16.736223,51,moderate,mixed
72,2024-04-10 15:03:31.367820,65,moderate,anaerobic
72,2024-04-11 16:57:52.475981,77,moderate,mixed
72,2024-04-13 17:54:36.065233,50,moderate,aerobic
72,2024-04-16 15:45:32.386726,37,high,mixed
72,2024-04-16 15:36:25.107961,20,moderate,mixed
72,2024-04-20 13:30:05.403849,21,moderate,mixed
72,2024-04-21 13:47:38.750770,55,high,aerobic
72,2024-04-22 09:59:51.111798,34,high,mixed
72,2024-04-23 10:01:27.256895,70,moderate,mixed
72,2024-04-27 19:32:15.964442,70,moderate,mixed
72,2024-04-29 09:32:08.078703,35,moderate,aerobic
72,2024-05-02 08:05:00.320293,77,low,aerobic
72,2024-05-07 20:05:45.425101,52,low,aerobic
72,2024-05-08 16:44:07.611277,37,moderate,anaerobic
72,2024-05-09 08:29:17.910616,44,moderate,aerobic
72,2024-05-18 12:10:06.274883,39,high,mixed
72,2024-05-20 14:50:15.350334,61,low,aerobic
72,2024-05-21 08:48:14.440100,36,low,anaerobic
72,2024-05-21 20:31:29.659427,24,moderate,aerobic
72,2024-05-22 11:46:05.042024,53,high,mixed
72,2024-05-25 20:51:14.079391,64,high,anaerobic
72,2024-05-28 15:29:36.589820,52,moderate,aerobic
72,2024-05-29 10:10:02.459172,43,high,anaerobic
72,2024-05-29 15:40:50.099577,66,moderate,aerobic
72,2024-05-31 20:57:11.562661,70,moderate,aerobic
72,2024-06-01 17:32:39.284774,53,high,aerobic
72,2024-06-02 17:11:24.351888,69,low,aerobic
72,2024-06-03 07:27:04.064490,68,moderate,mixed
72,2024-06-08 11:26:40.851192,68,moderate,aerobic
72,2024-06-10 09:08:16.950119,49,low,mixed
72,2024-06-10 18:20:30.198280,54,moderate,anaerobic
72,2024-06-12 11:24:31.744537,32,moderate,aerobic
72,2024-06-12 12:12:05.273450,49,high,aerobic
72,2024-06-14 07:42:13.649207,42,low,aerobic
72,2024-06-15 19:38:30.669076,77,moderate,mixed
72,2024-06-15 20:10:12.725330,27,moderate,aerobic
72,2024-06-18 08:19:08.478453,32,moderate,aerobic
72,2024-06-19 09:29:10.609625,27,low,mixed
72,2024-06-22 08:14:21.615866,36,low,mixed
72,2024-06-23 15:02:17.725539,39,moderate,aerobic
72,2024-06-24 12:00:57.978225,73,low,aerobic
72,2024-06-24 17:01:21.836605,62,moderate,aerobic
72,2024-06-27 12:01:58.912722,33,low,aerobic
72,2024-06-27 17:51:51.927868,74,low,aerobic
72,2024-06-28 12:24:31.047648,69,high,anaerobic
73,2024-01-01 13:01:20.174441,64,moderate,anaerobic
73,2024-01-03 08:12:41.050123,39,moderate,anaerobic
73,2024-01-06 07:19:51.163016,37,moderate,anaerobic
73,2024-01-06 09:02:00.211894,60,moderate,mixed
73,2024-01-09 17:14:50.061683,57,moderate,aerobic
73,2024-01-13 17:18:29.333444,32,high,aerobic
73,2024-01-15 08:12:47.660410,50,moderate,anaerobic
73,2024-01-16 07:19:28.748481,21,moderate,aerobic
73,2024-01-18 09:52:01.195594,77,high,mixed
73,2024-01-20 19:15:53.626695,35,moderate,aerobic
73,2024-01-23 11:01:12.387531,41,moderate,mixed
73,2024-01-25 13:33:28.346447,50,moderate,anaerobic
73,2024-01-26 08:27:13.649602,71,low,mixed
73,2024-02-01 12:52:51.520309,21,moderate,aerobic
73,2024-02-03 12:05:12.428035,61,low,mixed
73,2024-02-08 12:58:01.440651,25,low,mixed
73,2024-02-14 18:45:43.740892,79,moderate,anaerobic
73,2024-02-15 18:18:09.375563,74,moderate,aerobic
73,2024-02-16 16:20:39.336706,66,high,anaerobic
73,2024-02-17 18:31:42.139921,50,high,mixed
73,2024-02-19 07:17:18.110472,62,moderate,mixed
73,2024-02-22 09:39:12.423802,58,moderate,aerobic
73,2024-02-22 15:06:37.471365,36,low,anaerobic
73,2024-02-23 19:23:41.327282,47,low,mixed
73,2024-02-24 19:43:42.483345,51,low,aerobic
73,2024-02-27 08:30:20.419062,34,moderate,mixed
73,2024-03-01 17:53:46.080392,51,moderate,aerobic
73,2024-03-04 11:02:59.922887,31,moderate,aerobic
73,2024-03-05 09:38:02.202391,39,high,aerobic
73,2024-03-07 12:43:05.852726,51,high,aerobic
73,2024-03-07 19:06:12.990784,59,moderate,aerobic
73,2024-03-13 08:36:37.989462,50,moderate,anaerobic
73,2024-03-13 17:07:11.471968,48,low,aerobic
73,2024-03-14 15:21:17.359956,27,low,mixed
73,2024-03-19 16:26:46.942129,46,moderate,aerobic
73,2024-03-22 18:34:21.939935,29,moderate,aerobic
73,2024-03-24 10:10:55.419977,58,moderate,anaerobic
73,2024-03-24 10:43:41.741646,28,moderate,anaerobic
73,2024-03-25 17:43:47.191776,76,moderate,anaerobic
73,2024-03-26 10:24:33.905779,29,moderate,aerobic
73,2024-03-27 07:50:49.611768,24,high,aerobic
73,2024-03-31 13:12:35.870432,60,low,anaerobic
73,2024-04-04 15:39:34.561574,65,high,aerobic
73,2024-04-06 12:59:35.667780,79,moderate,anaerobic
73,2024-04-07 12:31:10.977302,31,high,aerobic
73,2024-04-08 12:00:03.799560,38,high,anaerobic
73,2024-04-09 15:35:07.027019,38,moderate,mixed
73,2024-04-12 16:43:07.756795,58,moderate,aerobic
73,2024-04-13 13:37:59.696176,33,moderate,anaerobic
73,2024-04-13 19:20:49.550024,50,moderate,mixed
73,2024-04-17 07:38:15.199718,59,high,anaerobic
73,2024-04-17 18:42:40.302348,36,high,mixed
73,2024-04-18 13:30:44.952031,20,low,anaerobic
73,2024-04-19 16:46:57.318535,71,moderate,mixed
73,2024-04-19 19:30:17.708372,47,moderate,aerobic
73,2024-04-20 19:09:34.067921,45,moderate,anaerobic
73,2024-04-21 14:27:49.923074,24,low,anaerobic
73,2024-04-24 10:19:22.654835,21,high,aerobic
73,2024-04-28 16:30:26.307364,61,moderate,aerobic
73,2024-05-02 17:45:15.108806,37,moderate,aerobic
73,2024-05-04 18:42:58.882178,70,moderate,aerobic
73,2024-05-05 11:42:34.678840,42,low,aerobic
73,2024-05-07 17:13:30.562798,23,low,mixed
73,2024-05-12 18:47:00.599412,34,low,aerobic
73,2024-05-15 08:09:40.404575,22,high,aerobic
73,2024-05-16 08:28:48.084555,35,high,aerobic
73,2024-05-17 13:32:04.750660,71,moderate,mixed
73,2024-05-18 20:52:31.728481,35,low,mixed
73,2024-05-19 07:19:32.842971,58,low,aerobic
73,2024-05-20 17:07:39.707412,26,moderate,mixed
73,2024-05-26 09:34:13.573779,52,moderate,anaerobic
73,2024-05-26 20:35:11.172565,79,moderate,mixed
73,2024-05-27 09:27:40.649464,29,moderate,mixed
73,2024-05-29 11:20:43.764163,49,high,aerobic
73,2024-05-31 10:07:06.730532,55,high,aerobic
73,2024-05-31 11:56:10.469533,22,moderate,anaerobic
73,2024-06-02 21:09:20.993010,78,moderate,anaerobic
73,2024-06-04 13:31:53.733799,37,low,aerobic
73,2024-06-05 20:05:49.796926,51,moderate,anaerobic
73,2024-06-11 14:48:39.919542,26,high,mixed
73,2024-06-12 09:26:58.634525,59,high,mixed
73,2024-06-16 08:33:31.258494,26,high,aerobic
73,2024-06-23 13:59:06.138719,70,moderate,mixed
73,2024-06-24 15:00:11.573490,38,moderate,anaerobic
73,2024-06-25 07:46:34.781821,41,low,mixed
73,2024-06-26 12:03:53.095169,47,low,aerobic
74,2024-01-02 09:48:32.087151,30,low,mixed
74,2024-01-12 07:22:10.948787,64,moderate,mixed
74,2024-01-12 07:59:05.816697,53,high,mixed
74,2024-01-15 16:43:28.015762,43,moderate,aerobic
74,2024-01-17 15:36:51.369354,72,low,aerobic
74,2024-01-18 08:24:16.979476,79,high,mixed
74,2024-01-19 08:35:52.459703,70,low,anaerobic
74,2024-01-22 10:40:11.605180,66,low,mixed
74,2024-01-24 20:05:21.221142,38,high,aerobic
74,2024-01-25 13:57:15.615451,21,moderate,aerobic
74,2024-02-02 13:05:39.677868,64,low,aerobic
74,2024-02-06 08:41:39.603102,41,moderate,aerobic
74,2024-02-10 18:46:38.349985,34,moderate,mixed
74,2024-02-18 14:14:56.071017,79,moderate,anaerobic
74,2024-02-19 13:49:27.695379,34,low,anaerobic
74,2024-02-19 17:42:51.741089,78,low,aerobic
74,2024-02-24 13:12:24.332225,30,moderate,anaerobic
74,2024-02-25 16:28:16.625341,38,moderate,mixed
74,2024-03-02 14:02:24.599252,53,moderate,aerobic
74,2024-03-04 11:29:11.111767,27,moderate,aerobic
74,2024-03-11 20:11:53.884092,31,moderate,mixed
74,2024-03-12 14:38:19.608623,31,low,anaerobic
74,2024-03-14 08:34:46.501362,39,low,aerobic
74,2024-03-14 12:56:14.637061,56,high,aerobic
74,2024-03-18 16:26:29.719271,64,moderate,aerobic
74,2024-03-20 18:36:17.434207,29,moderate,aerobic
74,2024-03-22 07:29:43.910357,55,low,aerobic
74,2024-03-25 12:14:34.994027,57,low,mixed
74,2024-03-26 08:05:42.656390,69,moderate,anaerobic
74,2024-04-12 16:54:10.094635,22,high,mixed
74,2024-04-27 15:09:06.859338,64,moderate,mixed
74,2024-05-01 14:59:33.702111,67,low,anaerobic
74,2024-05-01 19:35:47.304698,48,moderate,aerobic
74,2024-05-02 14:14:07.399835,73,low,aerobic
74,2024-05-04 16:50:50.774652,40,moderate,anaerobic
74,2024-05-18 18:41:53.583762,43,moderate,mixed
74,2024-05-19 19:17:57.387727,40,moderate,anaerobic
74,2024-05-20 11:30:37.179290,37,low,mixed
74,2024-05-24 12:26:37.677234,76,moderate,anaerobic
74,2024-05-28 18:13:42.019929,48,high,mixed
74,2024-05-30 07:22:01.468617,33,high,aerobic
74,2024-05-30 13:44:46.821096,53,moderate,aerobic
74,2024-05-31 17:56:53.768654,47,moderate,anaerobic
74,2024-06-03 13:43:19.517827,22,moderate,mixed
74,2024-06-07 10:31:08.423778,67,moderate,anaerobic
74,2024-06-08 07:27:07.651313,66,high,mixed
74,2024-06-15 20:36:17.668289,54,moderate,aerobic
74,2024-06-18 11:36:59.251041,56,moderate,aerobic
74,2024-06-24 09:01:25.500270,58,moderate,aerobic
74,2024-06-27 12:16:08.178233,58,moderate,aerobic
74,2024-06-28 07:56:04.745380,74,high,mixed
75,2024-01-02 12:23:19.366311,52,low,anaerobic
75,2024-01-05 20:08:02.524199,41,moderate,aerobic
75,2024-01-06 10:04:47.081644,56,moderate,aerobic
75,2024-01-12 11:42:30.733511,42,moderate,aerobic
75,2024-01-13 12:28:24.332987,55,moderate,aerobic
75,2024-01-13 13:58:08.665763,60,moderate,mixed
75,2024-01-15 20:49:16.185844,51,low,mixed
75,2024-01-17 17:02:52.516735,55,high,aerobic
75,2024-01-17 19:40:44.541783,79,moderate,aerobic
75,2024-01-18 15:20:57.980693,42,moderate,aerobic
75,2024-01-18 20:10:19.194957,44,low,mixed
75,2024-01-20 15:42:41.399322,36,high,aerobic
75,2024-01-22 09:32:22.854093,53,moderate,aerobic
75,2024-01-26 10:05:26.383420,51,moderate,anaerobic
75,2024-01-27 07:57:08.076066,29,moderate,anaerobic
75,2024-01-27 12:49:38.471360,59,moderate,mixed
75,2024-01-30 16:12:30.165048,64,low,aerobic
75,2024-01-30 16:54:58.850031,28,moderate,mixed
75,2024-02-03 09:12:16.557646,26,low,aerobic
75,2024-02-06 12:56:15.091291,61,moderate,aerobic
75,2024-02-07 20:18:06.183163,62,low,mixed
75,2024-02-08 17:19:01.153266,39,moderate,mixed
75,2024-02-10 10:30:11.559484,59,moderate,aerobic
75,2024-02-18 07:54:13.259582,72,moderate,mixed
75,2024-02-20 11:37:55.894722,55,moderate,anaerobic
75,2024-02-23 12:38:47.144517,29,high,aerobic
75,2024-02-25 19:11:36.110981,58,moderate,anaerobic
75,2024-02-26 13:26:39.047512,32,moderate,aerobic
75,2024-02-27 10:35:06.161995,20,moderate,aerobic
75,2024-02-28 15:01:23.357179,63,low,mixed
75,2024-03-04 09:41:17.124469,72,low,aerobic
75,2024-03-04 21:32:19.891239,29,moderate,aerobic
75,2024-03-05 18:23:14.729211,20,moderate,aerobic
75,2024-03-09 10:10:38.043934,56,low,anaerobic
75,2024-03-12 19:26:47.882528,41,low,aerobic
75,2024-03-13 16:25:02.124752,64,low,anaerobic
75,2024-03-18 15:13:25.283297,38,low,mixed
75,2024-03-24 14:54:28.471299,31,low,anaerobic
75,2024-03-29 15:45:01.963466,39,moderate,mixed
75,2024-03-29 18:26:05.567265,67,high,aerobic
75,2024-03-31 19:11:08.016632,26,high,anaerobic
75,2024-04-03 11:23:28.519021,76,moderate,anaerobic
75,2024-04-06 07:15:00.310198,33,moderate,anaerobic
75,2024-04-06 11:35:43.909745,41,high,aerobic
75,2024-04-08 15:49:13.640574,59,low,aerobic
75,2024-04-10 09:31:47.586105,61,low,aerobic
75,2024-04-12 18:22:11.828527,24,moderate,anaerobic
75,2024-04-13 17:45:07.103915,29,low,aerobic
75,2024-04-15 09:56:37.232405,48,moderate,anaerobic
75,2024-04-16 10:01:20.512568,28,moderate,aerobic
75,2024-04-17 07:21:12.231323,42,high,mixed
75,2024-04-19 09:06:04.364358,33,moderate,aerobic
75,2024-04-20 12:12:02.096281,59,moderate,mixed
75,2024-04-24 20:54:41.239863,65,moderate,aerobic
75,2024-04-29 21:12:56.649270,42,low,aerobic
75,2024-05-05 18:58:51.350567,28,high,aerobic
75,2024-05-07 08:26:58.878651,55,low,aerobic
75,2024-05-12 12:11:16.518451,21,high,aerobic
75,2024-05-13 08:02:51.112228,68,low,aerobic
75,2024-05-14 13:12:06.900211,27,low,mixed
75,2024-05-23 08:56:58.980415,54,moderate,aerobic
75,2024-05-24 19:44:56.445436,40,high,aerobic
75,2024-05-25 12:32:52.581338,70,low,aerobic
75,2024-05-25 15:33:16.067099,51,low,aerobic
75,2024-05-26 12:32:05.722016,61,low,mixed
75,2024-06-03 10:12:12.423495,57,high,aerobic
75,2024-06-04 09:12:58.789545,42,moderate,mixed
75,2024-06-06 12:27:33.199423,34,high,aerobic
75,2024-06-07 20:14:29.888881,30,high,mixed
75,2024-06-09 09:18:49.413351,36,low,mixed
75,2024-06-14 12:26:35.584647,71,moderate,aerobic
75,2024-06-17 08:00:11.541989,74,low,aerobic
75,2024-06-19 09:05:56.588764,49,low,aerobic
75,2024-06-23 08:52:41.030166,67,moderate,aerobic
75,2024-06-24 12:47:02.010835,43,high,aerobic
75,2024-06-27 20:09:07.892514,53,moderate,aerobic
76,2024-01-08 12:08:22.828468,74,low,aerobic
76,2024-01-11 10:27:48.713229,30,high,aerobic
76,2024-01-17 17:57:19.527392,53,low,anaerobic
76,2024-01-23 19:11:51.037204,57,high,aerobic
76,2024-01-26 13:30:58.015983,56,moderate,aerobic
76,2024-01-26 17:16:53.930467,74,moderate,aerobic
76,2024-02-01 09:40:30.363356,54,low,anaerobic
76,2024-02-03 07:43:34.318111,66,low,aerobic
76,2024-02-05 21:06:56.909457,33,low,anaerobic
76,2024-02-07 14:13:12.991446,73,low,mixed
76,2024-02-10 08:33:54.323451,68,moderate,aerobic
76,2024-02-12 11:06:31.292298,20,low,aerobic
76,2024-02-14 07:52:53.977695,77,moderate,aerobic
76,2024-02-14 19:58:25.287767,53,moderate,aerobic
76,2024-02-16 15:28:05.845513,59,low,anaerobic
76,2024-02-16 16:49:18.306008,23,moderate,aerobic
76,2024-02-17 12:48:37.120851,43,moderate,anaerobic
76,2024-02-20 12:38:29.309944,21,moderate,mixed
76,2024-02-24 08:45:50.232652,44,moderate,aerobic
76,2024-02-28 11:19:10.836827,35,low,anaerobic
76,2024-03-01 11:18:03.020281,78,high,mixed
76,2024-03-01 14:56:17.418215,36,moderate,aerobic
76,2024-03-02 15:59:38.378970,59,moderate,mixed
76,2024-03-10 15:46:42.687325,28,moderate,aerobic
76,2024-03-16 20:14:28.445665,49,moderate,mixed
76,2024-03-20 17:29:00.286135,52,high,anaerobic
76,2024-03-24 16:37:24.389084,47,moderate,aerobic
76,2024-03-25 08:50:03.516492,57,low,aerobic
76,2024-03-26 12:57:43.193586,64,moderate,anaerobic
76,2024-03-29 19:34:22.655958,74,high,anaerobic
76,2024-03-30 20:36:10.699695,23,moderate,aerobic
76,2024-04-02 13:04:13.535095,57,moderate,anaerobic
76,2024-04-06 12:28:57.922899,35,moderate,aerobic
76,2024-04-12 13:50:00.812071,64,low,mixed
76,2024-04-14 11:44:08.804656,59,moderate,mixed
76,2024-04-19 17:26:34.086448,55,moderate,mixed
76,2024-04-21 13:47:18.840003,31,moderate,anaerobic
76,2024-04-26 08:24:21.101625,78,moderate,anaerobic
76,2024-04-27 08:33:56.465688,27,low,anaerobic
76,2024-04-29 11:57:05.950464,42,high,mixed
76,2024-05-07 11:20:20.408887,62,high,anaerobic
76,2024-05-10 19:47:08.903806,25,high,mixed
76,2024-05-14 10:56:26.181176,68,low,aerobic
76,2024-05-16 12:28:44.108725,56,high,anaerobic
76,2024-05-16 18:04:28.685458,38,low,aerobic
76,2024-05-17 08:06:35.849178,37,low,mixed
76,2024-05-18 20:21:45.639327,61,low,aerobic
76,2024-05-26 20:27:47.951748,62,high,anaerobic
76,2024-05-27 13:06:13.031040,27,moderate,mixed
76,2024-05-27 20:51:43.801825,46,moderate,mixed
76,2024-05-28 08:38:25.491394,58,moderate,anaerobic
76,2024-05-30 18:14:58.692254,53,moderate,anaerobic
76,2024-06-03 14:27:29.159083,35,moderate,aerobic
76,2024-06-04 20:48:32.752238,26,low,mixed
76,2024-06-05 16:44:05.678546,43,high,anaerobic
76,2024-06-06 11:30:57.565121,59,moderate,anaerobic
76,2024-06-18 16:43:22.106265,26,moderate,anaerobic
76,2024-06-22 19:11:25.436030,50,high,anaerobic
76,2024-06-24 16:58:09.929643,61,moderate,aerobic
76,2024-06-24 20:45:01.596390,40,low,aerobic
76,2024-06-26 17:10:41.838531,52,moderate,mixed
76,2024-06-27 13:24:18.009872,67,low,aerobic
76,2024-06-27 19:56:12.497084,73,moderate,aerobic
77,2024-01-03 13:51:39.243864,25,low,aerobic
77,2024-01-05 14:18:12.819011,45,high,aerobic
77,2024-01-12 14:10:38.385076,65,high,mixed
77,2024-01-14 11:40:44.666948,24,moderate,aerobic
77,2024-01-15 14:44:17.041635,75,high,mixed
77,2024-01-15 17:39:52.725038,37,high,aerobic
77,2024-01-17 11:15:50.627455,73,high,aerobic
77,2024-01-17 11:23:13.538041,66,high,aerobic
77,2024-01-23 07:55:14.450412,65,low,anaerobic
77,2024-01-25 10:47:45.782074,46,low,mixed
77,2024-01-26 17:59:16.174541,22,low,anaerobic
77,2024-02-04 11:17:22.733861,63,moderate,anaerobic
77,2024-02-05 17:16:47.429978,76,moderate,mixed
77,2024-02-11 15:42:27.404533,69,moderate,mixed
77,2024-02-12 13:25:24.901163,40,moderate,anaerobic
77,2024-02-18 19:32:26.018016,24,high,mixed
77,2024-02-24 13:32:45.412092,29,low,aerobic
77,2024-03-22 09:15:16.313618,44,moderate,aerobic
77,2024-03-24 14:33:13.255367,60,high,anaerobic
77,2024-03-28 13:25:25.852143,35,low,mixed
77,2024-04-02 16:59:43.044016,74,high,aerobic
77,2024-04-05 13:41:51.511512,54,moderate,aerobic
77,2024-04-12 16:12:31.908565,54,high,anaerobic
77,2024-04-15 09:22:25.279857,66,low,aerobic
77,2024-04-17 07:08:40.770471,69,high,aerobic
77,2024-04-18 13:04:41.031189,69,moderate,mixed
77,2024-04-19 18:39:16.775654,48,moderate,mixed
77,2024-04-20 16:32:58.165718,48,low,anaerobic
77,2024-04-21 09:52:15.345378,52,high,aerobic
77,2024-04-26 10:17:31.296965,40,low,anaerobic
77,2024-04-28 08:32:17.775569,70,high,aerobic
77,2024-04-29 13:34:28.334501,44,high,mixed
77,2024-04-29 17:48:24.959932,44,low,aerobic
77,2024-04-30 12:23:50.897837,34,moderate,anaerobic
77,2024-05-06 11:12:29.119010,70,moderate,mixed
77,2024-05-10 17:49:43.064898,51,moderate,mixed
77,2024-05-18 09:24:54.204534,48,low,anaerobic
77,2024-05-29 12:55:39.875805,24,high,aerobic
77,2024-05-31 08:09:18.370889,38,moderate,aerobic
77,2024-06-04 20:18:55.747382,43,low,mixed
77,2024-06-10 20:46:17.917137,61,high,anaerobic
77,2024-06-13 20:01:55.284348,38,moderate,mixed
77,2024-06-16 13:55:36.800124,58,moderate,aerobic
77,2024-06-17 17:31:50.910799,64,moderate,anaerobic
77,2024-06-23 09:42:16.584347,31,moderate,aerobic
77,2024-06-24 08:15:56.177099,73,high,anaerobic
78,2024-01-04 20:25:04.861087,79,high,mixed
78,2024-01-06 18:01:08.511194,47,high,mixed
78,2024-01-07 08:20:11.381586,69,low,aerobic
78,2024-01-08 20:39:26.831957,56,high,mixed
78,2024-01-08 20:58:49.094790,73,moderate,aerobic
78,2024-01-12 17:23:11.769245,48,moderate,aerobic
78,2024-01-15 07:39:11.975825,42,moderate,aerobic
78,2024-01-25 18:56:46.031062,70,high,aerobic
78,2024-01-27 08:30:18.594103,40,moderate,aerobic
78,2024-01-28 18:16:58.345155,39,moderate,aerobic
78,2024-02-02 16:45:41.621066,24,moderate,aerobic
78,2024-02-05 19:34:20.094947,39,low,mixed
78,2024-02-11 17:34:56.473355,53,moderate,aerobic
78,2024-02-11 21:00:49.708821,72,low,anaerobic
78,2024-02-14 20:16:21.609938,65,high,mixed
78,2024-02-18 15:59:48.709697,79,moderate,mixed
78,2024-02-19 14:51:15.953244,46,moderate,aerobic
78,2024-02-20 13:22:17.129271,30,moderate,aerobic
78,2024-02-24 08:28:02.341347,74,moderate,aerobic
78,2024-02-28 10:22:05.895066,33,high,aerobic
78,2024-02-29 12:57:14.487694,23,low,aerobic
78,2024-03-04 14:16:55.399473,67,low,aerobic
78,2024-03-06 19:07:02.311222,28,high,aerobic
78,2024-03-07 11:11:29.093460,35,moderate,anaerobic
78,2024-03-10 08:50:37.397535,69,moderate,mixed
78,2024-03-13 13:07:03.160385,47,moderate,anaerobic
78,2024-03-13 14:24:40.979717,77,low,mixed
78,2024-03-15 19:05:44.083930,61,moderate,aerobic
78,2024-03-16 12:53:14.257703,25,high,mixed
78,2024-03-20 17:11:11.067294,70,moderate,aerobic
78,2024-03-23 08:19:31.542384,37,moderate,aerobic
78,2024-03-24 17:47:03.713651,76,moderate,aerobic
78,2024-03-31 19:58:06.399259,48,moderate,anaerobic
78,2024-04-01 15:04:12.616549,63,low,aerobic
78,2024-04-05 08:42:02.981093,58,low,aerobic
78,2024-04-10 08:59:16.010065,56,moderate,aerobic
78,2024-04-14 10:28:39.997506,76,high,anaerobic
78,2024-04-15 14:46:40.336512,20,moderate,mixed
78,2024-04-17 18:27:59.850293,27,moderate,aerobic
78,2024-04-18 10:07:10.093007,38,high,anaerobic
78,2024-04-20 14:17:55.217960,65,moderate,aerobic
78,2024-04-24 14:09:22.568590,78,low,anaerobic
78,2024-04-25 08:09:26.229135,78,moderate,aerobic
78,2024-04-29 07:49:32.354691,68,moderate,anaerobic
78,2024-04-29 09:44:31.338855,79,moderate,anaerobic
78,2024-05-02 20:35:27.110880,26,moderate,aerobic
78,2024-05-04 17:41:10.929718,22,high,aerobic
78,2024-05-07 07:28:46.409963,71,moderate,anaerobic
78,2024-05-13 19:34:02.186653,62,moderate,aerobic
78,2024-05-17 12:28:51.608352,63,moderate,anaerobic
78,2024-05-21 07:32:20.784093,27,low,mixed
78,2024-05-24 09:29:44.496400,78,moderate,mixed
78,2024-05-26 08:19:01.465800,79,high,aerobic
78,2024-05-29 13:50:11.656298,63,low,aerobic
78,2024-05-30 16:44:06.994367,60,moderate,mixed
78,2024-06-03 09:19:30.395771,51,low,aerobic
78,2024-06-09 20:29:00.985417,45,moderate,aerobic
78,2024-06-11 12:56:00.716496,46,moderate,anaerobic
78,2024-06-15 19:49:42.263630,61,high,aerobic
78,2024-06-16 18:19:30.956808,70,moderate,aerobic
78,2024-06-17 20:42:06.441243,23,high,aerobic
78,2024-06-19 19:18:26.279450,32,moderate,aerobic
78,2024-06-25 20:19:24.151792,43,moderate,anaerobic
78,2024-06-26 12:53:20.861347,59,moderate,mixed
79,2024-01-04 19:16:15.241346,26,low,mixed
79,2024-01-06 17:05:38.914809,71,high,aerobic
79,2024-01-07 08:03:08.808552,41,low,mixed
79,2024-01-08 19:16:21.300532,58,low,aerobic
79,2024-01-10 13:37:46.780147,22,low,mixed
79,2024-01-11 17:57:23.184988,25,moderate,aerobic
79,2024-01-12 10:36:10.985861,35,low,aerobic
79,2024-01-14 15:43:13.315420,55,moderate,mixed
79,2024-01-17 10:06:59.131035,71,low,mixed
79,2024-01-18 10:18:01.219944,39,high,aerobic
79,2024-01-20 07:56:49.897493,30,moderate,aerobic
79,2024-01-20 21:09:55.928149,45,moderate,anaerobic
79,2024-01-26 16:29:51.527893,67,moderate,aerobic
79,2024-01-27 20:09:51.283997,34,low,anaerobic
79,2024-01-28 13:19:06.595588,23,moderate,anaerobic
79,2024-01-28 17:44:27.542368,67,moderate,anaerobic
79,2024-01-29 08:07:27.529587,70,moderate,anaerobic
79,2024-01-31 13:54:13.519273,60,low,aerobic
79,2024-01-31 15:53:10.502889,78,moderate,anaerobic
79,2024-02-01 16:38:34.108510,40,moderate,mixed
79,2024-02-03 12:15:12.313034,36,low,anaerobic
79,2024-02-09 16:56:54.715964,39,low,aerobic
79,2024-02-09 20:55:46.801355,34,low,anaerobic
79,2024-02-14 16:12:59.160410,77,moderate,anaerobic
79,2024-02-17 09:20:00.178830,37,moderate,aerobic
79,2024-02-18 15:08:51.072846,77,moderate,aerobic
79,2024-02-19 07:38:51.876180,65,moderate,aerobic
79,2024-02-24 17:19:19.258701,32,low,mixed
79,2024-02-25 16:39:27.673740,21,low,mixed
79,2024-02-29 08:22:04.992315,58,moderate,anaerobic
79,2024-03-01 07:36:16.995919,75,low,aerobic
79,2024-03-09 08:48:43.009143,69,moderate,aerobic
79,2024-03-12 14:28:37.256627,43,moderate,aerobic
79,2024-03-15 20:59:10.845469,56,moderate,anaerobic
79,2024-03-17 16:30:45.791242,51,low,anaerobic
79,2024-03-18 14:49:12.006532,51,moderate,aerobic
79,2024-03-19 19:43:49.463623,40,moderate,anaerobic
79,2024-03-22 07:43:39.507389,43,moderate,anaerobic
79,2024-03-27 14:09:01.081755,79,moderate,aerobic
79,2024-04-02 13:08:51.465898,61,moderate,anaerobic
79,2024-04-02 19:33:51.064841,73,low,anaerobic
79,2024-04-09 08:41:46.296048,59,moderate,aerobic
79,2024-04-10 07:12:09.038726,37,high,anaerobic
79,2024-04-14 18:27:52.742920,38,low,anaerobic
79,2024-04-15 09:31:35.182128,71,moderate,anaerobic
79,2024-04-15 17:57:19.093306,45,low,aerobic
79,2024-04-17 10:03:56.717831,23,moderate,mixed
79,2024-04-18 19:28:29.912389,37,high,anaerobic
79,2024-04-19 20:32:29.632041,33,moderate,mixed
79,2024-04-22 15:57:24.479801,66,moderate,aerobic
79,2024-04-26 07:53:28.903577,66,moderate,anaerobic
79,2024-04-28 07:43:00.498060,53,high,aerobic
79,2024-04-29 20:34:23.590499,56,high,aerobic
79,2024-05-03 12:19:34.876256,32,moderate,mixed
79,2024-05-05 19:01:27.981387,37,moderate,aerobic
79,2024-05-06 09:43:22.531677,40,moderate,anaerobic
79,2024-05-10 16:15:25.824016,54,low,aerobic
79,2024-05-12 20:23:18.803728,65,high,mixed
79,2024-05-16 11:39:31.827922,66,low,aerobic
79,2024-05-18 14:02:13.956377,57,moderate,aerobic
79,2024-05-20 10:44:30.957624,76,moderate,mixed
79,2024-06-03 10:03:36.650600,61,moderate,aerobic
79,2024-06-08 19:51:19.479115,74,moderate,mixed
79,2024-06-09 09:21:48.009461,63,moderate,anaerobic
79,2024-06-11 10:49:24.742033,53,moderate,mixed
79,2024-06-11 11:58:54.558866,43,low,aerobic
79,2024-06-12 15:30:57.923591,22,moderate,aerobic
79,2024-06-14 10:31:53.763269,62,low,anaerobic
79,2024-06-14 15:08:07.835733,27,low,anaerobic
79,2024-06-16 20:27:16.611776,64,high,mixed
79,2024-06-18 09:00:04.150989,30,moderate,aerobic
79,2024-06-18 20:37:58.478136,43,high,anaerobic
79,2024-06-24 20:56:40.242649,40,high,anaerobic
79,2024-06-26 09:49:41.432561,45,moderate,aerobic
79,2024-06-26 12:05:53.237112,75,moderate,mixed
79,2024-06-27 13:01:20.231546,23,high,mixed
79,2024-06-28 13:19:26.038734,42,low,mixed
80,2024-01-02 10:44:32.584060,64,moderate,anaerobic
80,2024-01-05 18:41:13.407919,35,low,aerobic
80,2024-01-11 16:28:24.016055,69,moderate,aerobic
80,2024-01-14 11:47:12.763147,35,moderate,mixed
80,2024-01-14 18:46:05.173775,75,low,mixed
80,2024-01-15 08:16:47.279526,68,moderate,anaerobic
80,2024-01-22 07:58:20.609274,24,low,anaerobic
80,2024-01-24 14:29:07.130764,43,low,anaerobic
80,2024-01-27 08:30:54.585866,68,high,mixed
80,2024-02-01 07:10:47.971445,54,high,mixed
80,2024-02-09 11:36:13.054327,78,moderate,aerobic
80,2024-02-09 13:54:32.847225,72,moderate,aerobic
80,2024-02-11 12:52:44.722365,66,moderate,anaerobic
80,2024-02-12 10:46:25.603037,36,low,aerobic
80,2024-02-12 13:42:09.743192,73,low,mixed
80,2024-02-13 10:21:03.432309,43,moderate,anaerobic
80,2024-02-14 09:38:47.103514,50,moderate,mixed
80,2024-02-17 11:40:26.560167,61,moderate,anaerobic
80,2024-02-19 19:29:42.738017,23,low,aerobic
80,2024-03-03 11:45:59.782990,20,moderate,aerobic
80,2024-03-04 09:41:32.084319,71,moderate,aerobic
80,2024-03-14 08:28:46.411797,40,moderate,aerobic
80,2024-03-18 07:32:20.255509,61,low,aerobic
80,2024-03-19 18:00:23.630947,46,high,anaerobic
80,2024-03-20 13:17:27.713040,57,low,aerobic
80,2024-03-21 10:48:07.773569,58,moderate,anaerobic
80,2024-03-25 11:53:30.765554,29,moderate,mixed
80,2024-04-04 08:19:56.066852,28,moderate,aerobic
80,2024-04-04 08:29:45.810094,33,low,aerobic
80,2024-04-09 16:35:05.504217,24,low,aerobic
80,2024-04-12 18:50:07.925105,59,moderate,anaerobic
80,2024-04-14 08:41:01.815116,41,moderate,aerobic
80,2024-04-14 10:42:58.382108,53,low,aerobic
80,2024-04-15 17:30:58.369571,41,low,mixed
80,2024-04-17 19:59:09.185362,58,moderate,aerobic
80,2024-04-19 19:18:05.298299,30,moderate,aerobic
80,2024-04-21 07:20:21.536990,52,moderate,anaerobic
80,2024-04-22 15:21:13.017141,31,low,aerobic
80,2024-04-25 09:45:31.064000,51,high,anaerobic
80,2024-04-26 08:45:22.236442,24,high,anaerobic
80,2024-04-28 15:57:55.511712,54,moderate,anaerobic
80,2024-04-30 10:52:51.778657,23,moderate,mixed
80,2024-05-01 08:35:13.889133,58,moderate,anaerobic
80,2024-05-04 08:39:00.735929,42,moderate,mixed
80,2024-05-05 18:26:10.807635,35,low,aerobic
80,2024-05-07 10:51:54.011428,70,high,aerobic
80,2024-05-17 14:35:24.156419,36,moderate,aerobic
80,2024-05-20 09:20:05.186294,25,moderate,anaerobic
80,2024-05-26 14:38:02.920421,42,moderate,mixed
80,2024-05-28 07:39:43.964006,60,moderate,aerobic
80,2024-05-31 08:56:48.817571,58,high,mixed
80,2024-06-03 10:40:05.657687,69,high,aerobic
80,2024-06-08 07:18:16.655527,23,low,aerobic
80,2024-06-08 20:33:53.511552,58,low,aerobic
80,2024-06-10 17:52:32.594006,58,low,aerobic
80,2024-06-11 12:54:01.982388,26,moderate,aerobic
80,2024-06-12 13:32:56.989819,52,moderate,anaerobic
80,2024-06-12 19:50:09.489948,74,high,aerobic
80,2024-06-14 12:43:46.278860,79,moderate,anaerobic
80,2024-06-17 10:58:42.370500,32,moderate,aerobic
80,2024-06-17 19:27:50.997017,56,high,mixed
80,2024-06-18 08:55:05.045288,38,moderate,aerobic
80,2024-06-21 16:20:58.999337,61,low,aerobic
80,2024-06-23 08:38:27.892248,45,moderate,aerobic
80,2024-06-26 11:48:53.610364,49,low,aerobic
80,2024-06-27 20:03:08.004704,79,moderate,anaerobic
81,2024-01-01 08:26:57.248197,42,moderate,mixed
81,2024-01-04 19:29:20.094011,30,moderate,anaerobic
81,2024-01-06 07:20:30.699377,35,high,mixed
81,2024-01-14 16:30:10.132103,69,moderate,mixed
81,2024-01-16 19:00:45.365184,57,moderate,mixed
81,2024-01-18 15:03:00.082672,75,moderate,aerobic
81,2024-01-20 12:05:05.766770,61,low,anaerobic
81,2024-01-23 13:21:36.545199,79,moderate,aerobic
81,2024-01-24 18:39:05.713128,24,high,anaerobic
81,2024-01-25 09:58:41.085059,66,high,aerobic
81,2024-01-26 08:56:03.309889,34,high,aerobic
81,2024-02-01 20:43:08.633840,45,high,mixed
81,2024-02-04 16:57:34.183160,38,moderate,aerobic
81,2024-02-05 20:53:11.707819,25,high,aerobic
81,2024-02-07 09:27:02.397917,45,moderate,mixed
81,2024-02-12 10:20:00.530878,78,high,aerobic
81,2024-02-15 07:43:42.118841,55,high,aerobic
81,2024-02-20 17:03:08.351770,51,moderate,aerobic
81,2024-02-22 08:53:07.726410,50,high,anaerobic
81,2024-02-22 14:22:06.882727,77,moderate,anaerobic
81,2024-02-23 17:26:40.347221,70,low,aerobic
81,2024-02-24 14:04:40.466503,71,moderate,mixed
81,2024-02-25 20:17:54.684317,72,low,aerobic
81,2024-02-26 18:13:52.209464,79,low,aerobic
81,2024-02-27 19:32:25.986926,29,low,anaerobic
81,2024-03-03 16:56:53.599156,73,moderate,aerobic
81,2024-03-05 19:02:05.113444,58,moderate,anaerobic
81,2024-03-09 15:30:40.194362,57,low,aerobic
81,2024-03-12 16:06:38.993725,46,moderate,anaerobic
81,2024-03-13 08:09:11.384451,69,moderate,anaerobic
81,2024-03-17 09:55:05.505458,36,moderate,aerobic
81,2024-03-20 17:15:43.273459,21,low,mixed
81,2024-03-22 17:29:02.907415,37,moderate,anaerobic
81,2024-03-23 11:41:46.803256,79,moderate,aerobic
81,2024-03-23 19:24:39.602460,30,moderate,anaerobic
81,2024-03-24 14:36:48.449188,47,low,aerobic
81,2024-03-26 08:58:48.506791,75,high,mixed
81,2024-03-30 12:14:58.055468,69,moderate,aerobic
81,2024-04-06 15:35:03.811018,22,moderate,aerobic
81,2024-04-08 11:37:16.958303,36,moderate,anaerobic
81,2024-04-11 09:13:50.561095,74,moderate,aerobic
81,2024-04-15 18:24:07.211980,59,moderate,anaerobic
81,2024-04-17 16:27:24.968617,37,low,aerobic
81,2024-04-19 11:56:39.242421,43,high,aerobic
81,2024-04-19 13:27:23.567038,39,low,aerobic
81,2024-04-20 14:35:16.632153,36,low,anaerobic
81,2024-04-27 08:58:50.669028,35,moderate,mixed
81,2024-05-07 11:54:49.051746,45,low,aerobic
81,2024-05-08 14:53:39.872006,22,high,mixed
81,2024-05-09 10:07:46.814154,70,moderate,aerobic
81,2024-05-20 20:13:19.506266,51,low,aerobic
81,2024-05-26 08:26:11.521990,62,moderate,anaerobic
81,2024-05-27 16:24:48.886759,77,moderate,aerobic
81,2024-05-28 09:20:51.210442,53,high,aerobic
81,2024-05-29 13:57:14.129237,25,moderate,aerobic
81,2024-05-30 17:17:39.802836,67,moderate,anaerobic
81,2024-06-02 13:45:21.320737,56,moderate,aerobic
81,2024-06-03 16:58:56.988609,72,moderate,aerobic
81,2024-06-05 11:23:22.972580,23,moderate,anaerobic
81,2024-06-05 18:27:13.105793,60,moderate,aerobic
81,2024-06-06 18:35:50.106519,57,moderate,anaerobic
81,2024-06-07 08:41:10.012124,74,moderate,aerobic
81,2024-06-09 18:23:25.172876,47,low,mixed
81,2024-06-15 13:17:47.090519,31,low,mixed
81,2024-06-23 11:44:55.156324,58,moderate,aerobic
82,2024-01-13 18:24:55.832137,40,moderate,aerobic
82,2024-01-14 14:16:15.194522,29,moderate,aerobic
82,2024-01-19 19:02:41.280660,40,low,aerobic
82,2024-01-21 11:33:16.017425,47,moderate,aerobic
82,2024-01-22 14:45:27.952674,73,moderate,anaerobic
82,2024-01-25 20:23:20.788937,49,high,aerobic
82,2024-02-03 16:15:34.754048,45,moderate,anaerobic
82,2024-02-06 20:36:44.057224,31,moderate,anaerobic
82,2024-02-07 13:56:06.264841,31,high,anaerobic
82,2024-02-10 08:06:53.969569,68,high,mixed
82,2024-02-14 19:21:59.232901,59,low,aerobic
82,2024-02-17 10:20:23.168140,28,low,anaerobic
82,2024-02-18 13:51:03.340208,67,moderate,mixed
82,2024-02-21 16:03:24.012057,35,moderate,aerobic
82,2024-02-23 17:41:36.791832,71,moderate,aerobic
82,2024-02-28 11:45:09.920811,21,moderate,aerobic
82,2024-03-08 19:51:08.063519,41,high,anaerobic
82,2024-03-16 19:32:00.333137,45,low,aerobic
82,2024-03-17 12:33:29.514326,61,low,aerobic
82,2024-03-21 18:15:58.092452,47,moderate,mixed
82,2024-03-28 11:45:42.350765,48,moderate,anaerobic
82,2024-04-07 20:55:49.075988,55,moderate,mixed
82,2024-04-11 19:29:02.144522,73,moderate,mixed
82,2024-04-18 20:20:42.268305,44,low,anaerobic
82,2024-04-23 14:45:23.763396,33,low,mixed
82,2024-05-15 13:58:49.969872,64,moderate,anaerobic
82,2024-05-17 13:02:27.810793,72,low,mixed
82,2024-05-17 15:20:25.381423,75,low,anaerobic
82,2024-05-21 20:39:44.307463,54,moderate,aerobic
82,2024-06-02 12:41:37.726090,51,low,anaerobic
82,2024-06-04 19:10:40.541167,66,moderate,anaerobic
82,2024-06-08 08:50:04.975053,72,low,mixed
82,2024-06-09 17:07:36.909584,77,moderate,anaerobic
82,2024-06-10 13:57:24.965901,37,high,aerobic
82,2024-06-18 18:29:48.250770,54,moderate,aerobic
82,2024-06-22 16:20:57.281708,23,low,anaerobic
82,2024-06-24 10:37:28.911425,61,high,anaerobic
82,2024-06-25 17:02:59.500699,35,moderate,aerobic
83,2024-01-08 14:53:23.134587,75,moderate,anaerobic
83,2024-01-09 11:55:17.759402,71,low,aerobic
83,2024-01-16 17:20:15.082324,69,moderate,aerobic
83,2024-01-25 10:44:34.913830,61,low,mixed
83,2024-01-26 10:17:57.766378,24,moderate,anaerobic
83,2024-02-03 20:09:34.052198,66,moderate,aerobic
83,2024-02-05 07:34:02.068927,40,moderate,anaerobic
83,2024-02-05 18:53:23.354541,26,low,aerobic
83,2024-02-14 10:16:50.977633,73,moderate,anaerobic
83,2024-02-20 13:38:28.814618,61,moderate,anaerobic
83,2024-02-21 08:17:52.017489,63,moderate,anaerobic
83,2024-02-24 11:53:12.106070,52,moderate,aerobic
83,2024-03-03 07:58:25.241573,76,moderate,anaerobic
83,2024-03-03 12:46:08.095987,30,moderate,anaerobic
83,2024-03-05 14:01:41.507805,74,low,mixed
83,2024-03-11 13:40:36.900934,73,moderate,anaerobic
83,2024-04-03 13:40:08.535877,50,high,anaerobic
83,2024-04-13 07:42:48.907319,27,high,aerobic
83,2024-04-14 17:14:50.501058,47,high,aerobic
83,2024-04-19 09:16:30.478488,68,high,aerobic
83,2024-04-26 13:58:04.516374,37,moderate,aerobic
83,2024-05-18 15:57:34.303358,25,low,anaerobic
83,2024-05-23 11:34:47.947067,67,moderate,aerobic
83,2024-05-29 07:58:32.822059,76,moderate,aerobic
83,2024-06-01 07:53:33.328412,34,moderate,anaerobic
83,2024-06-04 20:24:20.052834,62,low,aerobic
83,2024-06-07 10:46:38.071412,68,moderate,mixed
83,2024-06-07 11:32:34.470172,35,moderate,aerobic
83,2024-06-09 10:24:54.101860,29,high,aerobic
83,2024-06-24 13:18:01.265381,37,moderate,aerobic
83,2024-06-25 14:49:11.261245,22,moderate,anaerobic
84,2024-01-01 13:29:43.557072,55,moderate,aerobic
84,2024-01-01 19:05:33.246689,79,high,aerobic
84,2024-01-02 13:27:19.554354,76,high,aerobic
84,2024-01-02 13:58:43.703892,42,moderate,anaerobic
84,2024-01-03 14:33:29.898975,31,moderate,aerobic
84,2024-01-04 19:08:27.703464,71,high,anaerobic
84,2024-01-05 13:27:24.028834,35,high,anaerobic
84,2024-01-07 17:12:56.439087,60,moderate,anaerobic
84,2024-01-08 08:43:06.299730,46,high,aerobic
84,2024-01-14 08:42:35.437003,57,moderate,anaerobic
84,2024-01-14 10:10:06.295815,59,low,anaerobic
84,2024-01-15 11:50:53.230528,41,moderate,aerobic
84,2024-01-16 16:32:42.620990,58,moderate,mixed
84,2024-01-16 18:51:30.103486,74,moderate,mixed
84,2024-01-18 17:27:29.044239,54,moderate,aerobic
84,2024-01-19 08:28:31.757883,24,high,mixed
84,2024-01-30 08:30:21.166913,23,moderate,mixed
84,2024-01-30 14:28:41.837054,32,moderate,anaerobic
84,2024-02-01 11:12:50.199028,56,moderate,aerobic
84,2024-02-01 20:04:46.719284,75,moderate,mixed
84,2024-02-07 18:58:36.857420,22,moderate,aerobic
84,2024-02-08 13:00:55.799091,55,moderate,anaerobic
84,2024-02-09 09:19:10.415836,33,high,anaerobic
84,2024-02-10 17:21:31.707604,63,low,aerobic
84,2024-02-11 09:55:10.851818,38,moderate,aerobic
84,2024-02-12 15:44:57.883061,24,moderate,mixed
84,2024-02-17 13:06:44.664057,59,high,aerobic
84,2024-02-23 14:20:09.417046,44,low,aerobic
84,2024-02-25 10:11:37.401331,57,moderate,aerobic
84,2024-02-28 07:31:10.455188,31,moderate,aerobic
84,2024-03-06 10:56:07.349782,55,moderate,aerobic
84,2024-03-08 09:51:28.813536,64,low,mixed
84,2024-03-09 07:56:15.507418,49,moderate,aerobic
84,2024-03-10 19:15:38.724955,65,low,aerobic
84,2024-03-17 13:02:35.665223,35,high,aerobic
84,2024-03-18 15:27:46.906386,25,low,aerobic
84,2024-03-20 16:53:55.230054,78,moderate,anaerobic
84,2024-03-20 17:11:57.959750,29,high,anaerobic
84,2024-03-22 15:42:04.219386,52,moderate,aerobic
84,2024-03-22 16:40:33.130905,65,moderate,aerobic
84,2024-03-23 08:57:35.606738,68,moderate,aerobic
84,2024-03-23 19:21:32.253758,53,moderate,anaerobic
84,2024-03-26 12:05:18.351635,71,high,aerobic
84,2024-03-28 19:03:30.539121,77,moderate,aerobic
84,2024-03-30 14:25:49.825508,56,low,aerobic
84,2024-03-31 13:18:33.076885,37,high,aerobic
84,2024-04-05 09:17:45.366757,32,moderate,mixed
84,2024-04-09 19:39:34.020531,38,low,anaerobic
84,2024-04-10 17:23:22.356391,45,moderate,aerobic
84,2024-04-11 11:41:10.750847,34,moderate,aerobic
84,2024-04-15 13:24:40.975452,60,low,anaerobic
84,2024-04-17 09:51:00.761039,56,high,anaerobic
84,2024-04-19 19:59:22.964319,57,low,aerobic
84,2024-04-24 20:04:00.651420,57,low,mixed
84,2024-04-29 16:41:48.068038,49,low,anaerobic
84,2024-04-30 19:45:33.410616,37,high,mixed
84,2024-05-03 09:03:55.685195,51,moderate,aerobic
84,2024-05-05 08:23:22.049218,41,low,anaerobic
84,2024-05-06 20:31:55.161968,26,high,anaerobic
84,2024-05-07 09:44:03.833191,52,moderate,aerobic
84,2024-05-08 14:50:18.964887,21,moderate,anaerobic
84,2024-05-09 15:17:17.001790,78,high,aerobic
84,2024-05-10 20:32:59.990196,46,moderate,aerobic
84,2024-05-14 11:07:21.150271,30,low,anaerobic
84,2024-05-15 11:24:38.635597,40,moderate,mixed
84,2024-05-23 08:28:48.043520,47,moderate,aerobic
84,2024-05-23 09:55:39.432851,45,moderate,mixed
84,2024-05-25 07:46:29.808793,76,moderate,mixed
84,2024-05-29 20:26:36.229634,76,moderate,mixed
84,2024-05-31 17:46:55.945734,75,moderate,anaerobic
84,2024-06-01 15:04:07.991235,43,high,anaerobic
84,2024-06-02 20:48:08.236163,34,high,aerobic
84,2024-06-03 18:31:51.529189,76,moderate,anaerobic
84,2024-06-06 11:24:53.412885,38,moderate,aerobic
84,2024-06-07 13:20:29.820456,25,low,anaerobic
84,2024-06-08 14:26:43.951316,26,moderate,aerobic
84,2024-06-17 08:36:14.590767,65,moderate,aerobic
84,2024-06-19 20:26:51.484524,35,low,mixed
84,2024-06-23 20:18:33.066918,49,low,anaerobic
84,2024-06-26 20:55:20.616722,27,moderate,aerobic
84,2024-06-28 09:34:09.652049,31,moderate,anaerobic
85,2024-01-05 15:43:51.072414,49,high,anaerobic
85,2024-01-08 20:47:19.653748,41,high,aerobic
85,2024-01-17 14:58:44.023430,29,low,mixed
85,2024-01-17 16:13:08.394453,53,low,aerobic
85,2024-01-23 18:33:14.472884,39,moderate,mixed
85,2024-01-28 13:02:54.837778,21,moderate,aerobic
85,2024-01-31 13:28:14.809703,26,high,aerobic
85,2024-02-03 13:38:52.209925,39,high,mixed
85,2024-02-03 19:28:43.535611,64,moderate,anaerobic
85,2024-02-04 07:16:57.703743,31,moderate,anaerobic
85,2024-02-05 13:40:37.722530,39,low,mixed
85,2024-02-08 14:44:05.279986,75,high,aerobic
85,2024-02-08 19:26:35.624929,38,moderate,anaerobic
85,2024-02-13 07:04:57.262257,32,moderate,aerobic
85,2024-02-14 08:41:36.814174,42,low,anaerobic
85,2024-02-24 19:23:22.190699,43,moderate,mixed
85,2024-03-01 13:21:46.145574,43,low,mixed
85,2024-03-04 16:16:48.239393,57,low,aerobic
85,2024-03-08 12:52:21.287748,36,moderate,aerobic
85,2024-03-09 15:22:21.058956,74,moderate,aerobic
85,2024-03-15 10:26:59.898213,29,moderate,anaerobic
85,2024-03-18 19:15:40.765212,54,low,anaerobic
85,2024-03-25 17:21:02.997969,79,high,aerobic
85,2024-03-29 07:26:29.800788,76,high,mixed
85,2024-04-01 14:27:47.554601,65,low,aerobic
85,2024-04-12 10:50:59.157227,75,low,mixed
85,2024-04-16 13:11:25.183852,20,low,mixed
85,2024-04-17 12:49:04.783819,58,low,anaerobic
85,2024-04-20 10:42:58.892684,63,moderate,mixed
85,2024-04-23 20:25:27.884934,54,moderate,aerobic
85,2024-04-25 10:11:48.382531,66,moderate,aerobic
85,2024-05-01 11:13:25.476678,27,moderate,aerobic
85,2024-05-01 13:47:28.881638,62,moderate,anaerobic
85,2024-05-06 11:36:22.668347,31,low,aerobic
85,2024-05-06 18:05:02.878311,60,low,mixed
85,2024-05-13 08:46:01.418603,21,high,mixed
85,2024-05-14 13:29:07.404586,58,high,anaerobic
85,2024-05-15 17:09:17.617041,70,moderate,aerobic
85,2024-05-17 18:50:39.011698,29,high,aerobic
85,2024-05-18 18:41:36.458629,79,low,anaerobic
85,2024-05-19 09:08:34.042317,74,low,mixed
85,2024-05-26 10:52:26.511751,56,low,mixed
85,2024-05-26 11:53:56.179689,46,low,aerobic
85,2024-05-29 18:28:35.742573,58,moderate,anaerobic
85,2024-05-31 15:42:08.360942,37,high,aerobic
85,2024-06-04 11:37:47.812736,43,low,aerobic
85,2024-06-10 19:29:25.568519,69,moderate,aerobic
85,2024-06-13 13:10:26.899488,21,low,aerobic
85,2024-06-17 08:44:09.003649,21,moderate,mixed
85,2024-06-21 11:59:47.743576,27,moderate,mixed
85,2024-06-24 17:27:03.969389,73,low,mixed
85,2024-06-25 10:57:09.848038,53,moderate,mixed
85,2024-06-25 20:48:37.170740,26,moderate,aerobic
85,2024-06-28 13:36:03.515933,46,low,aerobic
86,2024-01-04 10:45:14.577781,57,high,aerobic
86,2024-01-13 07:17:10.964801,62,moderate,anaerobic
86,2024-01-14 11:10:42.436146,33,low,mixed
86,2024-01-15 12:31:27.512118,63,moderate,mixed
86,2024-01-18 12:30:58.407761,46,low,aerobic
86,2024-01-19 13:52:05.138441,64,moderate,mixed
86,2024-01-22 09:32:46.213904,54,moderate,anaerobic
86,2024-01-22 16:58:42.081360,76,moderate,anaerobic
86,2024-01-25 17:11:30.137588,49,moderate,aerobic
86,2024-01-25 19:34:53.996879,31,high,anaerobic
86,2024-01-26 11:53:20.888301,49,high,aerobic
86,2024-02-05 18:47:21.225660,63,moderate,aerobic
86,2024-02-09 07:12:28.051121,25,moderate,mixed
86,2024-02-17 13:26:12.521767,50,moderate,mixed
86,2024-02-21 16:52:58.224671,78,low,anaerobic
86,2024-02-23 11:45:39.026297,47,moderate,mixed
86,2024-02-24 17:06:46.176843,64,moderate,anaerobic
86,2024-02-28 16:32:06.541914,77,low,aerobic
86,2024-03-08 12:01:50.777359,55,moderate,mixed
86,2024-03-09 09:04:52.309926,48,moderate,anaerobic
86,2024-03-12 19:44:15.469755,37,moderate,mixed
86,2024-03-19 19:31:03.454112,78,moderate,anaerobic
86,2024-03-27 08:50:56.113146,37,moderate,mixed
86,2024-03-28 09:24:51.846316,73,high,anaerobic
86,2024-04-01 20:38:47.109698,73,low,aerobic
86,2024-04-04 12:45:56.537706,72,moderate,aerobic
86,2024-04-05 09:23:12.900002,63,low,mixed
86,2024-04-06 13:50:48.329902,27,moderate,aerobic
86,2024-04-11 15:48:05.245256,25,low,anaerobic
86,2024-04-12 09:37:40.072624,42,low,aerobic
86,2024-04-19 14:18:56.924489,69,high,mixed
86,2024-04-22 10:31:11.109001,66,low,anaerobic
86,2024-04-27 10:15:16.317892,32,moderate,aerobic
86,2024-05-02 20:57:24.140660,56,moderate,anaerobic
86,2024-05-03 20:25:21.083726,25,low,anaerobic
86,2024-05-04 08:30:38.920977,77,moderate,aerobic
86,2024-05-06 14:11:51.445410,63,moderate,aerobic
86,2024-05-09 14:12:37.227627,44,high,anaerobic
86,2024-05-09 19:35:21.429385,67,moderate,anaerobic
86,2024-05-13 11:22:16.526868,35,low,aerobic
86,2024-05-15 13:03:30.299950,66,moderate,aerobic
86,2024-05-18 12:37:19.461914,27,moderate,aerobic
86,2024-05-22 10:35:16.335548,37,low,aerobic
86,2024-05-24 18:51:26.262108,48,low,aerobic
86,2024-05-27 17:52:46.780928,75,moderate,aerobic
86,2024-05-29 12:57:48.974583,22,moderate,aerobic
86,2024-05-30 09:08:18.668379,74,high,aerobic
86,2024-06-02 18:49:06.322833,42,moderate,anaerobic
86,2024-06-03 18:11:49.805936,47,low,anaerobic
86,2024-06-10 07:18:06.557418,23,low,aerobic
86,2024-06-12 10:59:21.983021,58,moderate,mixed
86,2024-06-14 19:19:50.766671,45,high,aerobic
86,2024-06-15 07:51:54.579345,22,low,mixed
86,2024-06-15 15:56:39.634764,53,high,aerobic
86,2024-06-17 14:36:35.553164,35,moderate,aerobic
86,2024-06-18 11:32:14.792899,20,low,aerobic
86,2024-06-22 13:28:08.198328,69,moderate,anaerobic
86,2024-06-23 15:25:37.590405,23,moderate,aerobic
86,2024-06-28 13:42:48.091651,32,moderate,aerobic
87,2024-01-02 14:22:05.500466,59,moderate,mixed
87,2024-01-05 15:13:23.521944,22,low,anaerobic
87,2024-01-06 13:41:54.869770,67,low,aerobic
87,2024-01-07 17:59:48.118220,29,low,mixed
87,2024-01-08 07:55:29.113649,58,moderate,aerobic
87,2024-01-09 16:00:53.576606,39,high,anaerobic
87,2024-01-10 09:16:22.942219,68,low,mixed
87,2024-01-11 19:13:26.285527,69,moderate,anaerobic
87,2024-01-12 10:46:22.635508,79,moderate,aerobic
87,2024-01-15 08:35:55.058110,20,moderate,anaerobic
87,2024-01-16 07:57:23.718454,27,moderate,anaerobic
87,2024-01-18 15:35:44.918476,41,low,aerobic
87,2024-01-19 09:00:23.299775,55,moderate,anaerobic
87,2024-01-20 18:07:58.638478,22,high,aerobic
87,2024-01-22 09:38:29.462019,57,low,aerobic
87,2024-01-26 20:11:56.027421,55,moderate,mixed
87,2024-02-01 14:43:15.720663,43,moderate,mixed
87,2024-02-03 12:43:42.980664,70,moderate,mixed
87,2024-02-06 16:54:47.901172,41,moderate,anaerobic
87,2024-02-07 13:55:49.531076,71,moderate,mixed
87,2024-02-07 20:44:17.087200,71,moderate,mixed
87,2024-02-08 10:33:48.364402,25,moderate,aerobic
87,2024-02-09 20:07:32.058595,75,high,mixed
87,2024-02-10 09:59:57.752819,76,low,aerobic
87,2024-02-14 15:50:51.906530,67,low,anaerobic
87,2024-02-15 11:57:46.244183,32,low,anaerobic
87,2024-02-18 19:53:39.383017,33,low,anaerobic
87,2024-02-21 19:11:31.430565,50,low,aerobic
87,2024-02-23 11:19:11.103902,28,moderate,aerobic
87,2024-02-25 11:02:35.843222,35,low,aerobic
87,2024-02-27 20:21:48.831751,61,moderate,mixed
87,2024-02-29 17:58:24.260836,42,moderate,mixed
87,2024-03-06 20:10:03.520674,20,moderate,aerobic
87,2024-03-07 12:32:24.588381,39,moderate,mixed
87,2024-03-08 18:04:08.319006,68,high,aerobic
87,2024-03-10 13:15:50.210918,28,moderate,aerobic
87,2024-03-16 11:16:55.874750,23,low,aerobic
87,2024-03-18 18:47:09.932414,77,high,anaerobic
87,2024-03-18 19:50:28.322125,49,low,aerobic
87,2024-03-21 20:29:05.450367,22,moderate,aerobic
87,2024-03-23 09:38:18.688240,45,moderate,anaerobic
87,2024-03-23 11:19:37.385853,29,moderate,aerobic
87,2024-03-24 09:58:19.329866,40,moderate,aerobic
87,2024-03-25 09:46:18.982727,57,low,anaerobic
87,2024-03-27 13:39:59.248076,70,moderate,anaerobic
87,2024-03-29 14:41:46.287019,46,high,mixed
87,2024-03-30 15:13:25.572205,52,low,mixed
87,2024-04-04 09:59:06.392883,59,moderate,anaerobic
87,2024-04-05 07:57:01.473537,49,moderate,anaerobic
87,2024-04-06 10:06:17.800115,52,low,aerobic
87,2024-04-20 12:32:52.276799,32,moderate,mixed
87,2024-04-20 18:19:21.785256,37,moderate,mixed
87,2024-04-21 14:29:14.227674,68,high,aerobic
87,2024-04-25 07:22:19.232441,43,low,anaerobic
87,2024-04-25 19:40:45.333175,77,low,anaerobic
87,2024-04-26 09:58:05.022404,66,moderate,mixed
87,2024-04-26 18:58:25.927832,53,high,mixed
87,2024-04-27 09:53:09.573730,56,moderate,mixed
87,2024-05-01 14:38:56.135083,75,low,mixed
87,2024-05-03 14:45:28.016829,25,low,aerobic
87,2024-05-04 13:51:53.755433,27,moderate,aerobic
87,2024-05-05 07:45:39.002276,39,moderate,aerobic
87,2024-05-11 19:11:45.837505,72,moderate,aerobic
87,2024-05-14 19:08:52.371853,51,high,anaerobic
87,2024-05-17 13:45:57.224793,37,moderate,mixed
87,2024-05-19 07:08:47.635242,78,moderate,aerobic
87,2024-05-22 17:15:59.696076,72,low,anaerobic
87,2024-05-22 17:27:27.804949,65,low,aerobic
87,2024-05-26 16:09:11.254804,38,low,aerobic
87,2024-05-26 19:58:04.134781,58,moderate,aerobic
87,2024-05-28 17:42:01.063306,78,high,anaerobic
87,2024-05-29 20:51:28.752933,28,low,aerobic
87,2024-05-30 18:06:59.776507,49,low,aerobic
87,2024-05-30 20:00:11.496549,67,moderate,aerobic
87,2024-06-02 15:23:28.464894,51,moderate,aerobic
87,2024-06-04 07:24:34.804974,31,low,aerobic
87,2024-06-05 12:43:17.453816,26,high,anaerobic
87,2024-06-06 10:24:01.098051,54,moderate,aerobic
87,2024-06-11 15:47:06.662313,24,moderate,mixed
87,2024-06-12 18:48:24.774917,30,high,mixed
87,2024-06-13 09:41:29.568940,60,low,aerobic
87,2024-06-13 19:58:46.350535,48,moderate,mixed
87,2024-06-15 12:04:06.812030,42,low,anaerobic
87,2024-06-15 18:38:43.460348,43,high,mixed
87,2024-06-17 17:35:59.300308,51,low,mixed
87,2024-06-18 16:38:20.841177,56,low,aerobic
87,2024-06-23 11:10:11.469099,36,high,anaerobic
88,2024-01-04 14:36:11.545116,59,moderate,aerobic
88,2024-01-08 14:09:33.721913,61,low,anaerobic
88,2024-01-08 20:25:08.412296,22,moderate,aerobic
88,2024-01-11 13:44:51.823594,36,moderate,anaerobic
88,2024-01-14 15:14:21.782056,24,high,anaerobic
88,2024-01-15 09:13:59.569960,74,moderate,mixed
88,2024-01-22 20:14:25.582572,26,high,aerobic
88,2024-01-23 12:37:51.238469,37,high,mixed
88,2024-01-25 16:16:52.397824,46,moderate,mixed
88,2024-01-25 16:49:26.512645,44,high,mixed
88,2024-01-30 16:59:49.010051,36,moderate,anaerobic
88,2024-01-31 07:14:38.652366,46,low,anaerobic
88,2024-02-02 20:25:23.087916,78,high,aerobic
88,2024-02-05 13:38:20.029044,78,moderate,anaerobic
88,2024-02-06 10:57:58.078633,21,low,aerobic
88,2024-02-06 16:43:34.183438,36,low,aerobic
88,2024-02-12 10:31:56.947086,63,low,aerobic
88,2024-02-16 11:22:31.924121,77,moderate,mixed
88,2024-02-17 09:12:40.001951,34,moderate,mixed
88,2024-02-18 08:58:39.634162,71,moderate,aerobic
88,2024-02-20 08:10:41.936602,41,low,mixed
88,2024-02-22 17:30:01.614327,30,moderate,aerobic
88,2024-02-22 20:40:48.717201,59,low,aerobic
88,2024-02-23 12:58:58.432925,20,moderate,anaerobic
88,2024-02-25 16:30:58.072702,71,moderate,anaerobic
88,2024-02-25 20:52:30.769070,43,moderate,aerobic
88,2024-02-26 12:24:45.065828,62,moderate,mixed
88,2024-02-29 16:21:17.207748,28,high,anaerobic
88,2024-03-01 12:47:11.261221,30,low,mixed
88,2024-03-03 08:07:46.430216,20,moderate,mixed
88,2024-03-04 10:35:32.828591,36,moderate,aerobic
88,2024-03-04 12:06:46.660070,29,moderate,aerobic
88,2024-03-09 08:23:27.381844,63,low,anaerobic
88,2024-03-11 20:59:13.877033,29,low,aerobic
88,2024-03-12 14:23:02.511358,37,high,aerobic
88,2024-03-18 20:03:57.109050,30,moderate,anaerobic
88,2024-03-20 07:45:53.374663,36,low,anaerobic
88,2024-03-20 10:10:58.441163,61,moderate,mixed
88,2024-03-23 14:54:42.414899,41,low,aerobic
88,2024-03-24 11:30:11.435684,54,moderate,mixed
88,2024-03-26 16:23:00.127201,69,low,anaerobic
88,2024-03-30 18:24:54.705732,61,low,anaerobic
88,2024-04-01 13:36:25.990673,40,low,mixed
88,2024-04-01 16:10:22.507424,75,high,mixed
88,2024-04-03 07:10:34.896722,72,high,aerobic
88,2024-04-07 09:14:14.779054,37,low,aerobic
88,2024-04-07 16:43:43.863819,46,low,aerobic
88,2024-04-08 07:29:09.311250,35,moderate,aerobic
88,2024-04-08 09:24:38.699486,43,moderate,aerobic
88,2024-04-10 15:25:25.265900,65,moderate,anaerobic
88,2024-04-13 17:33:53.715942,71,low,mixed
88,2024-04-13 21:03:27.968739,66,low,aerobic
88,2024-04-17 13:23:26.719852,31,high,aerobic
88,2024-04-20 12:33:06.286164,44,high,mixed
88,2024-04-23 15:18:04.861971,50,moderate,mixed
88,2024-04-26 11:38:08.266843,28,low,aerobic
88,2024-04-26 12:41:06.814739,73,moderate,anaerobic
88,2024-04-28 09:02:51.932922,28,moderate,aerobic
88,2024-05-03 11:37:27.237064,37,moderate,mixed
88,2024-05-03 18:12:53.173037,57,high,anaerobic
88,2024-05-04 10:16:10.704233,61,high,aerobic
88,2024-05-09 13:54:16.796957,60,moderate,aerobic
88,2024-05-14 18:33:46.055020,62,low,aerobic
88,2024-05-16 09:41:17.514595,48,moderate,aerobic
88,2024-05-22 13:49:42.063705,32,low,anaerobic
88,2024-05-22 20:42:36.232059,65,moderate,aerobic
88,2024-05-27 11:36:28.560031,44,moderate,mixed
88,2024-05-31 14:31:31.794797,20,high,mixed
88,2024-05-31 20:05:38.645004,39,moderate,aerobic
88,2024-06-02 11:55:30.933163,69,high,aerobic
88,2024-06-04 10:02:45.119209,68,moderate,anaerobic
88,2024-06-04 12:31:48.121487,61,high,anaerobic
88,2024-06-06 08:44:21.267757,71,low,aerobic
88,2024-06-06 15:55:41.618136,73,high,anaerobic
88,2024-06-08 14:29:26.104995,54,moderate,anaerobic
88,2024-06-08 20:37:27.603701,78,moderate,anaerobic
88,2024-06-09 07:25:26.534474,72,low,anaerobic
88,2024-06-09 09:27:42.972972,55,moderate,aerobic
88,2024-06-11 18:13:28.596826,42,low,mixed
88,2024-06-13 20:52:11.799427,40,moderate,aerobic
88,2024-06-16 20:55:48.783040,39,low,mixed
88,2024-06-22 09:07:07.720176,36,moderate,mixed
88,2024-06-27 10:54:11.549246,43,low,aerobic
88,2024-06-28 08:51:41.822128,46,high,aerobic
89,2024-01-10 17:15:39.595231,46,moderate,mixed
89,2024-01-20 09:27:39.133282,57,high,anaerobic
89,2024-01-29 08:17:22.769117,20,moderate,aerobic
89,2024-02-03 19:37:26.933118,76,low,anaerobic
89,2024-02-21 12:44:10.949336,35,moderate,anaerobic
89,2024-02-22 10:27:57.341698,21,low,aerobic
89,2024-02-26 18:00:11.767898,56,high,mixed
89,2024-02-27 20:51:02.359435,27,moderate,aerobic
89,2024-03-05 13:39:09.137583,24,moderate,anaerobic
89,2024-03-06 18:38:06.037464,70,moderate,aerobic
89,2024-03-06 20:48:23.521632,22,low,aerobic
89,2024-03-10 12:37:11.600275,48,low,aerobic
89,2024-03-22 09:14:20.178350,48,moderate,aerobic
89,2024-03-24 08:08:26.706223,59,moderate,anaerobic
89,2024-03-24 08:23:27.331183,48,moderate,aerobic
89,2024-04-17 15:59:13.970970,27,moderate,aerobic
89,2024-04-17 19:27:49.976590,31,low,aerobic
89,2024-04-18 14:48:42.811951,39,high,mixed
89,2024-04-20 13:31:49.579771,29,low,mixed
89,2024-04-29 15:35:36.777692,27,high,anaerobic
89,2024-05-03 15:54:25.251988,40,high,anaerobic
89,2024-05-04 13:21:02.981813,69,moderate,anaerobic
89,2024-05-08 17:07:51.842114,22,moderate,mixed
89,2024-05-10 20:31:35.177573,29,moderate,aerobic
89,2024-05-16 11:27:32.192532,42,low,aerobic
89,2024-05-18 12:55:54.369708,58,low,anaerobic
89,2024-05-18 20:50:58.419739,65,moderate,mixed
89,2024-05-27 16:22:43.109747,77,high,anaerobic
89,2024-05-28 17:22:35.047508,32,low,aerobic
89,2024-06-02 18:12:27.276123,48,moderate,anaerobic
89,2024-06-03 17:53:54.364305,22,moderate,anaerobic
89,2024-06-05 16:30:12.872378,64,moderate,aerobic
89,2024-06-07 21:21:34.139947,33,moderate,mixed
89,2024-06-12 13:25:33.637715,28,moderate,aerobic
89,2024-06-16 16:54:40.495416,51,moderate,mixed
89,2024-06-17 11:00:44.795748,36,high,mixed
89,2024-06-18 07:55:05.350050,53,moderate,mixed
89,2024-06-19 18:48:07.518415,50,low,mixed
89,2024-06-23 11:34:16.993418,74,moderate,anaerobic
90,2024-01-09 15:13:23.090822,46,high,aerobic
90,2024-01-20 13:43:26.453642,35,moderate,mixed
90,2024-01-24 09:31:22.940590,68,low,anaerobic
90,2024-01-28 12:39:22.752592,58,low,mixed
90,2024-01-28 20:44:41.518079,44,low,anaerobic
90,2024-02-04 08:56:49.182885,59,moderate,aerobic
90,2024-02-04 15:56:14.315059,37,low,anaerobic
90,2024-02-07 15:37:36.002244,54,moderate,mixed
90,2024-02-08 12:59:57.920671,63,high,aerobic
90,2024-02-11 18:24:01.374691,77,low,anaerobic
90,2024-02-14 07:14:16.771733,24,low,mixed
90,2024-02-17 18:15:34.582289,54,moderate,anaerobic
90,2024-03-03 11:56:39.740888,39,high,anaerobic
90,2024-03-05 15:28:51.631635,41,high,aerobic
90,2024-03-09 18:48:09.792148,50,moderate,anaerobic
90,2024-03-14 13:28:28.479493,22,low,aerobic
90,2024-03-18 14:01:10.664815,63,low,aerobic
90,2024-03-18 16:23:32.886068,30,low,mixed
90,2024-03-19 19:06:44.347996,71,moderate,aerobic
90,2024-04-02 14:21:17.806738,33,low,mixed
90,2024-04-11 10:22:04.616980,74,moderate,anaerobic
90,2024-04-11 19:25:00.773471,54,moderate,mixed
90,2024-04-13 09:09:29.328060,35,moderate,anaerobic
90,2024-04-19 13:20:06.913986,39,moderate,mixed
90,2024-04-23 09:39:37.473448,66,moderate,aerobic
90,2024-05-08 16:26:28.704449,52,moderate,mixed
90,2024-05-14 09:44:04.342438,79,moderate,mixed
90,2024-05-15 20:45:37.513413,28,moderate,aerobic
90,2024-05-25 20:38:03.188098,21,moderate,aerobic
90,2024-05-31 08:20:00.141158,59,high,aerobic
90,2024-06-01 13:55:42.078822,43,low,aerobic
90,2024-06-01 15:28:44.076692,52,low,anaerobic
90,2024-06-03 18:13:40.447252,55,moderate,anaerobic
90,2024-06-05 12:13:41.617304,40,high,aerobic
90,2024-06-08 18:34:53.865269,57,moderate,anaerobic
90,2024-06-17 08:28:49.950907,74,moderate,aerobic
90,2024-06-18 20:54:28.202031,76,low,aerobic
90,2024-06-21 14:38:35.720434,36,low,mixed
90,2024-06-24 13:52:25.208840,26,low,mixed
90,2024-06-28 15:47:51.199687,40,high,mixed
91,2024-01-02 20:38:25.075345,37,high,aerobic
91,2024-01-03 11:28:14.630241,30,high,aerobic
91,2024-01-05 19:00:59.441025,31,moderate,aerobic
91,2024-01-08 19:18:46.617713,62,low,mixed
91,2024-01-09 10:42:11.379073,72,high,aerobic
91,2024-01-09 20:25:14.955827,33,low,anaerobic
91,2024-01-10 14:14:57.404338,55,moderate,aerobic
91,2024-01-12 07:15:44.344697,52,moderate,aerobic
91,2024-01-12 20:20:53.229856,41,high,anaerobic
91,2024-01-17 20:39:59.382006,48,moderate,aerobic
91,2024-01-22 18:49:50.443444,75,moderate,mixed
91,2024-01-23 08:46:26.549574,22,moderate,mixed
91,2024-01-24 15:07:52.838443,23,moderate,aerobic
91,2024-01-26 14:16:19.247062,55,moderate,mixed
91,2024-01-28 15:05:38.655243,73,moderate,anaerobic
91,2024-02-02 11:10:45.124354,52,low,anaerobic
91,2024-02-03 08:36:11.485228,56,moderate,aerobic
91,2024-02-06 21:06:17.095980,52,moderate,mixed
91,2024-02-07 11:47:55.198117,63,moderate,anaerobic
91,2024-02-18 20:16:41.896773,52,low,anaerobic
91,2024-02-21 15:54:31.257287,35,low,anaerobic
91,2024-02-22 15:24:56.951588,29,high,anaerobic
91,2024-02-27 09:38:34.645815,29,moderate,anaerobic
91,2024-03-02 07:25:32.089882,27,moderate,mixed
91,2024-03-07 20:21:01.219774,43,high,anaerobic
91,2024-03-08 12:04:33.596367,26,low,anaerobic
91,2024-03-13 17:00:48.978167,20,high,aerobic
91,2024-03-14 09:16:38.573246,66,low,aerobic
91,2024-03-22 10:54:49.446075,33,low,mixed
91,2024-03-22 13:33:40.022944,29,moderate,anaerobic
91,2024-03-24 13:48:50.166919,69,moderate,mixed
91,2024-03-25 17:59:14.774912,69,low,mixed
91,2024-03-26 12:45:03.271392,22,low,anaerobic
91,2024-04-01 20:54:28.976933,56,high,aerobic
91,2024-04-05 17:30:07.142907,65,high,aerobic
91,2024-04-18 08:16:18.131157,25,moderate,anaerobic
91,2024-04-23 09:59:26.284999,57,moderate,aerobic
91,2024-04-26 11:21:29.729997,32,moderate,mixed
91,2024-05-04 09:59:53.782305,23,low,mixed
91,2024-05-04 14:24:42.338818,31,high,mixed
91,2024-05-13 10:52:15.033989,42,moderate,aerobic
91,2024-05-17 19:02:25.168768,23,moderate,anaerobic
91,2024-05-20 20:56:49.385633,61,high,anaerobic
91,2024-05-21 12:24:53.401437,21,low,anaerobic
91,2024-05-23 15:41:22.619382,26,moderate,aerobic
91,2024-05-23 17:40:11.507877,58,moderate,mixed
91,2024-05-24 17:51:11.707092,23,high,anaerobic
91,2024-05-28 16:28:43.761939,26,low,aerobic
91,2024-05-30 07:26:26.517584,60,moderate,mixed
91,2024-06-01 10:31:48.110835,47,moderate,mixed
91,2024-06-01 21:28:03.179997,46,low,anaerobic
91,2024-06-02 07:37:03.109339,54,high,anaerobic
91,2024-06-03 16:26:39.718637,48,moderate,aerobic
91,2024-06-07 08:47:12.429977,45,low,aerobic
91,2024-06-09 07:46:30.008268,26,low,mixed
91,2024-06-15 11:24:49.768502,51,low,aerobic
91,2024-06-16 14:09:22.254761,60,high,aerobic
91,2024-06-16 19:34:45.860568,34,low,mixed
91,2024-06-18 20:38:43.561103,74,low,mixed
91,2024-06-22 09:55:19.004130,54,low,aerobic
91,2024-06-28 14:06:32.380130,23,high,mixed
92,2024-01-03 15:28:59.254404,68,high,mixed
92,2024-01-06 17:21:02.052524,41,moderate,aerobic
92,2024-01-06 20:11:11.012242,53,moderate,aerobic
92,2024-01-10 20:25:00.213977,33,moderate,mixed
92,2024-01-18 11:30:10.413921,49,low,mixed
92,2024-01-21 15:23:38.393088,49,moderate,aerobic
92,2024-01-26 07:40:54.491127,69,moderate,aerobic
92,2024-01-28 12:42:28.529580,65,moderate,aerobic
92,2024-01-29 08:37:46.180225,48,moderate,mixed
92,2024-01-29 19:51:25.098005,79,high,aerobic
92,2024-01-31 17:06:24.722396,48,high,anaerobic
92,2024-02-02 15:42:21.419527,24,high,mixed
92,2024-02-03 13:19:05.598124,44,low,mixed
92,2024-02-04 14:55:46.325561,21,high,mixed
92,2024-02-09 18:04:26.082210,40,low,aerobic
92,2024-03-01 08:16:11.622040,70,low,aerobic
92,2024-03-07 11:12:32.622338,24,moderate,aerobic
92,2024-03-09 11:40:10.349868,63,high,aerobic
92,2024-03-09 12:30:57.290759,36,low,aerobic
92,2024-03-12 20:17:31.446837,30,moderate,aerobic
92,2024-03-20 14:42:12.773849,59,high,anaerobic
92,2024-04-04 20:40:26.169047,29,moderate,aerobic
92,2024-04-05 18:46:42.806926,67,moderate,aerobic
92,2024-04-13 18:19:00.744276,52,moderate,aerobic
92,2024-04-15 09:09:51.188143,22,high,mixed
92,2024-04-18 10:58:16.735068,70,moderate,aerobic
92,2024-04-20 18:37:38.007149,76,low,anaerobic
92,2024-04-20 18:53:10.174009,55,high,aerobic
92,2024-04-21 16:37:22.400645,73,low,mixed
92,2024-04-26 14:56:04.860310,31,low,aerobic
92,2024-04-28 15:55:26.223185,37,low,aerobic
92,2024-04-28 18:46:09.676093,26,low,mixed
92,2024-04-29 08:49:41.338320,68,low,anaerobic
92,2024-05-07 15:40:34.688000,43,moderate,aerobic
92,2024-05-10 07:29:34.240174,71,moderate,aerobic
92,2024-05-11 11:17:27.194180,25,low,mixed
92,2024-05-13 15:19:09.409908,47,moderate,aerobic
92,2024-05-14 13:07:50.431416,22,moderate,aerobic
92,2024-05-17 07:22:41.413644,57,moderate,anaerobic
92,2024-05-19 16:25:31.297026,24,moderate,aerobic
92,2024-05-21 14:42:36.451961,26,moderate,aerobic
92,2024-05-25 18:35:48.507619,72,low,aerobic
92,2024-05-27 18:58:52.142358,24,low,anaerobic
92,2024-05-30 17:05:08.368488,31,high,anaerobic
92,2024-06-03 19:28:42.204802,54,moderate,aerobic
92,2024-06-07 15:28:56.775851,41,low,mixed
92,2024-06-08 09:49:12.113732,31,low,aerobic
92,2024-06-09 16:06:51.708061,20,moderate,mixed
92,2024-06-11 12:57:40.591296,27,high,mixed
92,2024-06-11 18:35:50.468080,35,high,mixed
92,2024-06-13 12:43:45.865825,43,high,anaerobic
92,2024-06-18 13:57:29.966551,20,high,aerobic
92,2024-06-20 07:08:45.274751,66,high,aerobic
92,2024-06-20 10:39:05.481896,71,low,aerobic
93,2024-01-02 11:31:21.002837,46,moderate,aerobic
93,2024-01-06 21:10:13.755171,43,high,anaerobic
93,2024-01-13 18:31:54.068115,48,moderate,aerobic
93,2024-01-17 12:35:18.838450,69,low,aerobic
93,2024-01-18 13:13:40.533940,38,high,aerobic
93,2024-01-20 09:56:05.021255,58,high,anaerobic
93,2024-02-02 10:17:31.445916,63,high,anaerobic
93,2024-02-19 17:29:19.117847,48,moderate,anaerobic
93,2024-02-23 14:07:45.931216,68,moderate,aerobic
93,2024-02-25 16:41:21.810105,23,moderate,anaerobic
93,2024-02-28 17:35:36.698051,21,moderate,mixed
93,2024-03-01 19:32:03.304572,45,moderate,anaerobic
93,2024-03-10 13:47:31.586527,61,moderate,aerobic
93,2024-03-16 11:02:25.435001,51,low,aerobic
93,2024-03-18 12:23:15.760768,41,moderate,aerobic
93,2024-03-23 20:19:16.003860,38,moderate,aerobic
93,2024-03-30 13:38:08.030783,21,moderate,aerobic
93,2024-04-01 07:54:52.892448,25,low,aerobic
93,2024-04-01 20:09:59.604504,37,low,anaerobic
93,2024-04-02 18:49:36.215916,63,moderate,anaerobic
93,2024-04-07 17:24:02.083903,69,moderate,anaerobic
93,2024-04-08 17:59:51.793848,35,moderate,aerobic
93,2024-04-09 17:03:52.065923,47,moderate,anaerobic
93,2024-04-10 16:59:45.766796,34,moderate,aerobic
93,2024-04-12 13:09:09.676785,32,low,aerobic
93,2024-04-12 17:15:08.766281,24,moderate,aerobic
93,2024-04-14 07:34:02.306786,56,low,anaerobic
93,2024-04-15 11:28:16.788887,61,moderate,aerobic
93,2024-04-20 13:44:16.643953,36,low,aerobic
93,2024-04-22 14:47:41.516876,44,moderate,anaerobic
93,2024-04-23 08:30:12.041660,25,moderate,anaerobic
93,2024-04-25 12:05:10.318993,46,moderate,mixed
93,2024-04-26 08:53:59.300684,50,moderate,aerobic
93,2024-04-26 10:28:42.212253,32,moderate,anaerobic
93,2024-05-06 17:42:12.547662,58,moderate,aerobic
93,2024-05-21 14:36:05.716445,26,low,anaerobic
93,2024-05-29 18:23:15.938236,78,high,aerobic
93,2024-05-30 15:14:12.430003,37,low,mixed
93,2024-06-04 12:25:59.596680,22,high,anaerobic
93,2024-06-07 13:54:08.572477,34,low,aerobic
93,2024-06-08 10:22:44.602655,57,low,mixed
93,2024-06-08 16:23:05.575002,43,low,aerobic
93,2024-06-09 07:50:58.656137,22,moderate,aerobic
93,2024-06-12 15:56:23.909972,34,high,aerobic
93,2024-06-15 08:57:07.847979,52,high,aerobic
93,2024-06-16 15:01:08.528113,55,high,mixed
93,2024-06-17 16:04:45.806729,64,moderate,aerobic
93,2024-06-20 12:56:17.673394,26,moderate,aerobic
93,2024-06-23 15:10:06.241365,47,moderate,mixed
94,2024-01-02 15:31:04.732333,46,low,anaerobic
94,2024-01-04 12:05:21.726312,50,high,mixed
94,2024-01-06 19:45:30.970954,40,low,mixed
94,2024-01-12 17:15:27.021336,43,moderate,aerobic
94,2024-01-14 11:49:46.435482,77,moderate,anaerobic
94,2024-01-16 14:26:33.911167,50,moderate,mixed
94,2024-01-17 17:32:48.415695,69,low,aerobic
94,2024-01-22 12:09:10.782520,38,moderate,aerobic
94,2024-01-26 15:56:25.695868,49,low,aerobic
94,2024-02-01 20:26:31.005019,57,moderate,aerobic
94,2024-02-04 07:59:22.413659,67,moderate,mixed
94,2024-02-20 10:33:12.770766,74,high,aerobic
94,2024-02-22 18:48:45.796996,38,low,anaerobic
94,2024-03-03 12:15:32.936763,43,moderate,mixed
94,2024-03-10 16:42:23.281890,32,moderate,mixed
94,2024-03-15 07:38:52.244421,45,low,mixed
94,2024-03-21 10:52:12.998555,23,moderate,mixed
94,2024-03-22 20:33:25.620558,60,moderate,anaerobic
94,2024-03-27 19:07:53.393521,36,high,aerobic
94,2024-03-30 16:41:41.193909,74,high,anaerobic
94,2024-04-01 12:09:28.703063,47,moderate,aerobic
94,2024-04-09 14:57:24.220217,23,moderate,anaerobic
94,2024-04-09 16:58:08.871943,79,high,anaerobic
94,2024-04-10 18:54:58.037111,43,moderate,anaerobic
94,2024-04-16 09:57:51.846931,75,moderate,aerobic
94,2024-04-27 12:28:29.088281,53,moderate,aerobic
94,2024-04-28 08:10:52.569295,49,high,mixed
94,2024-04-29 10:34:48.534691,38,moderate,anaerobic
94,2024-04-29 17:13:14.002177,73,moderate,mixed
94,2024-05-01 18:47:28.096424,31,high,aerobic
94,2024-05-10 16:48:27.988299,45,low,aerobic
94,2024-05-11 14:28:23.691156,48,moderate,aerobic
94,2024-05-13 12:33:25.514100,68,low,aerobic
94,2024-05-13 20:42:07.143129,50,moderate,mixed
94,2024-05-15 20:58:11.615297,55,high,aerobic
94,2024-05-17 17:37:31.711387,60,moderate,mixed
94,2024-05-18 15:27:12.986758,21,moderate,anaerobic
94,2024-05-24 14:11:28.016698,20,low,anaerobic
94,2024-05-25 21:02:03.829438,76,moderate,aerobic
94,2024-05-26 10:03:49.332535,27,moderate,aerobic
94,2024-06-05 20:57:13.299854,57,moderate,anaerobic
94,2024-06-12 10:35:56.483910,63,low,aerobic
94,2024-06-13 14:09:58.189734,72,moderate,mixed
94,2024-06-16 07:49:10.164207,41,high,aerobic
94,2024-06-21 19:57:03.552153,66,moderate,mixed
94,2024-06-23 11:36:53.622387,49,high,anaerobic
94,2024-06-25 15:13:10.926653,36,low,aerobic
95,2024-01-03 18:44:07.344007,44,moderate,anaerobic
95,2024-01-04 14:45:07.815592,34,low,anaerobic
95,2024-01-09 19:13:59.820596,78,high,anaerobic
95,2024-01-12 19:39:31.512446,79,moderate,aerobic
95,2024-01-13 10:02:55.151701,66,moderate,aerobic
95,2024-01-18 18:58:32.441413,41,high,mixed
95,2024-01-21 10:29:45.955089,48,low,aerobic
95,2024-01-22 10:44:59.152709,78,high,aerobic
95,2024-01-24 17:12:22.651532,43,moderate,aerobic
95,2024-01-25 14:38:45.561034,47,moderate,anaerobic
95,2024-01-27 13:54:02.464841,54,low,aerobic
95,2024-01-28 10:40:18.508360,42,moderate,mixed
95,2024-02-09 19:28:21.686128,68,moderate,aerobic
95,2024-02-13 08:25:30.489449,50,low,aerobic
95,2024-02-16 18:48:34.194580,35,moderate,anaerobic
95,2024-02-17 18:16:27.609666,29,low,anaerobic
95,2024-02-19 20:15:56.743855,44,moderate,aerobic
95,2024-02-20 11:32:09.305791,77,high,anaerobic
95,2024-02-20 18:25:58.512569,40,moderate,aerobic
95,2024-02-25 15:35:37.178579,42,moderate,aerobic
95,2024-02-26 17:18:37.629408,59,moderate,anaerobic
95,2024-02-29 15:27:07.167898,55,moderate,anaerobic
95,2024-03-01 14:05:56.548712,75,moderate,mixed
95,2024-03-01 15:49:53.786088,39,low,mixed
95,2024-03-02 15:00:22.352652,20,low,mixed
95,2024-03-03 09:35:33.691077,35,low,anaerobic
95,2024-03-05 14:18:20.455703,21,moderate,mixed
95,2024-03-11 10:57:58.092124,78,high,aerobic
95,2024-03-11 13:09:14.401594,33,moderate,aerobic
95,2024-03-13 17:10:44.330397,40,low,anaerobic
95,2024-03-14 15:36:11.457072,31,low,aerobic
95,2024-03-14 17:37:59.926579,54,moderate,mixed
95,2024-03-18 08:17:32.914950,64,moderate,anaerobic
95,2024-03-19 07:34:56.544954,46,high,aerobic
95,2024-03-21 20:15:52.377671,22,low,aerobic
95,2024-03-29 16:19:10.925520,24,moderate,anaerobic
95,2024-03-30 08:52:55.256204,50,moderate,aerobic
95,2024-04-01 20:44:47.706054,30,moderate,aerobic
95,2024-04-10 11:20:29.154399,27,low,aerobic
95,2024-04-11 16:11:49.492742,75,moderate,aerobic
95,2024-04-13 18:06:29.617108,50,low,aerobic
95,2024-04-14 08:41:50.853087,34,low,mixed
95,2024-04-17 14:35:29.219781,62,low,aerobic
95,2024-04-21 15:37:02.295438,62,moderate,aerobic
95,2024-04-21 19:02:12.740161,49,low,aerobic
95,2024-04-23 19:11:29.153782,72,moderate,anaerobic
95,2024-04-26 18:43:34.350844,45,high,aerobic
95,2024-04-27 11:16:51.284748,55,moderate,aerobic
95,2024-04-28 19:19:42.193439,60,low,aerobic
95,2024-04-29 09:08:21.358228,70,high,mixed
95,2024-04-30 19:59:42.629910,79,moderate,anaerobic
95,2024-05-01 18:57:23.360807,60,low,aerobic
95,2024-05-02 19:23:25.209646,44,moderate,aerobic
95,2024-05-03 16:36:43.908821,63,moderate,mixed
95,2024-05-04 14:19:05.435832,59,low,mixed
95,2024-05-04 19:06:16.871141,59,moderate,aerobic
95,2024-05-07 09:14:29.774033,40,low,aerobic
95,2024-05-08 08:55:57.039795,62,moderate,anaerobic
95,2024-05-09 14:06:15.059302,68,moderate,aerobic
95,2024-05-11 18:30:42.009369,20,low,mixed
95,2024-05-12 09:59:36.660427,33,moderate,aerobic
95,2024-05-15 10:05:34.335513,66,low,anaerobic
95,2024-05-18 08:05:22.432725,26,low,mixed
95,2024-05-18 14:38:47.324235,77,low,aerobic
95,2024-05-21 09:42:36.067803,62,high,aerobic
95,2024-05-25 08:30:42.264267,28,moderate,aerobic
95,2024-05-26 13:46:17.533224,69,low,aerobic
95,2024-05-26 17:13:57.402815,72,moderate,mixed
95,2024-05-29 19:50:40.931202,64,low,mixed
95,2024-05-30 16:09:23.072907,55,moderate,aerobic
95,2024-05-31 18:01:23.581113,77,moderate,aerobic
95,2024-06-06 12:32:37.143163,71,high,aerobic
95,2024-06-06 13:21:47.646672,72,high,aerobic
95,2024-06-07 15:54:55.356409,75,moderate,aerobic
95,2024-06-08 07:03:58.871887,46,moderate,anaerobic
95,2024-06-12 07:51:37.286631,76,low,aerobic
95,2024-06-13 10:34:16.909576,37,high,mixed
95,2024-06-16 13:53:16.060082,36,moderate,mixed
95,2024-06-16 20:40:38.578883,55,low,mixed
95,2024-06-17 11:58:36.092834,27,moderate,aerobic
95,2024-06-18 16:11:55.613050,67,low,aerobic
95,2024-06-21 08:06:59.709900,62,moderate,mixed
95,2024-06-25 08:31:30.890622,62,low,aerobic
95,2024-06-26 09:40:24.819631,45,low,aerobic
95,2024-06-27 14:51:04.956754,77,high,anaerobic
95,2024-06-27 20:55:52.769398,26,moderate,anaerobic
95,2024-06-28 19:55:15.555448,51,low,aerobic
96,2024-01-01 13:41:17.277496,40,moderate,aerobic
96,2024-01-04 13:48:58.073710,79,moderate,mixed
96,2024-01-06 09:34:02.053127,44,moderate,aerobic
96,2024-01-09 19:30:59.562871,53,moderate,anaerobic
96,2024-01-11 07:47:48.409244,48,moderate,aerobic
96,2024-01-12 09:10:30.407333,29,low,mixed
96,2024-01-14 11:07:37.367061,29,moderate,aerobic
96,2024-01-15 20:00:53.587841,21,moderate,mixed
96,2024-01-17 19:59:32.136216,39,moderate,anaerobic
96,2024-01-17 20:44:32.694306,38,moderate,mixed
96,2024-01-19 16:51:34.030062,48,high,mixed
96,2024-01-20 07:45:42.465392,21,moderate,aerobic
96,2024-01-21 13:03:54.257430,27,high,mixed
96,2024-01-27 14:21:57.160034,38,low,anaerobic
96,2024-01-28 07:42:55.817807,27,moderate,anaerobic
96,2024-01-28 08:03:47.178207,41,moderate,aerobic
96,2024-02-02 21:05:40.243599,53,moderate,aerobic
96,2024-02-05 19:46:16.890394,30,high,aerobic
96,2024-02-07 14:22:40.190150,56,moderate,mixed
96,2024-02-07 16:05:16.522005,31,moderate,aerobic
96,2024-02-12 09:07:08.910809,73,low,aerobic
96,2024-02-14 15:21:29.012068,77,low,mixed
96,2024-02-15 13:45:23.575808,58,low,mixed
96,2024-02-17 13:27:19.910970,77,low,aerobic
96,2024-02-17 14:27:24.376452,70,moderate,anaerobic
96,2024-02-22 11:54:43.028263,30,moderate,aerobic
96,2024-02-24 15:11:43.170468,71,moderate,aerobic
96,2024-02-24 20:21:35.841422,69,low,anaerobic
96,2024-02-25 16:50:06.672753,38,high,anaerobic
96,2024-03-02 08:22:49.841747,59,high,anaerobic
96,2024-03-06 14:05:31.383250,42,moderate,aerobic
96,2024-03-08 12:47:25.527053,60,moderate,mixed
96,2024-03-08 20:42:05.861000,60,high,mixed
96,2024-03-09 20:52:28.004999,70,low,anaerobic
96,2024-03-12 16:21:06.451130,33,low,aerobic
96,2024-03-19 09:44:07.536220,39,high,mixed
96,2024-03-21 11:50:09.106235,60,moderate,aerobic
96,2024-03-22 15:02:39.295933,75,low,mixed
96,2024-03-30 09:07:52.202481,38,moderate,aerobic
96,2024-03-30 18:15:06.084585,27,high,anaerobic
96,2024-04-04 15:41:10.208761,36,high,anaerobic
96,2024-04-04 19:28:03.334563,33,moderate,aerobic
96,2024-04-05 11:54:21.233469,78,low,anaerobic
96,2024-04-06 11:40:42.621260,50,low,aerobic
96,2024-04-06 21:02:07.876997,55,high,aerobic
96,2024-04-10 18:44:00.700526,76,moderate,aerobic
96,2024-04-13 17:01:38.919022,75,moderate,aerobic
96,2024-04-14 12:44:17.819762,46,moderate,anaerobic
96,2024-04-17 14:18:38.023087,21,low,mixed
96,2024-04-19 16:24:07.308294,47,low,anaerobic
96,2024-04-23 14:21:52.424186,23,moderate,anaerobic
96,2024-04-26 09:45:22.155657,54,low,aerobic
96,2024-04-27 18:38:31.746014,75,high,aerobic
96,2024-04-29 17:02:29.262824,31,low,mixed
96,2024-04-30 08:29:48.235993,68,low,aerobic
96,2024-05-05 13:48:16.841991,39,moderate,aerobic
96,2024-05-06 09:09:37.547318,39,low,aerobic
96,2024-05-08 15:11:21.787045,40,moderate,aerobic
96,2024-05-09 17:43:55.358783,62,moderate,anaerobic
96,2024-05-18 08:00:07.354596,31,low,aerobic
96,2024-05-19 07:28:04.258336,51,moderate,mixed
96,2024-05-23 09:04:12.482985,48,high,anaerobic
96,2024-05-24 16:17:23.478499,20,high,aerobic
96,2024-05-26 19:21:40.641017,21,low,anaerobic
96,2024-05-30 15:44:10.971989,67,moderate,anaerobic
96,2024-05-31 10:54:17.911383,47,high,anaerobic
96,2024-06-02 08:15:06.859549,39,moderate,aerobic
96,2024-06-03 16:28:16.828524,78,low,mixed
96,2024-06-07 11:07:01.354671,25,moderate,aerobic
96,2024-06-08 19:01:36.014187,77,moderate,aerobic
96,2024-06-10 15:34:21.874603,66,high,anaerobic
96,2024-06-10 16:10:16.491344,58,moderate,aerobic
96,2024-06-11 18:09:29.126367,68,moderate,anaerobic
96,2024-06-14 16:08:13.545630,46,moderate,mixed
96,2024-06-16 11:35:44.728364,33,high,anaerobic
96,2024-06-20 18:02:41.825141,68,moderate,anaerobic
96,2024-06-23 20:09:31.252542,41,low,aerobic
96,2024-06-27 19:39:51.743291,54,moderate,aerobic
97,2024-01-01 20:32:54.065790,20,moderate,anaerobic
97,2024-01-02 17:29:05.747878,41,moderate,aerobic
97,2024-01-05 18:04:06.874972,28,moderate,mixed
97,2024-01-10 12:01:20.690216,63,high,aerobic
97,2024-01-10 13:14:14.979073,40,moderate,mixed
97,2024-01-15 18:39:01.480922,66,low,aerobic
97,2024-01-19 09:02:50.400455,52,low,aerobic
97,2024-01-23 14:42:21.193869,63,moderate,anaerobic
97,2024-01-24 20:06:54.931487,63,moderate,aerobic
97,2024-01-30 13:01:25.204610,48,moderate,mixed
97,2024-02-03 13:28:18.150292,30,high,mixed
97,2024-02-16 08:13:13.789879,63,moderate,mixed
97,2024-02-21 13:36:14.298125,74,low,mixed
97,2024-02-22 18:27:39.317733,56,low,mixed
97,2024-02-26 14:09:29.210536,28,low,anaerobic
97,2024-02-27 08:55:20.132593,44,moderate,aerobic
97,2024-02-29 13:50:35.877034,34,low,aerobic
97,2024-03-22 17:04:10.398297,47,high,anaerobic
97,2024-03-26 11:10:25.574233,31,low,aerobic
97,2024-03-27 10:51:37.653244,27,low,aerobic
97,2024-03-31 14:09:58.461728,79,high,aerobic
97,2024-04-04 14:26:55.685372,76,moderate,aerobic
97,2024-04-05 12:01:46.791368,69,moderate,anaerobic
97,2024-04-16 16:38:28.112571,65,moderate,aerobic
97,2024-04-20 20:07:09.685642,59,low,mixed
97,2024-04-21 17:55:43.566625,76,high,mixed
97,2024-04-21 20:23:00.599668,65,moderate,anaerobic
97,2024-05-10 13:54:14.869674,79,low,anaerobic
97,2024-05-11 10:02:51.198566,76,low,aerobic
97,2024-05-15 14:18:18.478119,55,moderate,anaerobic
97,2024-05-16 18:31:06.476609,53,high,aerobic
97,2024-05-19 10:04:06.078700,52,low,aerobic
97,2024-05-27 17:07:13.704068,50,moderate,mixed
97,2024-05-30 14:23:07.301224,67,low,aerobic
97,2024-06-03 14:57:49.388427,60,high,anaerobic
97,2024-06-04 10:53:23.097076,68,high,anaerobic
97,2024-06-11 15:26:37.664819,31,moderate,aerobic
97,2024-06-12 09:55:12.356953,75,moderate,aerobic
97,2024-06-16 07:41:11.779028,33,moderate,aerobic
97,2024-06-22 16:29:35.589215,39,high,aerobic
97,2024-06-23 16:07:09.587426,40,low,aerobic
97,2024-06-25 14:05:44.085271,70,low,aerobic
98,2024-01-01 09:21:09.005406,20,high,mixed
98,2024-01-04 08:01:59.209089,54,moderate,mixed
98,2024-01-06 16:24:30.026533,55,low,anaerobic
98,2024-01-20 11:52:19.317872,33,low,mixed
98,2024-01-21 13:54:31.456922,66,moderate,aerobic
98,2024-01-23 14:03:45.702268,46,moderate,anaerobic
98,2024-01-25 11:07:28.338147,61,moderate,anaerobic
98,2024-01-27 18:46:55.055539,37,moderate,aerobic
98,2024-01-29 19:49:03.601469,58,low,aerobic
98,2024-02-01 15:58:01.562332,77,low,aerobic
98,2024-02-02 13:16:22.411550,69,high,aerobic
98,2024-02-05 17:01:07.387851,54,moderate,aerobic
98,2024-02-07 16:11:03.234944,78,low,aerobic
98,2024-02-12 18:51:03.849353,26,moderate,mixed
98,2024-02-14 11:10:59.817540,58,moderate,mixed
98,2024-02-15 17:40:19.918360,34,low,aerobic
98,2024-02-16 19:41:33.290060,54,high,aerobic
98,2024-02-20 07:39:08.972934,49,high,mixed
98,2024-02-24 09:54:27.971838,50,low,aerobic
98,2024-02-28 16:40:42.037435,27,moderate,mixed
98,2024-03-03 09:08:54.699089,43,high,aerobic
98,2024-03-10 14:05:34.672410,24,moderate,aerobic
98,2024-03-12 17:09:52.289111,52,high,mixed
98,2024-03-20 08:16:41.818449,60,moderate,mixed
98,2024-03-21 17:51:37.198231,35,low,anaerobic
98,2024-03-21 19:07:57.592009,42,low,aerobic
98,2024-03-22 13:07:37.760272,72,high,anaerobic
98,2024-03-27 08:03:31.147135,66,low,mixed
98,2024-04-01 13:03:11.293850,64,high,anaerobic
98,2024-04-17 08:55:32.576300,50,high,aerobic
98,2024-04-21 10:24:29.016428,46,high,mixed
98,2024-04-27 10:54:37.323521,21,low,aerobic
98,2024-05-03 10:49:55.102599,30,moderate,aerobic
98,2024-05-10 15:26:29.641336,52,low,anaerobic
98,2024-05-11 09:38:52.366943,62,moderate,mixed
98,2024-05-11 10:45:58.127935,23,low,aerobic
98,2024-05-12 14:19:59.367116,32,high,anaerobic
98,2024-05-13 19:14:43.410542,50,low,aerobic
98,2024-05-18 17:00:48.096291,64,moderate,anaerobic
98,2024-05-20 11:38:19.264685,39,high,aerobic
98,2024-05-21 09:00:20.883291,50,moderate,aerobic
98,2024-05-24 14:18:54.417038,64,moderate,aerobic
98,2024-05-30 11:25:55.740154,47,moderate,aerobic
98,2024-05-31 17:33:13.549966,31,low,aerobic
98,2024-06-10 13:31:28.295917,30,moderate,anaerobic
98,2024-06-10 14:29:42.997133,72,low,aerobic
98,2024-06-15 16:50:58.083814,71,low,aerobic
98,2024-06-18 08:42:26.387517,25,high,mixed
98,2024-06-22 13:15:40.069495,40,low,anaerobic
98,2024-06-23 12:33:39.931009,75,moderate,aerobic
98,2024-06-24 17:45:34.346556,73,moderate,aerobic
98,2024-06-24 17:44:55.801057,65,high,mixed
98,2024-06-27 16:42:26.692063,45,low,mixed
99,2024-01-04 11:03:18.987955,24,high,aerobic
99,2024-01-06 14:35:17.672792,36,low,aerobic
99,2024-01-15 08:19:12.959604,35,moderate,aerobic
99,2024-01-18 11:43:53.602644,54,low,mixed
99,2024-01-20 07:14:56.365077,35,moderate,anaerobic
99,2024-01-23 16:48:17.167741,53,low,anaerobic
99,2024-01-25 07:46:53.797913,20,moderate,mixed
99,2024-01-26 14:07:00.591466,29,moderate,aerobic
99,2024-01-26 19:41:42.861108,74,high,aerobic
99,2024-01-31 10:08:29.359206,58,high,aerobic
99,2024-02-01 18:07:33.282536,38,moderate,aerobic
99,2024-02-05 15:31:27.597607,40,moderate,aerobic
99,2024-02-06 16:00:39.362811,68,low,aerobic
99,2024-02-18 11:04:31.505263,57,moderate,aerobic
99,2024-02-20 18:21:13.644352,26,low,anaerobic
99,2024-02-21 19:41:34.608981,29,moderate,mixed
99,2024-02-23 18:39:21.941678,56,high,aerobic
99,2024-03-03 08:53:02.504004,59,low,aerobic
99,2024-03-23 14:19:24.982027,58,low,anaerobic
99,2024-03-28 07:53:26.999621,59,high,aerobic
99,2024-03-29 09:42:46.647831,28,moderate,mixed
99,2024-04-14 20:18:27.319167,21,moderate,aerobic
99,2024-04-27 18:57:40.777845,48,low,aerobic
99,2024-04-30 08:01:22.810334,55,moderate,anaerobic
99,2024-05-04 15:33:25.435738,42,moderate,mixed
99,2024-05-25 16:40:09.605765,41,moderate,aerobic
99,2024-05-27 09:49:15.341947,39,low,aerobic
99,2024-05-31 12:12:33.232602,68,moderate,anaerobic
99,2024-06-12 09:39:06.981078,22,moderate,aerobic
99,2024-06-12 09:48:56.033029,68,moderate,aerobic
99,2024-06-13 11:09:34.233471,24,high,anaerobic
99,2024-06-15 12:02:32.741993,34,low,aerobic
99,2024-06-18 08:43:59.735627,36,low,aerobic
99,2024-06-18 10:06:38.732981,79,low,aerobic
99,2024-06-23 11:40:09.149805,43,moderate,aerobic
100,2024-01-02 16:59:00.571714,63,high,aerobic
100,2024-01-04 17:01:51.559258,26,moderate,anaerobic
100,2024-01-06 09:43:00.927652,51,moderate,aerobic
100,2024-01-08 10:37:31.229537,42,moderate,mixed
100,2024-01-09 16:59:42.209405,65,moderate,aerobic
100,2024-01-11 07:50:06.764131,33,moderate,aerobic
100,2024-01-12 11:57:07.638265,76,low,mixed
100,2024-01-14 14:22:26.565545,78,moderate,aerobic
100,2024-01-14 20:04:25.015827,31,high,mixed
100,2024-01-15 17:50:56.150633,33,low,anaerobic
100,2024-01-15 20:52:47.033811,73,low,aerobic
100,2024-01-20 16:48:54.535595,29,low,mixed
100,2024-01-21 19:01:51.008442,57,moderate,aerobic
100,2024-02-01 13:47:58.022728,73,moderate,aerobic
100,2024-02-03 12:44:54.274507,46,high,aerobic
100,2024-02-03 20:47:35.041292,42,moderate,anaerobic
100,2024-02-04 14:17:07.449629,26,moderate,aerobic
100,2024-02-08 13:12:14.877434,26,low,aerobic
100,2024-02-09 21:21:21.667894,49,moderate,aerobic
100,2024-02-10 09:57:23.640693,24,low,aerobic
100,2024-02-13 14:21:54.970058,42,moderate,aerobic
100,2024-02-20 11:05:41.339688,22,moderate,aerobic
100,2024-02-25 07:15:42.976977,26,low,aerobic
100,2024-02-25 11:24:55.246848,78,high,aerobic
100,2024-02-27 19:55:37.243566,65,low,mixed
100,2024-02-28 09:27:47.253067,28,high,mixed
100,2024-03-03 14:22:53.924641,37,low,anaerobic
100,2024-03-08 16:47:06.328584,50,moderate,mixed
100,2024-03-09 19:18:54.541602,34,moderate,mixed
100,2024-03-11 09:23:36.945305,48,moderate,anaerobic
100,2024-03-22 17:10:40.618668,26,low,mixed
100,2024-03-25 14:12:56.245935,28,moderate,aerobic
100,2024-03-27 10:19:07.911144,59,moderate,aerobic
100,2024-03-30 09:08:41.483981,76,high,anaerobic
100,2024-04-02 20:21:21.896968,74,low,mixed
100,2024-04-03 19:00:14.778322,53,moderate,aerobic
100,2024-04-04 09:29:42.025153,55,moderate,aerobic
100,2024-04-06 18:59:47.592013,36,low,aerobic
100,2024-04-08 10:34:54.155148,33,high,aerobic
100,2024-04-16 10:53:27.353360,69,moderate,mixed
100,2024-04-18 08:30:21.796907,53,moderate,anaerobic
100,2024-04-20 13:39:58.649049,64,low,aerobic
100,2024-04-23 12:35:29.128332,55,moderate,anaerobic
100,2024-04-24 09:12:01.374828,70,moderate,aerobic
100,2024-04-30 10:29:16.510155,35,high,aerobic
100,2024-05-08 15:27:19.417077,76,low,mixed
100,2024-05-09 19:11:18.070653,28,high,mixed
100,2024-05-14 12:36:39.190135,61,moderate,aerobic
100,2024-05-21 07:58:36.761192,56,high,anaerobic
100,2024-05-21 09:19:46.395278,25,low,aerobic
100,2024-05-24 07:53:54.823382,32,low,aerobic
100,2024-05-24 09:48:05.346725,27,moderate,aerobic
100,2024-05-25 14:49:33.830918,30,moderate,anaerobic
100,2024-05-26 21:16:10.114082,75,moderate,anaerobic
100,2024-05-27 14:28:14.497592,62,low,aerobic
100,2024-05-27 19:44:31.361103,27,moderate,mixed
100,2024-05-28 17:31:30.051358,32,high,anaerobic
100,2024-06-01 08:22:45.679186,29,high,mixed
100,2024-06-02 14:15:57.267343,54,moderate,aerobic
100,2024-06-06 14:22:45.898405,29,moderate,aerobic
100,2024-06-11 18:12:01.859985,24,low,aerobic
100,2024-06-14 15:18:59.488363,39,moderate,aerobic
100,2024-06-15 16:26:00.773742,31,low,aerobic
100,2024-06-17 14:41:19.054824,38,moderate,anaerobic
100,2024-06-28 07:41:27.993266,28,moderate,aerobic
101,2024-01-01 07:39:46.394451,34,high,anaerobic
101,2024-01-02 10:58:02.865593,66,moderate,anaerobic
101,2024-01-07 13:33:52.613025,53,moderate,aerobic
101,2024-01-08 16:54:28.056860,47,moderate,aerobic
101,2024-01-15 20:13:42.360689,30,low,mixed
101,2024-01-24 08:23:30.625027,24,moderate,anaerobic
101,2024-01-26 11:33:06.265082,21,high,aerobic
101,2024-01-28 08:25:40.139479,59,moderate,anaerobic
101,2024-01-28 15:36:56.596808,49,moderate,aerobic
101,2024-01-29 18:30:25.103388,76,moderate,aerobic
101,2024-02-06 07:39:19.867889,51,high,aerobic
101,2024-02-08 08:50:53.569189,51,moderate,anaerobic
101,2024-02-10 09:55:45.659548,48,moderate,mixed
101,2024-02-15 14:05:52.152162,68,low,aerobic
101,2024-02-15 20:51:09.791320,43,low,aerobic
101,2024-02-19 16:14:26.165947,33,high,mixed
101,2024-02-21 18:17:28.943132,21,high,mixed
101,2024-02-27 14:08:49.226190,31,high,mixed
101,2024-02-28 13:21:24.633559,56,high,mixed
101,2024-02-29 10:06:54.678601,64,low,mixed
101,2024-02-29 19:52:17.597350,57,moderate,aerobic
101,2024-03-02 11:34:23.102946,45,high,aerobic
101,2024-03-03 16:00:18.270967,57,low,aerobic
101,2024-03-03 16:29:35.044096,39,moderate,aerobic
101,2024-03-07 10:38:36.065730,23,moderate,aerobic
101,2024-03-09 07:56:23.913643,36,low,mixed
101,2024-03-09 09:26:17.250037,46,low,aerobic
101,2024-03-11 13:22:56.185656,59,moderate,mixed
101,2024-03-16 11:23:32.538794,68,low,aerobic
101,2024-03-16 20:53:10.623716,53,moderate,aerobic
101,2024-03-17 11:27:58.524071,31,moderate,aerobic
101,2024-03-17 11:33:46.846357,32,moderate,aerobic
101,2024-03-18 14:45:38.865600,68,low,aerobic
101,2024-03-23 18:10:10.453908,76,moderate,aerobic
101,2024-03-30 12:33:09.896038,68,moderate,mixed
101,2024-03-31 19:28:55.569575,28,moderate,mixed
101,2024-04-01 15:01:43.424453,49,moderate,aerobic
101,2024-04-01 18:21:06.379601,74,low,anaerobic
101,2024-04-02 12:35:35.975366,46,moderate,aerobic
101,2024-04-05 15:01:52.354022,27,moderate,aerobic
101,2024-04-11 15:58:53.272534,29,moderate,aerobic
101,2024-04-12 08:35:57.626563,41,moderate,aerobic
101,2024-04-13 19:28:11.672856,51,low,anaerobic
101,2024-04-14 14:46:32.848034,23,low,anaerobic
101,2024-04-16 07:47:06.521039,22,moderate,anaerobic
101,2024-04-18 07:49:38.429718,71,low,anaerobic
101,2024-04-19 14:03:36.492473,47,moderate,mixed
101,2024-04-23 08:35:27.231072,62,high,aerobic
101,2024-05-01 07:54:40.930246,66,high,mixed
101,2024-05-06 16:30:01.751378,79,low,anaerobic
101,2024-05-16 10:48:08.276525,77,low,mixed
101,2024-05-24 08:36:32.378000,20,moderate,mixed
101,2024-05-26 16:59:40.881188,41,moderate,aerobic
101,2024-05-26 19:36:02.138946,45,low,mixed
101,2024-06-02 17:14:28.422946,38,high,aerobic
101,2024-06-08 15:52:58.608973,24,low,mixed
101,2024-06-09 09:30:06.525175,55,high,aerobic
101,2024-06-11 20:10:05.604406,35,low,anaerobic
101,2024-06-13 10:47:23.364045,34,moderate,aerobic
101,2024-06-16 11:46:29.256576,69,low,aerobic
101,2024-06-22 15:53:55.643537,64,moderate,anaerobic
101,2024-06-24 13:05:55.247087,55,moderate,anaerobic
101,2024-06-26 13:42:50.014406,52,moderate,mixed
101,2024-06-27 16:00:21.128418,71,moderate,anaerobic
102,2024-01-05 07:17:11.895224,72,moderate,anaerobic
102,2024-01-09 07:23:37.827769,22,moderate,aerobic
102,2024-01-09 14:15:02.881548,36,low,anaerobic
102,2024-01-10 07:12:18.282370,59,high,aerobic
102,2024-01-12 20:26:33.511955,57,moderate,anaerobic
102,2024-01-13 07:50:16.274609,36,moderate,mixed
102,2024-01-13 20:31:26.088979,79,moderate,anaerobic
102,2024-01-22 10:27:43.789404,23,low,anaerobic
102,2024-01-25 13:17:18.048193,40,moderate,aerobic
102,2024-01-25 15:12:13.405261,31,low,aerobic
102,2024-01-30 10:30:08.157812,72,moderate,anaerobic
102,2024-02-01 13:05:34.394387,64,moderate,mixed
102,2024-02-03 17:53:16.874310,23,high,anaerobic
102,2024-02-09 13:31:49.959087,48,high,aerobic
102,2024-02-09 18:03:17.925092,61,high,aerobic
102,2024-02-11 18:31:21.480720,31,moderate,mixed
102,2024-02-14 20:00:04.917393,34,low,mixed
102,2024-02-15 16:26:56.614686,64,high,anaerobic
102,2024-02-16 18:58:36.416588,49,low,aerobic
102,2024-02-20 18:15:17.501896,33,moderate,aerobic
102,2024-02-22 09:49:58.058725,24,moderate,aerobic
102,2024-02-28 13:59:43.363237,70,low,aerobic
102,2024-02-28 19:31:22.467118,48,moderate,anaerobic
102,2024-03-05 11:46:36.946505,63,moderate,aerobic
102,2024-03-07 09:55:25.882957,21,moderate,aerobic
102,2024-03-10 16:47:28.162104,56,moderate,mixed
102,2024-03-15 14:29:46.786011,48,moderate,anaerobic
102,2024-03-16 08:29:53.794661,35,moderate,mixed
102,2024-03-18 14:26:17.019407,55,low,mixed
102,2024-03-20 15:29:33.715943,35,low,aerobic
102,2024-03-22 18:41:10.897613,46,moderate,aerobic
102,2024-03-23 17:11:00.363448,70,moderate,mixed
102,2024-03-25 14:40:23.230359,61,moderate,mixed
102,2024-03-26 07:21:00.021750,57,moderate,aerobic
102,2024-03-27 17:13:22.859351,62,moderate,anaerobic
102,2024-03-31 20:51:29.316091,77,moderate,aerobic
102,2024-04-08 16:29:22.077455,22,moderate,anaerobic
102,2024-04-11 19:53:21.460877,49,low,aerobic
102,2024-04-14 18:54:54.787091,44,high,anaerobic
102,2024-04-18 11:17:09.861635,66,low,anaerobic
102,2024-04-20 15:01:37.610667,44,moderate,anaerobic
102,2024-04-22 07:50:30.651077,32,moderate,aerobic
102,2024-04-22 14:21:36.734974,79,moderate,aerobic
102,2024-04-23 19:50:17.034925,41,high,aerobic
102,2024-04-25 07:52:02.141536,42,low,aerobic
102,2024-04-30 07:29:01.075979,44,low,aerobic
102,2024-05-05 07:59:04.518094,30,moderate,aerobic
102,2024-05-09 16:50:41.312175,67,moderate,anaerobic
102,2024-05-11 18:31:37.165657,25,moderate,mixed
102,2024-05-12 07:23:43.227617,54,moderate,aerobic
102,2024-05-14 20:20:03.373516,53,high,anaerobic
102,2024-05-23 20:48:18.333222,30,low,aerobic
102,2024-05-27 13:35:46.939139,54,moderate,mixed
102,2024-05-30 15:01:31.252319,68,low,anaerobic
102,2024-06-01 12:58:45.021988,31,high,mixed
102,2024-06-08 08:03:22.841055,33,high,mixed
102,2024-06-09 13:36:15.164890,29,low,aerobic
102,2024-06-10 19:16:18.196144,51,moderate,aerobic
102,2024-06-12 18:47:14.726933,23,low,aerobic
102,2024-06-14 15:37:53.985638,32,moderate,mixed
102,2024-06-15 11:31:17.754468,75,moderate,aerobic
102,2024-06-16 19:25:07.750038,39,low,anaerobic
102,2024-06-18 17:12:55.609989,76,high,aerobic
102,2024-06-24 11:00:16.718705,34,low,aerobic
102,2024-06-24 13:17:55.566101,27,moderate,aerobic
102,2024-06-25 19:38:43.501445,38,moderate,aerobic
102,2024-06-28 11:21:12.222374,57,low,aerobic
102,2024-06-28 13:31:44.301283,70,moderate,anaerobic
103,2024-01-04 10:00:36.088499,54,low,aerobic
103,2024-01-08 16:53:57.161324,63,moderate,mixed
103,2024-01-09 13:10:53.188278,52,moderate,aerobic
103,2024-01-14 12:56:34.503301,44,low,mixed
103,2024-01-16 14:20:24.730715,33,low,anaerobic
103,2024-01-19 10:37:17.472980,61,moderate,aerobic
103,2024-01-20 15:16:10.501909,76,moderate,aerobic
103,2024-01-22 20:05:11.886193,77,low,aerobic
103,2024-01-29 20:26:55.681061,63,low,mixed
103,2024-01-30 15:26:46.685062,70,low,mixed
103,2024-01-31 15:00:47.882179,21,moderate,aerobic
103,2024-02-03 11:58:04.860842,24,high,aerobic
103,2024-02-05 20:44:21.644931,36,high,aerobic
103,2024-02-17 15:19:13.761086,27,low,mixed
103,2024-02-22 13:04:08.611380,74,high,aerobic
103,2024-02-24 15:02:55.910647,78,moderate,anaerobic
103,2024-02-25 19:11:52.258752,68,high,aerobic
103,2024-02-28 08:58:15.867719,51,low,aerobic
103,2024-02-29 13:55:54.022023,64,moderate,anaerobic
103,2024-02-29 18:23:05.415384,32,high,anaerobic
103,2024-03-01 12:49:16.317659,47,high,mixed
103,2024-03-02 10:32:26.305271,68,moderate,aerobic
103,2024-03-03 18:41:51.390711,54,moderate,mixed
103,2024-03-04 20:51:55.692433,32,high,mixed
103,2024-03-06 08:14:51.787342,21,low,aerobic
103,2024-03-07 17:43:31.877035,27,moderate,aerobic
103,2024-03-13 13:24:44.231365,64,low,aerobic
103,2024-03-14 19:13:12.856790,56,moderate,anaerobic
103,2024-03-18 08:45:38.600707,75,high,aerobic
103,2024-03-19 07:58:41.159259,37,moderate,mixed
103,2024-03-21 19:43:17.790541,33,moderate,mixed
103,2024-03-22 13:20:58.336899,68,low,aerobic
103,2024-03-25 18:12:07.422870,66,high,aerobic
103,2024-03-29 08:39:41.556135,41,moderate,anaerobic
103,2024-03-29 19:01:31.530141,26,moderate,mixed
103,2024-04-05 20:21:52.403135,57,low,aerobic
103,2024-04-18 20:52:17.935529,47,low,anaerobic
103,2024-04-23 20:56:55.548024,22,moderate,aerobic
103,2024-04-24 08:28:38.343894,23,low,mixed
103,2024-04-24 14:23:56.669624,70,high,aerobic
103,2024-04-25 19:11:25.471891,75,low,mixed
103,2024-04-28 11:04:25.758272,74,high,anaerobic
103,2024-05-01 10:59:10.230754,34,moderate,aerobic
103,2024-05-06 17:15:23.525647,44,moderate,mixed
103,2024-05-08 10:33:42.295404,71,moderate,mixed
103,2024-05-10 07:44:19.634153,31,low,aerobic
103,2024-05-17 15:32:58.932720,52,low,anaerobic
103,2024-05-25 09:14:35.086648,23,moderate,aerobic
103,2024-05-31 18:46:36.642649,52,moderate,mixed
103,2024-06-01 11:50:00.378451,57,moderate,aerobic
103,2024-06-02 13:29:34.046458,38,high,anaerobic
103,2024-06-04 14:57:35.454613,68,low,aerobic
103,2024-06-10 11:07:36.267373,74,moderate,aerobic
103,2024-06-13 11:45:57.128690,49,high,anaerobic
103,2024-06-19 20:29:55.870441,56,moderate,aerobic
103,2024-06-22 09:30:30.187187,21,moderate,mixed
103,2024-06-23 12:38:49.030904,32,moderate,anaerobic
103,2024-06-23 13:14:01.367797,79,low,aerobic
103,2024-06-28 21:07:38.066924,71,moderate,aerobic
104,2024-01-02 11:08:38.567365,31,high,mixed
104,2024-01-02 12:36:50.309855,57,low,anaerobic
104,2024-01-05 11:05:12.978352,46,low,mixed
104,2024-01-07 10:44:11.587404,52,low,aerobic
104,2024-01-16 07:38:01.306482,27,moderate,aerobic
104,2024-01-21 08:30:50.254727,78,low,aerobic
104,2024-01-21 11:28:07.332525,33,high,anaerobic
104,2024-01-24 15:21:32.070110,58,high,aerobic
104,2024-01-26 18:54:11.530224,24,high,mixed
104,2024-01-27 11:34:45.219372,56,moderate,aerobic
104,2024-01-28 13:50:01.788346,38,low,aerobic
104,2024-02-04 10:51:48.187894,51,moderate,mixed
104,2024-02-07 13:38:22.385354,61,moderate,anaerobic
104,2024-02-08 14:31:43.687518,59,high,anaerobic
104,2024-02-11 07:43:58.727774,44,moderate,mixed
104,2024-02-14 15:36:57.440702,29,low,aerobic
104,2024-02-14 16:39:10.952815,55,low,anaerobic
104,2024-02-15 14:30:40.350261,44,low,aerobic
104,2024-02-17 16:33:34.930850,76,low,aerobic
104,2024-02-24 10:40:41.627470,27,low,anaerobic
104,2024-02-25 11:02:28.472693,72,low,aerobic
104,2024-02-26 12:11:05.924114,70,moderate,mixed
104,2024-03-11 08:50:09.052744,42,moderate,aerobic
104,2024-03-14 15:01:16.025668,37,moderate,mixed
104,2024-03-15 19:47:24.770173,37,high,mixed
104,2024-03-17 13:31:05.240446,64,moderate,aerobic
104,2024-03-17 17:11:13.634730,77,moderate,anaerobic
104,2024-03-19 17:48:04.266217,56,moderate,aerobic
104,2024-03-22 19:20:00.552805,58,high,anaerobic
104,2024-03-28 15:05:24.996235,79,moderate,aerobic
104,2024-03-29 16:22:41.215032,65,low,mixed
104,2024-03-30 15:26:49.722968,52,moderate,mixed
104,2024-04-05 08:28:27.532586,55,moderate,aerobic
104,2024-04-06 20:14:46.928003,56,moderate,aerobic
104,2024-04-09 15:26:02.685289,21,moderate,aerobic
104,2024-04-11 15:37:38.120795,62,high,anaerobic
104,2024-04-17 18:29:25.778164,23,moderate,aerobic
104,2024-04-20 12:03:07.631014,34,high,aerobic
104,2024-04-21 11:00:15.013399,78,moderate,mixed
104,2024-04-21 20:44:55.443948,79,high,aerobic
104,2024-04-23 09:51:45.261450,45,moderate,anaerobic
104,2024-04-23 16:27:52.609011,24,moderate,anaerobic
104,2024-04-28 12:30:50.912450,77,low,mixed
104,2024-04-29 13:34:53.920036,28,low,anaerobic
104,2024-05-01 20:25:31.713190,70,moderate,aerobic
104,2024-05-07 21:12:07.508244,43,moderate,anaerobic
104,2024-05-08 18:55:00.276902,58,moderate,anaerobic
104,2024-05-12 13:05:16.615230,55,high,aerobic
104,2024-05-16 13:12:55.889908,22,moderate,mixed
104,2024-05-19 15:05:31.434727,43,moderate,aerobic
104,2024-05-24 10:02:25.280014,69,moderate,aerobic
104,2024-05-26 14:25:34.217296,44,moderate,aerobic
104,2024-05-27 18:19:35.036034,48,low,anaerobic
104,2024-05-28 19:07:18.567298,62,moderate,aerobic
104,2024-05-30 15:59:01.307501,30,low,aerobic
104,2024-06-01 08:03:27.658452,46,moderate,mixed
104,2024-06-02 18:44:17.706925,63,moderate,aerobic
104,2024-06-03 09:26:12.346501,42,moderate,mixed
104,2024-06-06 10:06:50.067346,22,moderate,aerobic
104,2024-06-07 07:52:34.186184,72,high,aerobic
104,2024-06-15 12:46:05.918117,65,moderate,anaerobic
104,2024-06-21 10:54:26.057151,77,moderate,anaerobic
104,2024-06-21 18:46:38.493319,60,moderate,aerobic
104,2024-06-23 08:56:43.691122,65,moderate,anaerobic
105,2024-01-02 09:06:09.545984,49,moderate,anaerobic
105,2024-01-03 17:35:16.863850,67,moderate,anaerobic
105,2024-01-04 19:22:53.710795,42,moderate,anaerobic
105,2024-01-06 13:14:46.995596,71,moderate,aerobic
105,2024-01-07 09:29:50.376111,44,moderate,anaerobic
105,2024-01-08 09:43:11.436550,75,moderate,aerobic
105,2024-01-10 15:08:34.556482,79,low,anaerobic
105,2024-01-15 11:15:52.315881,44,low,aerobic
105,2024-01-15 17:20:35.418942,25,moderate,mixed
105,2024-01-18 18:17:08.393471,76,high,aerobic
105,2024-01-25 19:53:43.798305,38,low,anaerobic
105,2024-01-28 14:14:45.663236,64,low,aerobic
105,2024-01-29 13:12:40.741123,73,low,anaerobic
105,2024-01-29 17:53:16.314175,56,low,anaerobic
105,2024-02-06 11:55:30.019063,20,low,mixed
105,2024-02-09 13:36:25.693666,42,high,anaerobic
105,2024-02-10 09:55:42.960989,68,moderate,anaerobic
105,2024-02-15 15:26:26.413735,78,moderate,aerobic
105,2024-02-19 13:34:34.361662,49,moderate,mixed
105,2024-02-22 16:56:51.503712,20,moderate,anaerobic
105,2024-02-23 08:41:07.485471,27,moderate,aerobic
105,2024-02-24 16:10:56.427973,57,moderate,aerobic
105,2024-02-28 17:01:14.662983,25,moderate,aerobic
105,2024-03-03 08:54:52.352829,34,moderate,mixed
105,2024-03-03 09:06:27.916713,34,high,aerobic
105,2024-03-04 15:50:29.386461,58,high,aerobic
105,2024-03-05 14:37:28.968219,59,moderate,mixed
105,2024-03-09 11:47:34.621474,55,moderate,mixed
105,2024-03-09 14:20:49.793194,24,low,aerobic
105,2024-03-10 12:57:39.230631,54,moderate,aerobic
105,2024-03-13 09:33:58.707933,78,moderate,mixed
105,2024-03-14 15:37:15.674870,56,low,anaerobic
105,2024-03-15 13:13:09.672393,48,low,mixed
105,2024-03-16 20:46:07.048105,40,high,aerobic
105,2024-03-17 10:57:34.866154,50,moderate,aerobic
105,2024-03-21 17:40:55.149229,66,moderate,mixed
105,2024-03-22 16:13:59.389222,53,low,anaerobic
105,2024-03-26 13:56:35.400130,72,moderate,aerobic
105,2024-03-28 08:55:14.249585,43,moderate,aerobic
105,2024-04-02 13:26:54.733901,26,moderate,mixed
105,2024-04-03 10:58:52.519876,78,moderate,aerobic
105,2024-04-07 18:29:08.243815,72,high,mixed
105,2024-04-14 10:06:23.539530,77,low,anaerobic
105,2024-04-14 16:44:14.728802,29,low,mixed
105,2024-04-19 20:04:48.414359,45,low,mixed
105,2024-04-25 14:15:17.198023,41,low,aerobic
105,2024-04-28 07:24:35.797102,41,low,aerobic
105,2024-05-02 15:25:08.968596,52,moderate,aerobic
105,2024-05-07 20:48:31.885704,55,low,aerobic
105,2024-05-08 08:09:21.879693,75,low,mixed
105,2024-05-10 15:36:28.045224,74,high,aerobic
105,2024-05-12 09:28:39.615419,42,moderate,aerobic
105,2024-05-13 08:21:11.370649,39,low,aerobic
105,2024-05-17 11:20:23.788955,33,moderate,anaerobic
105,2024-05-18 18:04:15.183489,31,moderate,aerobic
105,2024-05-19 11:47:06.987252,33,high,aerobic
105,2024-05-24 08:02:45.998193,51,moderate,aerobic
105,2024-05-25 13:29:58.896416,21,low,anaerobic
105,2024-05-25 14:08:39.567940,78,high,anaerobic
105,2024-05-27 11:27:40.695628,26,low,anaerobic
105,2024-05-28 20:26:49.832583,21,low,aerobic
105,2024-06-01 11:06:57.438016,40,low,anaerobic
105,2024-06-04 20:58:23.863693,50,low,anaerobic
105,2024-06-10 12:24:29.777363,68,moderate,aerobic
105,2024-06-12 08:56:11.970939,73,moderate,mixed
105,2024-06-17 12:58:39.241303,20,moderate,aerobic
105,2024-06-17 15:20:50.107010,34,moderate,aerobic
105,2024-06-18 09:49:25.879926,66,moderate,aerobic
105,2024-06-19 09:48:23.821836,58,low,mixed
105,2024-06-20 09:54:47.355870,62,moderate,anaerobic
105,2024-06-23 08:39:05.440340,79,high,mixed
105,2024-06-28 19:33:07.194844,76,moderate,aerobic
105,2024-06-28 20:40:15.049279,50,low,anaerobic
106,2024-01-02 11:34:50.366386,25,moderate,aerobic
106,2024-01-02 12:33:48.244329,63,moderate,mixed
106,2024-01-04 18:09:59.854609,22,low,aerobic
106,2024-01-05 11:55:44.681809,69,moderate,aerobic
106,2024-01-06 16:32:53.503766,39,moderate,aerobic
106,2024-01-06 18:40:26.407773,23,moderate,anaerobic
106,2024-01-08 13:45:40.251603,25,moderate,aerobic
106,2024-01-09 16:46:13.154947,46,high,mixed
106,2024-01-10 18:47:14.219575,41,moderate,aerobic
106,2024-01-12 10:25:10.596822,21,moderate,aerobic
106,2024-01-12 15:34:19.934404,66,high,mixed
106,2024-01-13 08:06:09.598025,21,moderate,anaerobic
106,2024-01-16 15:36:25.950810,37,high,aerobic
106,2024-01-18 14:22:25.729033,71,low,anaerobic
106,2024-01-22 14:12:47.685132,42,moderate,aerobic
106,2024-01-23 14:36:32.303366,52,moderate,aerobic
106,2024-01-27 14:36:46.906725,41,moderate,mixed
106,2024-01-28 18:01:14.755798,62,moderate,aerobic
106,2024-01-29 18:24:29.979484,79,high,anaerobic
106,2024-01-31 16:13:40.509714,43,high,mixed
106,2024-02-01 14:26:00.818049,32,low,aerobic
106,2024-02-01 15:56:06.245444,28,low,mixed
106,2024-02-04 15:28:57.416580,27,low,mixed
106,2024-02-06 13:00:28.996362,51,moderate,aerobic
106,2024-02-08 17:56:32.569521,58,high,mixed
106,2024-02-10 16:12:21.906983,31,low,aerobic
106,2024-02-15 16:22:58.235074,23,high,anaerobic
106,2024-02-16 13:09:46.299585,75,moderate,anaerobic
106,2024-02-16 15:01:46.451852,28,moderate,aerobic
106,2024-03-01 07:23:44.304217,27,moderate,aerobic
106,2024-03-01 08:30:56.432535,57,moderate,aerobic
106,2024-03-02 21:15:57.224990,73,moderate,mixed
106,2024-03-08 12:43:44.951792,54,low,aerobic
106,2024-03-09 18:31:38.269490,62,moderate,aerobic
106,2024-03-10 09:54:23.537608,68,high,aerobic
106,2024-03-11 13:17:20.962185,51,moderate,anaerobic
106,2024-03-12 18:32:38.064050,48,moderate,anaerobic
106,2024-03-13 17:10:47.373148,33,low,anaerobic
106,2024-03-16 15:20:06.312123,46,moderate,anaerobic
106,2024-03-16 18:11:27.556212,28,low,aerobic
106,2024-03-18 20:22:20.059092,37,moderate,anaerobic
106,2024-03-19 13:02:18.205766,73,low,aerobic
106,2024-03-20 18:32:27.617788,70,low,anaerobic
106,2024-03-21 11:17:30.604152,61,low,mixed
106,2024-03-22 19:44:07.922649,46,moderate,anaerobic
106,2024-03-24 08:24:48.056915,29,low,anaerobic
106,2024-03-27 09:30:06.816458,35,moderate,aerobic
106,2024-03-27 20:18:10.074403,57,low,anaerobic
106,2024-03-30 13:23:12.018236,77,low,mixed
106,2024-03-30 17:38:43.752265,61,low,aerobic
106,2024-04-02 08:01:45.394713,71,moderate,anaerobic
106,2024-04-03 10:59:58.669466,47,high,mixed
106,2024-04-05 15:13:18.736872,75,high,aerobic
106,2024-04-06 19:20:52.975677,59,low,anaerobic
106,2024-04-07 12:17:28.462122,51,moderate,mixed
106,2024-04-10 11:32:11.370479,30,high,aerobic
106,2024-04-10 17:17:34.051670,63,moderate,aerobic
106,2024-04-12 16:20:51.457061,41,moderate,mixed
106,2024-04-14 07:41:52.913717,63,low,mixed
106,2024-04-16 14:24:20.014560,46,low,aerobic
106,2024-04-16 15:09:09.755565,60,moderate,aerobic
106,2024-04-17 12:04:09.619621,71,low,anaerobic
106,2024-04-20 16:15:31.453623,69,high,aerobic
106,2024-04-21 18:03:46.162015,74,moderate,aerobic
106,2024-04-23 20:25:52.486813,44,moderate,aerobic
106,2024-04-28 10:36:49.082641,62,low,anaerobic
106,2024-05-03 08:00:00.425555,60,low,aerobic
106,2024-05-03 19:22:47.978739,35,high,aerobic
106,2024-05-04 17:42:25.549079,67,moderate,aerobic
106,2024-05-06 10:23:43.474844,76,high,aerobic
106,2024-05-08 09:58:04.369643,33,low,aerobic
106,2024-05-09 09:53:05.829049,51,low,aerobic
106,2024-05-09 10:39:32.004194,25,high,aerobic
106,2024-05-10 20:20:47.674037,50,high,mixed
106,2024-05-11 13:58:24.196567,37,high,aerobic
106,2024-05-12 11:09:08.172724,51,moderate,aerobic
106,2024-05-14 08:36:26.394765,72,high,mixed
106,2024-05-15 07:11:24.215043,29,low,mixed
106,2024-05-19 17:15:33.273633,26,moderate,anaerobic
106,2024-05-22 16:04:57.085355,66,low,aerobic
106,2024-05-23 17:09:12.287925,42,low,anaerobic
106,2024-05-24 17:57:24.118009,48,high,aerobic
106,2024-05-26 10:36:03.947020,52,high,mixed
106,2024-06-03 09:53:44.559073,23,moderate,anaerobic
106,2024-06-06 09:56:18.891370,59,low,mixed
106,2024-06-10 18:49:50.531426,73,moderate,aerobic
106,2024-06-10 21:02:46.028342,74,low,mixed
106,2024-06-20 20:26:42.505858,77,high,anaerobic
106,2024-06-24 15:16:48.446374,25,moderate,anaerobic
106,2024-06-25 19:59:20.048530,32,high,aerobic
106,2024-06-28 17:34:21.140386,42,moderate,aerobic
107,2024-01-01 11:48:59.798893,44,moderate,aerobic
107,2024-01-07 10:50:23.453134,59,high,aerobic
107,2024-01-07 20:23:15.011814,54,low,anaerobic
107,2024-01-08 17:52:17.892390,72,moderate,aerobic
107,2024-01-09 08:55:49.244179,64,low,aerobic
107,2024-01-18 15:30:29.565394,40,moderate,mixed
107,2024-01-19 08:17:56.162638,28,moderate,aerobic
107,2024-01-19 11:36:25.956757,33,high,mixed
107,2024-01-23 20:17:17.138613,48,high,anaerobic
107,2024-01-26 15:31:00.637301,73,moderate,aerobic
107,2024-01-29 20:53:04.639498,58,high,mixed
107,2024-02-03 09:31:16.040339,22,high,aerobic
107,2024-02-05 09:09:30.632482,31,low,aerobic
107,2024-02-05 15:43:33.834297,34,moderate,aerobic
107,2024-02-07 14:52:13.174653,24,moderate,aerobic
107,2024-02-09 15:49:53.343977,22,high,mixed
107,2024-02-10 09:55:26.393106,60,high,aerobic
107,2024-02-11 17:14:28.121577,53,high,mixed
107,2024-02-13 18:44:08.112620,58,moderate,anaerobic
107,2024-02-14 09:33:54.766551,25,moderate,anaerobic
107,2024-02-24 14:57:37.008450,28,moderate,mixed
107,2024-02-27 12:47:25.177395,26,high,aerobic
107,2024-02-28 13:21:03.811436,35,moderate,aerobic
107,2024-03-03 16:23:45.982458,57,low,aerobic
107,2024-03-08 17:00:37.019331,25,high,aerobic
107,2024-03-09 16:48:02.822312,33,moderate,aerobic
107,2024-03-15 18:12:16.773582,37,low,anaerobic
107,2024-03-16 07:18:03.395127,46,moderate,aerobic
107,2024-03-26 07:52:51.553096,69,high,aerobic
107,2024-03-27 10:36:18.970927,47,moderate,anaerobic
107,2024-04-04 10:07:13.265729,60,low,anaerobic
107,2024-04-06 15:54:34.245154,65,high,anaerobic
107,2024-04-14 12:51:02.055394,36,high,mixed
107,2024-04-27 16:34:48.903825,57,moderate,aerobic
107,2024-04-28 11:45:42.990988,58,low,aerobic
107,2024-05-01 13:37:29.664116,74,low,aerobic
107,2024-05-10 10:45:50.727883,39,moderate,mixed
107,2024-05-16 20:08:24.919567,64,moderate,mixed
107,2024-05-18 18:58:58.018583,54,high,anaerobic
107,2024-05-22 16:08:24.881639,56,low,mixed
107,2024-05-24 16:53:10.412826,53,high,aerobic
107,2024-05-27 19:24:50.805156,25,moderate,aerobic
107,2024-05-30 16:31:08.051097,73,low,mixed
107,2024-05-31 14:44:24.122043,25,low,anaerobic
107,2024-06-02 11:22:15.227218,37,moderate,mixed
107,2024-06-04 08:14:57.526135,34,low,mixed
107,2024-06-04 13:59:45.603313,75,low,aerobic
107,2024-06-07 14:15:55.513634,31,moderate,aerobic
107,2024-06-09 12:47:23.727465,59,low,anaerobic
107,2024-06-11 09:09:22.152312,48,moderate,mixed
107,2024-06-12 09:49:41.840121,21,high,mixed
107,2024-06-18 12:52:42.167397,28,high,anaerobic
107,2024-06-23 13:44:29.322615,75,low,anaerobic
107,2024-06-26 16:49:56.409111,54,high,aerobic
107,2024-06-28 07:56:28.996683,53,moderate,mixed
108,2024-01-01 15:09:14.605182,70,moderate,anaerobic
108,2024-01-04 19:21:53.709971,54,low,anaerobic
108,2024-01-06 10:20:38.770722,52,low,mixed
108,2024-01-07 09:09:43.754001,71,high,mixed
108,2024-01-14 14:56:49.521170,71,low,anaerobic
108,2024-01-17 16:36:38.062245,79,moderate,anaerobic
108,2024-01-19 18:34:03.809202,79,low,anaerobic
108,2024-01-27 08:43:38.003593,56,high,anaerobic
108,2024-01-28 19:33:40.481871,49,high,anaerobic
108,2024-01-31 07:26:05.773571,61,low,aerobic
108,2024-02-02 18:26:26.799221,21,low,aerobic
108,2024-02-03 08:18:29.791556,39,moderate,anaerobic
108,2024-02-06 11:23:12.063960,75,high,aerobic
108,2024-02-07 10:33:15.552242,61,high,aerobic
108,2024-02-07 11:14:21.660534,26,moderate,anaerobic
108,2024-02-11 07:32:15.128162,60,moderate,anaerobic
108,2024-02-17 13:56:18.792491,36,moderate,aerobic
108,2024-02-17 17:43:48.649316,43,low,aerobic
108,2024-02-18 14:20:02.802331,25,high,aerobic
108,2024-02-19 11:45:57.881582,39,moderate,anaerobic
108,2024-02-21 16:39:03.222643,47,moderate,anaerobic
108,2024-03-02 12:17:38.279857,27,low,mixed
108,2024-03-03 09:05:15.750625,71,low,aerobic
108,2024-03-06 16:35:53.533761,48,moderate,anaerobic
108,2024-03-06 20:58:02.243470,20,moderate,mixed
108,2024-03-11 20:23:14.421645,42,moderate,anaerobic
108,2024-03-16 07:30:00.241691,65,moderate,anaerobic
108,2024-03-18 09:02:08.445355,26,low,aerobic
108,2024-03-18 16:57:58.263539,49,moderate,anaerobic
108,2024-03-20 10:15:54.684932,63,moderate,mixed
108,2024-03-26 12:14:05.442926,56,low,aerobic
108,2024-03-31 07:44:55.773548,77,moderate,aerobic
108,2024-04-01 11:04:46.446696,45,moderate,anaerobic
108,2024-04-03 13:38:06.153971,42,moderate,aerobic
108,2024-04-05 14:48:42.987414,53,low,aerobic
108,2024-04-09 12:52:03.168980,69,moderate,aerobic
108,2024-04-10 17:53:42.813244,60,moderate,mixed
108,2024-04-11 11:24:32.194191,28,moderate,aerobic
108,2024-04-18 14:45:30.479273,64,high,aerobic
108,2024-04-22 13:43:26.377318,20,low,aerobic
108,2024-04-23 14:34:05.120341,57,moderate,aerobic
108,2024-04-23 15:29:06.784603,56,low,aerobic
108,2024-04-24 10:35:01.739040,68,high,aerobic
108,2024-04-24 17:04:10.022450,74,low,mixed
108,2024-04-28 18:59:18.887860,56,moderate,mixed
108,2024-04-29 12:10:07.925472,67,low,aerobic
108,2024-05-01 19:48:05.125537,46,moderate,anaerobic
108,2024-05-02 08:03:59.730480,47,moderate,aerobic
108,2024-05-02 20:12:35.391400,51,low,anaerobic
108,2024-05-04 08:38:23.104067,47,moderate,aerobic
108,2024-05-04 12:01:54.227187,77,low,anaerobic
108,2024-05-06 13:08:38.461689,69,moderate,anaerobic
108,2024-05-06 20:35:33.642738,72,moderate,aerobic
108,2024-05-10 17:25:46.076367,72,moderate,anaerobic
108,2024-05-14 19:47:54.681055,64,low,mixed
108,2024-05-18 17:44:31.185836,44,moderate,mixed
108,2024-05-23 20:02:54.539496,52,moderate,anaerobic
108,2024-05-25 08:49:49.468780,65,moderate,anaerobic
108,2024-05-27 17:52:18.256575,41,moderate,aerobic
108,2024-05-28 12:30:35.375902,25,moderate,anaerobic
108,2024-05-31 18:55:55.536984,43,moderate,mixed
108,2024-06-03 19:02:10.467661,24,moderate,aerobic
108,2024-06-04 18:01:18.614871,48,low,mixed
108,2024-06-05 16:18:18.062743,62,low,anaerobic
108,2024-06-06 14:19:00.210383,32,moderate,anaerobic
108,2024-06-07 10:14:05.058744,24,moderate,mixed
108,2024-06-10 15:25:47.473293,40,low,mixed
108,2024-06-11 08:00:52.846426,78,moderate,aerobic
108,2024-06-13 15:40:46.977944,50,low,mixed
108,2024-06-13 16:36:44.799527,74,low,aerobic
108,2024-06-16 21:30:34.391455,71,high,aerobic
108,2024-06-18 08:27:10.298500,70,low,aerobic
108,2024-06-19 11:03:44.951736,72,moderate,anaerobic
109,2024-01-04 14:16:38.067591,78,low,aerobic
109,2024-01-06 20:45:39.966441,66,moderate,anaerobic
109,2024-01-11 17:37:28.759718,41,moderate,aerobic
109,2024-01-11 20:47:25.073017,58,moderate,aerobic
109,2024-01-14 13:56:14.705441,45,high,anaerobic
109,2024-01-15 16:16:29.765330,32,moderate,mixed
109,2024-01-27 12:04:11.711559,76,high,aerobic
109,2024-01-29 13:12:28.802925,59,low,mixed
109,2024-02-05 20:36:42.280687,41,moderate,mixed
109,2024-02-05 21:25:58.761931,38,moderate,anaerobic
109,2024-02-13 16:53:25.483387,57,low,anaerobic
109,2024-02-15 07:49:14.987061,20,moderate,aerobic
109,2024-02-15 16:06:53.190772,64,moderate,aerobic
109,2024-02-24 20:57:25.226465,33,moderate,aerobic
109,2024-02-26 14:21:00.115495,58,moderate,anaerobic
109,2024-02-27 10:26:23.836967,51,high,anaerobic
109,2024-03-01 15:16:51.586894,57,moderate,mixed
109,2024-03-02 11:19:22.776091,73,high,aerobic
109,2024-03-03 13:02:38.405140,67,moderate,aerobic
109,2024-03-07 09:06:26.654458,62,low,mixed
109,2024-03-08 17:12:16.037723,70,moderate,aerobic
109,2024-03-09 07:42:24.865859,60,moderate,aerobic
109,2024-03-09 14:16:04.182352,41,low,mixed
109,2024-03-10 16:09:04.876716,51,low,aerobic
109,2024-03-10 16:26:36.840754,36,low,mixed
109,2024-03-17 11:23:18.978482,70,moderate,aerobic
109,2024-03-24 12:09:12.291994,75,moderate,aerobic
109,2024-03-25 14:05:45.784636,23,high,aerobic
109,2024-03-25 17:51:36.121443,74,moderate,aerobic
109,2024-03-29 13:09:28.477948,44,moderate,aerobic
109,2024-03-29 17:15:40.052094,71,moderate,aerobic
109,2024-03-31 20:59:06.289696,65,moderate,aerobic
109,2024-04-01 16:07:59.866908,35,moderate,anaerobic
109,2024-04-03 10:06:55.204269,58,low,mixed
109,2024-04-09 07:46:08.917815,25,moderate,anaerobic
109,2024-04-11 19:00:26.918841,29,moderate,aerobic
109,2024-04-13 09:31:18.102047,40,high,mixed
109,2024-04-15 10:17:32.551973,40,moderate,mixed
109,2024-04-18 12:08:50.882796,60,high,mixed
109,2024-04-23 20:28:23.500407,56,low,anaerobic
109,2024-04-28 07:47:40.722284,52,low,aerobic
109,2024-04-28 18:49:52.782964,74,low,anaerobic
109,2024-04-30 07:40:01.358041,23,moderate,anaerobic
109,2024-05-03 18:45:58.761510,35,high,mixed
109,2024-05-04 14:31:56.272446,40,low,anaerobic
109,2024-05-10 14:59:57.576931,54,moderate,aerobic
109,2024-05-11 20:26:27.392580,40,low,aerobic
109,2024-05-13 19:50:04.107422,56,moderate,anaerobic
109,2024-05-14 17:40:03.214134,77,high,anaerobic
109,2024-05-18 16:31:04.366179,28,moderate,anaerobic
109,2024-05-24 11:01:55.274944,51,low,anaerobic
109,2024-06-01 17:48:56.302180,37,moderate,mixed
109,2024-06-02 15:06:44.129986,68,low,anaerobic
109,2024-06-03 21:07:50.123324,70,high,aerobic
109,2024-06-07 13:10:21.464583,30,moderate,mixed
109,2024-06-08 17:26:46.885843,69,moderate,mixed
109,2024-06-10 18:08:05.499278,79,low,anaerobic
109,2024-06-13 18:04:23.739456,27,moderate,aerobic
109,2024-06-13 19:20:51.298937,34,moderate,aerobic
109,2024-06-17 19:13:16.471229,69,moderate,aerobic
109,2024-06-21 15:18:54.022128,44,high,anaerobic
109,2024-06-23 12:06:26.578765,70,high,aerobic
109,2024-06-25 09:02:09.353875,61,moderate,aerobic
110,2024-01-03 10:11:44.526100,40,moderate,aerobic
110,2024-01-09 08:32:43.694598,50,high,aerobic
110,2024-01-13 10:34:38.324792,51,low,anaerobic
110,2024-01-18 12:22:09.463069,71,low,aerobic
110,2024-01-24 15:12:01.374794,58,high,aerobic
110,2024-01-25 12:14:55.127449,25,moderate,anaerobic
110,2024-02-03 11:12:53.821138,63,moderate,mixed
110,2024-02-09 13:21:30.114638,49,high,mixed
110,2024-02-11 18:23:00.451523,41,high,anaerobic
110,2024-02-13 12:03:23.948922,59,low,anaerobic
110,2024-02-27 15:48:59.578555,69,moderate,aerobic
110,2024-02-29 12:12:34.370275,65,moderate,aerobic
110,2024-03-09 09:12:28.853715,21,moderate,aerobic
110,2024-03-10 15:26:28.363301,25,low,aerobic
110,2024-03-12 07:57:20.941531,59,low,aerobic
110,2024-03-14 16:12:48.510542,26,low,aerobic
110,2024-03-20 16:16:35.097166,29,low,aerobic
110,2024-03-22 15:13:57.439816,41,high,aerobic
110,2024-03-25 08:32:16.011411,52,moderate,aerobic
110,2024-03-26 09:24:08.965692,30,moderate,mixed
110,2024-03-28 13:49:02.375344,63,low,aerobic
110,2024-03-29 08:33:29.913345,40,high,mixed
110,2024-03-30 09:51:53.061874,51,high,anaerobic
110,2024-04-04 15:13:48.709722,79,moderate,anaerobic
110,2024-04-06 08:16:21.736542,53,low,mixed
110,2024-04-13 15:08:33.948805,77,moderate,mixed
110,2024-04-16 11:35:51.339020,36,low,anaerobic
110,2024-04-19 14:48:27.285659,45,high,aerobic
110,2024-04-21 18:15:02.596053,77,low,aerobic
110,2024-04-23 13:04:42.715460,77,moderate,mixed
110,2024-04-28 18:52:28.958900,35,moderate,anaerobic
110,2024-04-29 15:08:24.005148,46,moderate,aerobic
110,2024-04-30 16:42:15.712813,57,low,aerobic
110,2024-05-07 08:42:21.616816,39,moderate,anaerobic
110,2024-05-08 12:25:27.830015,33,low,anaerobic
110,2024-05-10 18:20:32.158585,47,moderate,aerobic
110,2024-05-17 11:01:42.207904,54,high,mixed
110,2024-05-22 14:43:12.762286,50,low,mixed
110,2024-05-22 19:45:48.229164,64,high,aerobic
110,2024-05-23 18:07:19.029229,58,high,anaerobic
110,2024-05-26 07:56:20.351038,36,low,aerobic
110,2024-05-30 07:05:55.098013,53,low,aerobic
110,2024-06-02 19:30:55.331014,63,moderate,aerobic
110,2024-06-03 08:28:54.849764,20,low,mixed
110,2024-06-03 16:13:56.656447,70,high,aerobic
110,2024-06-05 17:46:04.305343,64,low,aerobic
110,2024-06-11 13:39:05.374942,76,low,aerobic
110,2024-06-15 12:21:40.041915,67,moderate,aerobic
110,2024-06-18 12:49:46.246083,32,moderate,aerobic
110,2024-06-22 18:12:19.313014,38,moderate,mixed
110,2024-06-25 12:46:30.702365,24,high,mixed
111,2024-01-07 20:54:56.344857,52,moderate,aerobic
111,2024-01-08 12:07:27.415698,46,moderate,mixed
111,2024-01-09 11:08:11.343064,67,moderate,aerobic
111,2024-01-09 12:06:20.847218,78,moderate,mixed
111,2024-01-11 13:20:52.963709,27,low,aerobic
111,2024-01-13 15:01:49.749904,36,moderate,aerobic
111,2024-01-17 16:51:06.535686,36,moderate,mixed
111,2024-01-29 11:23:40.381275,49,low,aerobic
111,2024-02-04 17:24:04.214739,41,moderate,aerobic
111,2024-02-06 11:19:13.413496,66,moderate,aerobic
111,2024-02-13 19:03:57.721593,64,moderate,mixed
111,2024-02-16 10:51:14.924014,49,moderate,aerobic
111,2024-02-18 09:32:46.212623,53,high,aerobic
111,2024-02-24 16:17:32.049493,31,moderate,mixed
111,2024-02-25 09:44:01.827111,41,low,anaerobic
111,2024-02-26 12:09:27.771291,61,moderate,aerobic
111,2024-03-04 12:21:30.671558,46,moderate,aerobic
111,2024-03-05 08:01:47.558412,69,low,anaerobic
111,2024-03-05 13:15:10.323465,35,low,aerobic
111,2024-03-09 18:17:26.799601,77,moderate,aerobic
111,2024-03-09 20:54:59.510236,30,low,aerobic
111,2024-03-24 12:50:16.061125,53,moderate,aerobic
111,2024-04-01 17:29:57.489288,76,high,aerobic
111,2024-04-06 20:11:56.167330,48,moderate,anaerobic
111,2024-04-07 09:09:58.582407,66,low,anaerobic
111,2024-04-16 13:59:05.157225,28,moderate,anaerobic
111,2024-04-17 10:51:10.455803,42,high,aerobic
111,2024-04-20 13:19:35.964230,22,low,aerobic
111,2024-04-22 15:57:04.591380,68,moderate,aerobic
111,2024-04-25 20:32:16.318866,46,low,mixed
111,2024-04-29 10:18:00.229119,66,moderate,aerobic
111,2024-05-04 14:33:04.468316,25,moderate,anaerobic
111,2024-05-08 20:59:48.258095,48,moderate,aerobic
111,2024-05-10 13:48:59.553985,79,moderate,anaerobic
111,2024-05-10 16:19:12.707840,79,moderate,aerobic
111,2024-05-11 19:47:33.690438,44,high,mixed
111,2024-05-18 08:07:30.052684,58,high,aerobic
111,2024-05-18 09:08:51.975388,54,moderate,aerobic
111,2024-05-20 11:13:41.826631,58,moderate,mixed
111,2024-05-20 18:57:30.436892,74,moderate,aerobic
111,2024-05-23 11:06:32.108214,50,low,aerobic
111,2024-05-24 11:49:49.734902,68,high,aerobic
111,2024-05-25 18:34:28.725387,62,moderate,aerobic
111,2024-05-28 08:56:46.643413,25,moderate,aerobic
111,2024-05-28 09:07:19.147839,41,moderate,mixed
111,2024-06-04 21:00:22.308745,31,moderate,anaerobic
111,2024-06-06 08:34:43.096723,56,low,mixed
111,2024-06-07 09:31:53.270088,37,low,aerobic
111,2024-06-08 18:37:51.261069,74,moderate,mixed
111,2024-06-08 20:51:37.513496,68,moderate,mixed
111,2024-06-10 07:26:45.989956,22,low,aerobic
111,2024-06-10 16:51:14.087247,67,moderate,aerobic
111,2024-06-11 18:07:55.796470,65,moderate,anaerobic
111,2024-06-15 18:31:28.680972,46,high,mixed
111,2024-06-21 18:00:21.400152,70,high,aerobic
111,2024-06-24 20:32:06.962353,43,moderate,aerobic
112,2024-01-09 17:34:22.759348,59,high,anaerobic
112,2024-01-10 17:08:55.356707,59,low,mixed
112,2024-01-11 14:40:34.269515,30,moderate,aerobic
112,2024-01-13 10:28:47.640227,67,low,aerobic
112,2024-01-14 08:39:47.255275,73,moderate,mixed
112,2024-01-15 20:01:17.608465,68,moderate,mixed
112,2024-01-16 16:41:45.497337,57,high,mixed
112,2024-01-20 11:55:00.634192,78,moderate,anaerobic
112,2024-01-22 09:42:08.828952,61,moderate,aerobic
112,2024-01-24 18:25:30.196944,62,low,aerobic
112,2024-02-01 15:30:05.400721,38,moderate,mixed
112,2024-02-24 13:34:20.649169,72,moderate,aerobic
112,2024-02-24 13:53:23.049138,36,moderate,aerobic
112,2024-03-04 13:48:24.272482,47,moderate,aerobic
112,2024-03-04 19:08:26.556425,42,low,aerobic
112,2024-03-05 17:03:22.320661,61,low,aerobic
112,2024-03-05 19:44:06.177207,35,high,aerobic
112,2024-03-08 11:49:47.159067,21,moderate,mixed
112,2024-03-09 13:30:13.463737,40,high,mixed
112,2024-03-21 12:20:28.462829,53,low,aerobic
112,2024-03-23 18:49:06.093043,23,high,aerobic
112,2024-03-26 16:59:56.203239,45,moderate,mixed
112,2024-04-03 14:41:20.237268,34,high,anaerobic
112,2024-04-03 17:50:36.069289,73,low,aerobic
112,2024-04-06 13:42:33.922838,71,low,aerobic
112,2024-04-11 09:00:41.676109,40,high,anaerobic
112,2024-04-15 10:12:34.611967,23,moderate,aerobic
112,2024-04-24 07:49:54.176917,77,moderate,anaerobic
112,2024-05-03 17:47:13.912938,57,low,aerobic
112,2024-05-03 21:32:53.109294,67,moderate,anaerobic
112,2024-05-10 17:33:27.516683,66,high,aerobic
112,2024-05-14 18:00:18.407214,28,low,anaerobic
112,2024-05-15 08:40:31.967213,46,high,anaerobic
112,2024-05-17 11:09:53.449353,69,moderate,aerobic
112,2024-05-24 15:58:35.719516,48,low,aerobic
112,2024-05-25 15:03:37.893272,52,moderate,mixed
112,2024-05-26 08:16:04.161299,75,moderate,mixed
112,2024-05-26 08:41:34.378718,33,high,aerobic
112,2024-05-28 21:00:16.596622,71,moderate,anaerobic
112,2024-05-31 20:29:21.339648,76,high,anaerobic
112,2024-06-05 12:37:32.854696,54,moderate,mixed
112,2024-06-09 12:46:50.633189,76,high,mixed
112,2024-06-18 14:26:14.450765,70,moderate,aerobic
112,2024-06-19 07:57:32.706490,67,low,mixed
112,2024-06-21 08:48:14.835278,40,moderate,aerobic
112,2024-06-27 13:05:36.499979,54,low,mixed
112,2024-06-28 18:30:41.523993,69,moderate,anaerobic
113,2024-01-02 12:05:56.450471,51,moderate,aerobic
113,2024-01-03 21:02:47.886783,67,moderate,mixed
113,2024-01-06 14:41:52.646665,44,moderate,aerobic
113,2024-01-08 14:46:41.787837,61,low,anaerobic
113,2024-01-08 16:19:30.508752,27,high,anaerobic
113,2024-01-09 17:06:33.477582,31,high,mixed
113,2024-01-14 16:02:30.721203,30,moderate,aerobic
113,2024-01-22 20:19:17.529616,60,moderate,anaerobic
113,2024-01-25 18:02:58.443677,56,moderate,mixed
113,2024-01-29 11:11:28.996156,61,low,mixed
113,2024-02-02 20:59:14.888582,37,low,mixed
113,2024-02-05 10:14:28.378550,20,moderate,mixed
113,2024-02-10 12:43:04.637490,24,moderate,aerobic
113,2024-02-22 21:10:00.136267,38,moderate,aerobic
113,2024-03-02 08:04:59.724198,48,moderate,anaerobic
113,2024-03-03 12:40:47.492070,59,low,aerobic
113,2024-03-05 11:16:28.581349,32,moderate,aerobic
113,2024-03-07 08:32:56.205016,27,moderate,anaerobic
113,2024-03-07 13:15:13.991819,30,moderate,anaerobic
113,2024-03-08 20:13:28.478246,42,moderate,anaerobic
113,2024-03-10 14:45:18.481893,45,high,anaerobic
113,2024-03-12 15:02:56.611585,60,low,aerobic
113,2024-03-14 16:49:44.394111,41,moderate,aerobic
113,2024-03-15 13:51:38.132436,66,moderate,aerobic
113,2024-03-20 16:00:22.577443,62,low,aerobic
113,2024-03-22 13:02:24.783689,24,moderate,aerobic
113,2024-03-24 14:38:57.632230,22,high,aerobic
113,2024-04-05 20:56:04.293031,45,moderate,aerobic
113,2024-04-08 11:57:27.313300,20,low,aerobic
113,2024-04-08 13:14:31.151230,24,moderate,aerobic
113,2024-04-12 15:25:02.718373,36,high,anaerobic
113,2024-04-21 10:40:28.876189,75,moderate,anaerobic
113,2024-04-21 17:59:01.413673,65,low,aerobic
113,2024-04-22 20:45:14.429283,75,high,aerobic
113,2024-04-24 08:51:25.452240,45,moderate,aerobic
113,2024-04-29 20:22:12.915103,72,moderate,aerobic
113,2024-05-01 08:17:44.456998,68,high,aerobic
113,2024-05-04 13:49:35.427017,36,low,mixed
113,2024-05-10 16:50:08.596579,50,moderate,anaerobic
113,2024-05-11 13:37:45.069861,40,moderate,aerobic
113,2024-05-12 19:33:57.357492,75,high,anaerobic
113,2024-05-13 14:48:03.576894,76,moderate,anaerobic
113,2024-05-15 12:08:12.150333,24,low,mixed
113,2024-05-15 20:55:07.261763,55,moderate,aerobic
113,2024-05-17 14:43:27.064592,55,low,anaerobic
113,2024-05-19 17:58:58.908716,26,moderate,aerobic
113,2024-05-24 15:20:44.870928,62,low,anaerobic
113,2024-05-26 11:25:52.906624,25,moderate,aerobic
113,2024-05-28 09:44:20.983079,41,low,aerobic
113,2024-05-30 16:27:03.343025,56,low,aerobic
113,2024-06-01 11:50:29.700805,28,low,anaerobic
113,2024-06-03 14:13:24.614824,40,moderate,anaerobic
113,2024-06-07 11:07:31.347257,46,moderate,anaerobic
113,2024-06-12 08:04:55.329059,62,moderate,anaerobic
113,2024-06-12 20:14:23.018378,61,low,anaerobic
113,2024-06-23 07:31:12.378872,23,moderate,aerobic
113,2024-06-24 18:07:17.122345,33,high,aerobic
114,2024-01-01 18:22:12.041032,49,high,aerobic
114,2024-01-02 11:18:31.195838,75,moderate,mixed
114,2024-01-09 11:53:17.512141,29,moderate,anaerobic
114,2024-01-13 20:52:50.954334,57,moderate,anaerobic
114,2024-01-15 08:51:38.161527,59,moderate,mixed
114,2024-01-16 21:02:23.724846,56,low,aerobic
114,2024-01-17 17:49:52.152315,73,moderate,aerobic
114,2024-01-28 17:34:14.028838,36,moderate,aerobic
114,2024-01-30 13:19:01.715279,26,low,mixed
114,2024-02-01 12:13:33.222163,68,low,mixed
114,2024-02-06 14:30:51.198641,58,moderate,aerobic
114,2024-02-07 10:35:01.136468,21,moderate,aerobic
114,2024-02-12 07:46:41.639716,41,low,anaerobic
114,2024-02-13 14:20:41.104985,47,moderate,aerobic
114,2024-02-15 14:24:53.260699,41,moderate,mixed
114,2024-02-17 20:29:55.495154,69,moderate,mixed
114,2024-02-17 20:59:25.861654,29,moderate,aerobic
114,2024-02-24 10:37:01.852559,75,low,mixed
114,2024-02-26 16:38:35.628538,73,moderate,mixed
114,2024-02-28 13:35:35.845308,67,high,mixed
114,2024-03-10 10:53:11.683324,78,moderate,anaerobic
114,2024-03-11 08:04:21.951698,44,moderate,anaerobic
114,2024-03-14 19:43:35.034527,44,moderate,mixed
114,2024-03-16 15:56:40.795441,41,moderate,aerobic
114,2024-03-25 08:16:25.358121,58,low,aerobic
114,2024-03-27 10:53:17.418290,67,moderate,aerobic
114,2024-03-29 07:28:05.058994,25,low,anaerobic
114,2024-03-31 15:19:22.230335,45,high,aerobic
114,2024-04-05 10:10:11.699648,49,moderate,aerobic
114,2024-04-06 21:21:04.028494,43,moderate,mixed
114,2024-04-07 08:46:33.972106,51,low,aerobic
114,2024-04-09 17:57:51.618790,25,high,anaerobic
114,2024-04-09 20:55:13.968524,27,high,mixed
114,2024-04-10 15:16:55.573907,28,moderate,aerobic
114,2024-04-10 15:38:04.578690,47,moderate,aerobic
114,2024-04-11 12:16:13.774751,27,moderate,anaerobic
114,2024-04-13 16:26:12.768093,36,moderate,aerobic
114,2024-04-16 13:10:07.973278,79,low,aerobic
114,2024-04-22 19:05:58.343510,59,moderate,aerobic
114,2024-04-23 15:34:47.075649,72,moderate,anaerobic
114,2024-04-25 12:02:26.246713,77,low,aerobic
114,2024-04-25 20:58:53.950098,50,moderate,aerobic
114,2024-04-27 18:18:53.376292,30,high,mixed
114,2024-04-27 18:15:25.984960,32,moderate,mixed
114,2024-04-28 14:55:27.163240,34,high,aerobic
114,2024-04-28 20:35:38.064327,55,moderate,anaerobic
114,2024-04-29 18:34:09.607400,75,moderate,mixed
114,2024-05-01 17:37:24.310385,77,high,anaerobic
114,2024-05-09 13:57:48.824156,60,low,mixed
114,2024-05-09 15:51:50.252547,27,moderate,mixed
114,2024-05-10 11:40:37.300147,57,moderate,aerobic
114,2024-05-11 16:00:16.045326,49,high,mixed
114,2024-05-14 17:45:55.149574,58,moderate,mixed
114,2024-05-15 08:59:23.126529,35,moderate,anaerobic
114,2024-05-16 15:43:09.622788,45,low,anaerobic
114,2024-05-17 11:54:16.062494,50,low,aerobic
114,2024-05-19 20:36:09.927700,59,moderate,anaerobic
114,2024-05-20 15:19:49.012223,66,low,aerobic
114,2024-05-24 13:37:05.604151,72,low,mixed
114,2024-05-29 16:31:13.710099,24,low,aerobic
114,2024-05-31 10:31:09.759683,34,moderate,aerobic
114,2024-06-05 21:01:13.413033,23,moderate,mixed
114,2024-06-07 07:43:17.681257,75,low,anaerobic
114,2024-06-18 20:57:31.467201,40,moderate,anaerobic
115,2024-01-03 18:25:04.124072,20,high,aerobic
115,2024-01-07 08:40:21.557411,60,moderate,aerobic
115,2024-01-08 12:21:08.426584,40,moderate,mixed
115,2024-01-10 19:32:45.516939,56,moderate,aerobic
115,2024-01-13 16:07:06.881236,79,low,aerobic
115,2024-01-14 14:35:49.333694,30,high,mixed
115,2024-01-18 09:18:21.944743,20,moderate,anaerobic
115,2024-01-30 13:28:11.082008,36,moderate,aerobic
115,2024-02-02 13:11:31.035347,49,low,aerobic
115,2024-02-02 15:39:31.442295,39,moderate,aerobic
115,2024-02-05 16:23:37.289995,73,low,mixed
115,2024-02-09 20:50:53.463989,67,moderate,aerobic
115,2024-02-15 18:17:30.628587,74,moderate,aerobic
115,2024-02-16 16:44:04.158479,70,low,aerobic
115,2024-02-24 14:59:12.413264,31,low,aerobic
115,2024-02-28 18:07:48.399466,79,low,aerobic
115,2024-03-04 20:10:00.026943,22,moderate,mixed
115,2024-03-07 14:33:58.486108,22,high,aerobic
115,2024-03-09 10:06:50.526834,62,low,aerobic
115,2024-03-12 14:41:25.071109,63,moderate,aerobic
115,2024-03-18 09:03:32.663398,33,moderate,anaerobic
115,2024-03-19 09:56:38.563569,55,low,anaerobic
115,2024-03-24 09:33:43.053339,75,high,anaerobic
115,2024-03-27 13:06:37.096783,20,moderate,aerobic
115,2024-03-29 13:07:52.265104,36,high,aerobic
115,2024-04-08 18:09:20.333001,72,moderate,aerobic
115,2024-04-09 08:56:31.394942,46,high,aerobic
115,2024-04-10 20:52:31.506657,34,low,aerobic
115,2024-04-16 11:08:51.195612,58,moderate,mixed
115,2024-04-18 13:35:30.874396,68,low,anaerobic
115,2024-04-23 17:35:28.539526,68,moderate,mixed
115,2024-04-24 17:53:49.882457,33,low,anaerobic
115,2024-04-27 10:40:29.036518,42,moderate,aerobic
115,2024-04-30 16:10:32.582656,75,low,aerobic
115,2024-05-07 14:27:10.084142,56,moderate,anaerobic
115,2024-05-10 13:55:09.747267,47,low,aerobic
115,2024-05-10 14:56:14.832013,61,moderate,aerobic
115,2024-05-15 15:08:22.851271,66,moderate,aerobic
115,2024-05-16 11:24:25.282195,78,moderate,anaerobic
115,2024-05-23 20:43:35.456779,65,moderate,anaerobic
115,2024-05-28 19:19:05.818879,58,moderate,anaerobic
115,2024-05-29 10:56:13.328592,31,low,aerobic
115,2024-05-29 11:10:16.237924,46,high,aerobic
115,2024-06-06 08:30:08.893732,58,moderate,mixed
115,2024-06-15 17:51:49.334988,44,moderate,anaerobic
115,2024-06-18 08:39:28.692325,70,moderate,aerobic
115,2024-06-19 12:14:15.915294,72,moderate,aerobic
115,2024-06-21 11:21:54.373966,74,low,mixed
115,2024-06-25 12:24:29.548604,48,low,anaerobic
116,2024-01-07 19:18:52.468786,71,high,anaerobic
116,2024-01-12 16:51:49.306929,70,low,mixed
116,2024-01-14 15:05:48.589378,44,high,aerobic
116,2024-01-15 19:19:21.360085,63,low,aerobic
116,2024-01-17 18:15:08.905625,33,moderate,anaerobic
116,2024-01-18 19:44:42.631734,74,moderate,anaerobic
116,2024-01-28 16:16:00.951101,26,low,mixed
116,2024-02-08 10:42:12.646576,24,moderate,aerobic
116,2024-02-15 16:01:22.729210,72,moderate,mixed
116,2024-02-16 11:09:06.679541,63,low,aerobic
116,2024-02-16 11:04:14.573840,67,moderate,aerobic
116,2024-02-19 17:18:38.599556,21,low,aerobic
116,2024-02-20 12:50:51.168065,68,moderate,anaerobic
116,2024-03-08 20:51:51.232617,71,high,mixed
116,2024-03-10 18:00:18.421046,63,moderate,anaerobic
116,2024-03-14 10:27:53.800777,78,moderate,anaerobic
116,2024-03-17 07:32:30.040593,78,low,anaerobic
116,2024-03-19 19:17:03.581981,76,moderate,aerobic
116,2024-03-27 15:43:32.510146,40,moderate,aerobic
116,2024-04-03 07:50:41.730899,40,moderate,mixed
116,2024-04-17 15:17:11.797156,62,high,aerobic
116,2024-04-18 07:20:51.277252,25,moderate,mixed
116,2024-04-18 20:08:59.225301,53,moderate,anaerobic
116,2024-04-24 10:04:36.325829,71,moderate,aerobic
116,2024-04-25 20:25:06.614005,63,high,anaerobic
116,2024-04-26 15:48:12.445263,59,high,mixed
116,2024-04-28 13:29:37.343041,31,moderate,aerobic
116,2024-05-03 15:24:38.377751,41,moderate,mixed
116,2024-05-03 17:22:02.070972,76,moderate,anaerobic
116,2024-05-09 10:31:08.579260,69,low,aerobic
116,2024-05-10 10:02:24.155435,21,high,aerobic
116,2024-05-12 09:22:05.308329,61,low,anaerobic
116,2024-05-29 08:59:10.983079,44,low,aerobic
116,2024-06-02 20:16:06.632540,57,moderate,aerobic
116,2024-06-03 08:52:59.804401,23,low,aerobic
116,2024-06-09 08:20:46.336731,26,moderate,aerobic
116,2024-06-10 13:10:33.548876,38,low,anaerobic
116,2024-06-11 13:42:45.997889,51,low,aerobic
116,2024-06-13 19:00:41.644132,53,low,mixed
116,2024-06-14 11:00:41.467549,48,high,aerobic
116,2024-06-15 18:27:24.692789,29,moderate,aerobic
116,2024-06-19 17:01:56.515681,71,moderate,anaerobic
116,2024-06-22 07:57:26.893784,43,moderate,aerobic
117,2024-01-02 10:46:07.110128,66,high,aerobic
117,2024-01-02 14:56:02.765699,68,moderate,mixed
117,2024-01-04 16:47:35.040678,51,low,mixed
117,2024-01-06 14:00:39.423764,50,high,anaerobic
117,2024-01-08 13:25:33.762709,73,moderate,aerobic
117,2024-01-10 17:59:14.798857,20,moderate,aerobic
117,2024-01-11 20:36:53.365657,38,high,mixed
117,2024-01-12 09:46:34.650585,65,low,mixed
117,2024-01-13 07:17:20.443275,71,moderate,mixed
117,2024-01-14 11:03:06.874980,20,low,anaerobic
117,2024-01-15 16:27:48.296787,22,moderate,anaerobic
117,2024-01-17 10:50:50.854606,50,moderate,aerobic
117,2024-01-17 16:10:32.035449,37,high,anaerobic
117,2024-01-20 14:17:44.516872,23,moderate,aerobic
117,2024-01-22 07:29:18.323292,30,moderate,anaerobic
117,2024-01-25 14:24:36.473060,25,low,mixed
117,2024-01-25 17:51:25.729959,60,moderate,aerobic
117,2024-01-27 21:34:17.339382,68,moderate,anaerobic
117,2024-01-30 08:10:05.248880,37,moderate,aerobic
117,2024-02-01 12:27:48.476773,50,high,aerobic
117,2024-02-05 08:30:22.633094,39,low,mixed
117,2024-02-07 08:19:15.654894,54,high,aerobic
117,2024-02-13 11:08:14.370812,51,moderate,anaerobic
117,2024-02-13 20:27:33.656319,69,low,anaerobic
117,2024-02-15 19:27:57.726541,22,moderate,aerobic
117,2024-02-16 14:04:14.054964,31,low,aerobic
117,2024-02-19 15:55:55.321557,29,moderate,mixed
117,2024-02-21 17:17:36.972004,70,low,anaerobic
117,2024-02-28 11:33:40.238453,33,moderate,aerobic
117,2024-02-29 15:46:40.232055,24,low,mixed
117,2024-03-01 13:09:36.497983,71,moderate,anaerobic
117,2024-03-01 16:09:00.657403,47,moderate,anaerobic
117,2024-03-08 14:57:21.797602,69,moderate,aerobic
117,2024-03-10 08:49:23.328023,42,low,anaerobic
117,2024-03-13 12:41:02.092158,56,moderate,aerobic
117,2024-03-14 20:32:47.634819,39,low,anaerobic
117,2024-03-16 07:35:15.072880,63,moderate,aerobic
117,2024-03-23 12:37:37.132651,37,high,aerobic
117,2024-03-29 10:53:01.754943,68,moderate,aerobic
117,2024-03-30 07:55:15.171629,69,low,aerobic
117,2024-03-31 07:30:17.765932,69,moderate,anaerobic
117,2024-04-01 19:48:28.340867,27,high,aerobic
117,2024-04-03 07:57:44.652703,44,high,aerobic
117,2024-04-04 19:15:47.129893,70,moderate,aerobic
117,2024-04-08 16:20:05.192555,61,low,anaerobic
117,2024-04-09 17:13:27.465000,79,low,aerobic
117,2024-04-11 07:44:33.528976,73,high,aerobic
117,2024-04-11 07:47:27.041755,52,moderate,aerobic
117,2024-04-14 19:09:27.052291,38,moderate,anaerobic
117,2024-04-21 08:19:12.209001,31,low,mixed
117,2024-04-26 16:42:25.323446,37,moderate,aerobic
117,2024-04-26 18:24:53.233388,47,low,mixed
117,2024-04-30 20:29:53.800215,30,high,aerobic
117,2024-05-01 15:30:58.394798,29,low,aerobic
117,2024-05-04 16:41:16.577614,42,low,aerobic
117,2024-05-04 17:12:37.600026,61,low,anaerobic
117,2024-05-07 13:57:35.006294,35,low,anaerobic
117,2024-05-08 20:28:51.070886,41,moderate,aerobic
117,2024-05-13 15:52:07.624441,76,low,aerobic
117,2024-05-14 18:54:19.097436,44,low,aerobic
117,2024-05-15 19:24:12.225670,70,moderate,aerobic
117,2024-05-17 11:21:43.247693,40,low,aerobic
117,2024-05-18 07:19:40.838503,25,moderate,aerobic
117,2024-05-19 14:44:18.732721,62,moderate,aerobic
117,2024-05-27 11:25:23.862588,33,moderate,aerobic
117,2024-05-27 19:11:50.635003,35,moderate,aerobic
117,2024-05-30 07:24:58.081469,25,high,aerobic
117,2024-06-01 18:29:52.004108,56,high,mixed
117,2024-06-03 17:15:49.656459,65,high,mixed
117,2024-06-05 18:30:44.758810,36,high,mixed
117,2024-06-07 14:58:45.780583,22,high,aerobic
117,2024-06-12 09:53:01.829709,23,moderate,mixed
117,2024-06-13 17:56:03.801924,51,moderate,aerobic
117,2024-06-13 20:47:44.287774,26,high,aerobic
117,2024-06-14 15:43:37.265872,50,high,aerobic
117,2024-06-15 16:31:03.803598,57,low,aerobic
117,2024-06-18 16:06:27.791988,63,moderate,aerobic
117,2024-06-21 07:20:54.403010,50,high,anaerobic
117,2024-06-24 10:26:00.894004,23,moderate,anaerobic
117,2024-06-25 07:39:24.910694,66,moderate,mixed
117,2024-06-28 19:17:30.416947,70,high,mixed
118,2024-01-05 17:40:00.399324,75,moderate,anaerobic
118,2024-01-07 13:03:31.518530,73,low,aerobic
118,2024-01-07 19:36:41.028861,77,moderate,aerobic
118,2024-01-11 19:48:57.059021,31,low,aerobic
118,2024-01-14 20:59:53.191797,32,high,anaerobic
118,2024-01-15 09:11:09.784503,24,low,aerobic
118,2024-01-18 07:56:25.778813,39,low,aerobic
118,2024-01-18 09:33:03.152565,53,high,aerobic
118,2024-01-21 10:46:37.783846,43,low,aerobic
118,2024-01-23 15:49:04.318339,31,low,aerobic
118,2024-01-28 15:30:02.147743,43,moderate,anaerobic
118,2024-01-29 14:27:33.427814,41,moderate,aerobic
118,2024-01-30 08:32:57.551933,31,moderate,aerobic
118,2024-01-30 17:25:55.262675,46,high,aerobic
118,2024-02-01 10:58:54.100583,54,high,aerobic
118,2024-02-02 15:24:59.475470,25,moderate,aerobic
118,2024-02-05 19:16:31.016213,73,high,aerobic
118,2024-02-06 14:51:40.678041,32,low,aerobic
118,2024-02-07 19:51:14.464218,65,moderate,mixed
118,2024-02-10 12:49:03.168604,39,moderate,aerobic
118,2024-02-10 13:45:43.678390,61,low,aerobic
118,2024-02-12 13:07:35.286806,45,low,aerobic
118,2024-02-13 08:43:19.688283,54,low,aerobic
118,2024-02-17 18:57:47.555826,74,moderate,anaerobic
118,2024-02-18 17:08:22.268931,34,moderate,mixed
118,2024-02-23 15:18:17.168443,71,moderate,mixed
118,2024-02-26 14:17:22.044909,59,moderate,mixed
118,2024-02-28 18:25:48.823922,34,moderate,anaerobic
118,2024-02-29 14:55:28.580880,32,moderate,anaerobic
118,2024-02-29 17:36:04.643644,35,moderate,aerobic
118,2024-03-01 09:27:32.659367,71,low,anaerobic
118,2024-03-05 13:36:45.303866,76,high,aerobic
118,2024-03-06 15:56:25.466928,49,moderate,aerobic
118,2024-03-09 08:20:19.539253,62,moderate,anaerobic
118,2024-03-09 20:29:47.840917,75,moderate,aerobic
118,2024-03-16 19:01:04.213051,49,high,anaerobic
118,2024-03-18 11:30:53.549354,78,moderate,aerobic
118,2024-03-18 17:33:12.541205,58,moderate,aerobic
118,2024-03-19 10:18:15.140473,56,low,mixed
118,2024-03-24 14:33:54.410929,51,moderate,mixed
118,2024-03-26 13:41:17.649569,61,low,mixed
118,2024-03-27 15:11:17.401855,21,low,anaerobic
118,2024-03-28 09:55:08.889814,33,moderate,mixed
118,2024-03-29 21:17:43.544507,32,high,aerobic
118,2024-03-30 12:45:29.057762,57,low,aerobic
118,2024-03-30 16:32:19.529732,36,moderate,aerobic
118,2024-04-02 18:04:48.255472,42,moderate,aerobic
118,2024-04-02 19:28:00.192062,59,moderate,aerobic
118,2024-04-03 09:51:53.868489,62,moderate,aerobic
118,2024-04-06 20:38:42.354008,52,high,aerobic
118,2024-04-07 17:59:36.448610,41,moderate,aerobic
118,2024-04-08 21:09:17.801887,22,moderate,mixed
118,2024-04-10 11:56:37.818442,71,low,anaerobic
118,2024-04-12 08:13:50.159140,77,moderate,anaerobic
118,2024-04-12 09:09:23.966841,55,moderate,mixed
118,2024-04-14 12:27:48.919490,55,high,aerobic
118,2024-04-16 15:11:35.332561,27,high,mixed
118,2024-04-17 18:07:13.896910,36,low,aerobic
118,2024-04-19 14:30:33.094206,57,high,mixed
118,2024-04-21 13:39:11.104593,47,low,aerobic
118,2024-04-22 11:09:57.009558,39,high,aerobic
118,2024-04-26 18:24:58.695043,64,moderate,mixed
118,2024-04-27 12:40:36.117205,48,low,aerobic
118,2024-05-03 13:56:09.189643,52,low,aerobic
118,2024-05-05 15:57:01.921300,30,high,aerobic
118,2024-05-07 11:41:23.590641,27,moderate,mixed
118,2024-05-09 09:37:22.071648,38,high,anaerobic
118,2024-05-09 16:56:51.545078,44,moderate,aerobic
118,2024-05-10 08:58:30.566407,28,moderate,mixed
118,2024-05-11 15:51:35.944286,48,high,anaerobic
118,2024-05-17 16:18:36.387598,44,low,mixed
118,2024-05-17 17:35:49.920260,43,low,aerobic
118,2024-05-18 18:47:56.366360,55,high,aerobic
118,2024-05-21 11:15:01.685286,45,moderate,aerobic
118,2024-05-24 12:16:43.619334,29,moderate,aerobic
118,2024-05-24 14:13:59.833606,55,low,anaerobic
118,2024-05-25 08:54:19.696501,48,moderate,aerobic
118,2024-05-25 19:31:18.301946,26,moderate,anaerobic
118,2024-05-26 17:37:32.168688,48,moderate,aerobic
118,2024-05-27 15:54:27.623123,49,low,mixed
118,2024-05-28 08:47:17.092436,58,moderate,aerobic
118,2024-05-29 20:25:13.722987,39,moderate,mixed
118,2024-05-30 08:30:22.423696,65,moderate,mixed
118,2024-06-01 11:04:37.921450,70,moderate,aerobic
118,2024-06-02 09:43:44.919383,46,low,anaerobic
118,2024-06-05 11:30:25.183822,76,moderate,aerobic
118,2024-06-05 16:19:21.374212,70,moderate,aerobic
118,2024-06-06 17:25:10.763776,34,moderate,aerobic
118,2024-06-11 17:01:27.244130,65,moderate,anaerobic
118,2024-06-16 14:13:23.754721,51,low,aerobic
118,2024-06-21 20:36:19.139176,28,moderate,mixed
118,2024-06-22 17:06:03.191515,22,moderate,aerobic
118,2024-06-22 17:30:13.724351,75,low,mixed
118,2024-06-25 12:17:24.639961,44,low,mixed
118,2024-06-26 11:36:14.304449,78,moderate,anaerobic
119,2024-01-02 08:00:38.333191,58,moderate,aerobic
119,2024-01-06 17:16:29.315628,73,high,anaerobic
119,2024-01-11 15:51:28.044517,23,low,anaerobic
119,2024-01-13 11:50:16.407317,36,low,mixed
119,2024-01-29 19:46:33.443249,47,low,anaerobic
119,2024-01-30 11:33:32.413892,69,moderate,mixed
119,2024-02-01 16:18:08.151598,50,moderate,anaerobic
119,2024-02-09 09:59:38.969531,46,moderate,aerobic
119,2024-02-10 17:24:34.477743,68,low,aerobic
119,2024-02-10 21:00:15.811460,21,moderate,aerobic
119,2024-02-11 10:04:21.113581,61,moderate,anaerobic
119,2024-02-11 18:00:12.458818,43,moderate,mixed
119,2024-02-25 08:49:02.947422,71,moderate,mixed
119,2024-03-01 07:31:44.207330,68,high,mixed
119,2024-03-08 19:18:19.258492,64,low,aerobic
119,2024-03-09 08:25:41.732922,21,high,aerobic
119,2024-03-15 16:24:20.070086,33,low,aerobic
119,2024-03-17 11:35:20.863504,42,moderate,mixed
119,2024-03-18 16:16:33.304322,36,high,anaerobic
119,2024-03-20 13:42:08.216389,23,low,mixed
119,2024-03-23 12:13:49.092739,36,low,aerobic
119,2024-03-24 13:31:43.294061,76,low,aerobic
119,2024-04-02 07:16:31.664380,50,moderate,mixed
119,2024-04-02 10:41:12.937364,32,moderate,anaerobic
119,2024-04-06 08:32:58.555069,47,moderate,anaerobic
119,2024-04-07 14:50:04.165944,79,moderate,mixed
119,2024-04-08 13:17:09.671797,53,low,anaerobic
119,2024-04-09 16:04:10.745609,62,high,mixed
119,2024-04-12 18:24:49.539432,47,moderate,aerobic
119,2024-04-18 09:51:56.696832,20,moderate,aerobic
119,2024-04-20 10:42:03.837367,35,low,anaerobic
119,2024-04-29 21:10:28.672114,75,moderate,aerobic
119,2024-05-04 10:54:27.833110,51,high,aerobic
119,2024-05-06 16:29:48.136495,55,low,anaerobic
119,2024-05-07 19:45:01.612160,23,low,aerobic
119,2024-05-15 20:31:32.954640,57,low,aerobic
119,2024-05-16 07:20:19.527515,43,moderate,aerobic
119,2024-05-19 12:48:21.094770,27,low,aerobic
119,2024-06-10 13:44:00.052738,49,moderate,aerobic
119,2024-06-13 18:56:02.701088,57,moderate,aerobic
119,2024-06-16 14:06:53.536490,60,high,aerobic
119,2024-06-18 20:20:41.898208,29,moderate,aerobic
119,2024-06-20 17:03:14.363377,43,moderate,anaerobic
119,2024-06-21 10:11:34.239821,47,moderate,aerobic
119,2024-06-26 18:07:56.541901,39,high,mixed
119,2024-06-26 19:56:12.835002,70,low,mixed
120,2024-01-01 09:35:50.255091,24,low,aerobic
120,2024-01-02 18:50:47.041995,29,moderate,mixed
120,2024-01-03 15:57:10.579646,34,moderate,anaerobic
120,2024-01-04 16:46:18.223909,52,moderate,mixed
120,2024-01-05 09:26:58.576558,28,moderate,anaerobic
120,2024-01-06 10:38:04.651751,52,moderate,mixed
120,2024-01-11 10:34:19.710894,76,moderate,anaerobic
120,2024-01-15 13:00:57.313215,32,moderate,mixed
120,2024-01-17 11:12:46.642323,67,low,aerobic
120,2024-01-19 16:11:48.282547,55,moderate,aerobic
120,2024-01-21 18:14:32.217759,46,moderate,aerobic
120,2024-01-31 19:13:38.787532,35,moderate,aerobic
120,2024-02-06 19:26:35.517555,41,low,mixed
120,2024-02-07 12:06:42.436362,55,moderate,aerobic
120,2024-02-11 12:01:39.306009,78,moderate,aerobic
120,2024-02-15 17:58:10.868903,71,moderate,aerobic
120,2024-02-16 11:38:20.414407,75,moderate,anaerobic
120,2024-02-20 08:05:10.925972,22,moderate,mixed
120,2024-02-21 10:51:27.245060,78,high,aerobic
120,2024-02-22 09:16:02.321272,59,high,mixed
120,2024-02-24 19:16:49.561059,73,low,aerobic
120,2024-02-27 16:15:13.351203,79,moderate,aerobic
120,2024-02-28 08:23:10.634472,56,low,mixed
120,2024-02-29 09:04:39.312099,51,high,mixed
120,2024-02-29 16:40:01.244946,20,moderate,mixed
120,2024-03-01 16:21:18.949052,28,moderate,anaerobic
120,2024-03-11 17:37:02.852217,76,high,anaerobic
120,2024-03-12 08:21:44.496722,50,moderate,anaerobic
120,2024-03-13 18:58:26.312828,59,low,anaerobic
120,2024-03-17 09:20:51.678056,79,moderate,mixed
120,2024-03-18 08:49:53.875547,72,low,mixed
120,2024-03-19 07:30:45.057429,45,low,aerobic
120,2024-03-20 13:03:43.538036,68,high,mixed
120,2024-03-22 20:40:27.287916,47,moderate,anaerobic
120,2024-03-23 15:21:21.803461,32,moderate,anaerobic
120,2024-03-24 20:40:44.213149,61,low,anaerobic
120,2024-03-26 12:09:35.274820,74,moderate,aerobic
120,2024-03-28 12:03:24.891020,48,high,mixed
120,2024-03-29 08:05:14.104863,28,moderate,aerobic
120,2024-04-05 11:18:51.068652,28,low,aerobic
120,2024-04-07 21:00:19.740053,54,low,aerobic
120,2024-04-08 11:45:26.736851,78,low,mixed
120,2024-04-09 12:13:31.891259,56,moderate,mixed
120,2024-04-10 18:36:08.881631,78,moderate,anaerobic
120,2024-04-11 14:45:56.006812,64,low,mixed
120,2024-04-13 09:39:17.997292,44,moderate,mixed
120,2024-04-16 18:10:55.159164,24,moderate,mixed
120,2024-04-17 17:02:10.571291,78,moderate,aerobic
120,2024-04-18 13:37:05.096031,38,low,aerobic
120,2024-04-22 19:16:00.721994,69,moderate,aerobic
120,2024-04-23 17:45:30.749642,66,low,aerobic
120,2024-04-25 09:43:01.919235,61,high,aerobic
120,2024-04-30 18:06:27.283192,33,low,aerobic
120,2024-05-01 15:16:17.171438,79,moderate,anaerobic
120,2024-05-01 19:50:29.286253,59,high,aerobic
120,2024-05-04 16:30:33.703162,76,moderate,aerobic
120,2024-05-06 20:17:37.998487,68,low,anaerobic
120,2024-05-10 11:31:22.735934,24,high,aerobic
120,2024-05-13 11:43:50.054372,20,moderate,anaerobic
120,2024-05-15 14:49:43.109345,20,low,anaerobic
120,2024-05-17 09:53:43.511900,70,moderate,aerobic
120,2024-05-18 12:02:25.980016,30,moderate,aerobic
120,2024-05-25 16:52:23.490433,28,moderate,aerobic
120,2024-06-01 18:26:34.435732,65,moderate,aerobic
120,2024-06-02 12:13:06.814281,50,moderate,anaerobic
120,2024-06-03 09:51:39.529707,65,moderate,aerobic
120,2024-06-11 09:29:32.724101,27,moderate,aerobic
120,2024-06-13 08:39:50.553122,40,low,mixed
120,2024-06-14 09:51:04.201095,28,high,anaerobic
120,2024-06-19 11:48:13.270512,53,moderate,mixed
120,2024-06-19 13:00:49.081143,31,moderate,anaerobic
120,2024-06-22 20:09:21.033245,73,moderate,anaerobic
120,2024-06-23 18:09:32.287181,65,low,anaerobic
120,2024-06-28 09:52:41.211141,47,moderate,aerobic
120,2024-06-28 17:19:05.127919,46,low,aerobic
121,2024-01-05 17:28:26.828129,47,high,aerobic
121,2024-01-07 11:46:28.645006,48,low,aerobic
121,2024-01-11 09:04:15.820689,65,moderate,aerobic
121,2024-01-13 12:20:15.716872,34,moderate,mixed
121,2024-01-13 17:13:18.793540,73,moderate,aerobic
121,2024-01-22 12:42:25.551577,78,moderate,aerobic
121,2024-01-27 13:14:12.439925,50,moderate,anaerobic
121,2024-02-02 21:02:57.080240,48,low,anaerobic
121,2024-02-04 16:20:32.767127,33,high,aerobic
121,2024-02-08 07:53:16.239854,42,moderate,aerobic
121,2024-02-15 07:57:33.062256,42,moderate,anaerobic
121,2024-02-21 14:38:32.654504,26,moderate,mixed
121,2024-02-25 11:37:05.769420,46,low,aerobic
121,2024-02-27 09:59:48.440993,40,moderate,aerobic
121,2024-02-28 15:34:51.085987,54,high,mixed
121,2024-02-29 15:24:52.423700,60,moderate,anaerobic
121,2024-03-05 13:51:42.164978,71,high,anaerobic
121,2024-03-06 16:59:57.301199,66,moderate,mixed
121,2024-03-09 13:57:29.119081,28,moderate,aerobic
121,2024-03-20 16:28:27.420326,61,moderate,anaerobic
121,2024-03-24 09:33:28.095098,34,moderate,aerobic
121,2024-04-02 16:23:03.728399,22,moderate,mixed
121,2024-04-05 08:04:59.245529,41,high,mixed
121,2024-04-11 14:24:29.601675,67,low,mixed
121,2024-04-11 18:11:20.857013,42,moderate,anaerobic
121,2024-04-12 14:29:54.664875,25,high,aerobic
121,2024-04-17 15:12:07.528143,49,moderate,aerobic
121,2024-04-21 09:59:28.184879,25,moderate,mixed
121,2024-05-01 17:22:24.846810,34,low,mixed
121,2024-05-02 18:29:37.989296,41,high,aerobic
121,2024-05-05 09:50:13.379014,44,moderate,aerobic
121,2024-05-06 13:54:02.013903,62,moderate,anaerobic
121,2024-05-09 12:58:44.481795,71,low,aerobic
121,2024-05-13 08:57:12.458127,48,low,aerobic
121,2024-05-16 10:25:50.858780,47,high,aerobic
121,2024-05-25 14:26:49.106128,69,low,anaerobic
121,2024-05-27 08:22:19.392055,57,moderate,anaerobic
121,2024-05-30 15:09:04.531412,35,moderate,aerobic
121,2024-06-02 07:44:15.854606,43,low,anaerobic
121,2024-06-03 09:54:26.669883,22,low,aerobic
121,2024-06-06 18:25:32.230247,39,low,mixed
121,2024-06-10 07:18:50.404846,45,low,anaerobic
121,2024-06-15 10:43:04.119525,20,low,aerobic
121,2024-06-16 08:11:14.318594,26,high,aerobic
121,2024-06-17 19:59:06.618821,73,moderate,aerobic
121,2024-06-18 14:20:03.305219,24,moderate,aerobic
121,2024-06-19 15:28:46.901694,34,low,aerobic
121,2024-06-21 14:28:18.025756,47,low,mixed
121,2024-06-24 19:47:36.371274,44,low,aerobic
121,2024-06-28 11:49:45.766849,50,high,anaerobic
122,2024-01-01 11:49:17.185058,30,low,aerobic
122,2024-01-05 08:50:07.578919,35,moderate,aerobic
122,2024-01-06 19:24:13.034682,62,high,anaerobic
122,2024-01-07 15:18:51.611388,49,high,aerobic
122,2024-01-09 07:58:13.148451,71,moderate,mixed
122,2024-01-09 09:55:12.120438,53,moderate,aerobic
122,2024-01-12 11:26:40.868817,41,moderate,aerobic
122,2024-01-13 20:02:24.373509,59,moderate,aerobic
122,2024-01-16 18:49:43.292471,37,moderate,anaerobic
122,2024-01-18 11:33:21.469996,26,moderate,aerobic
122,2024-01-18 20:07:26.952974,76,moderate,mixed
122,2024-01-23 15:49:47.617045,33,high,anaerobic
122,2024-01-26 19:32:04.086772,66,high,aerobic
122,2024-01-30 13:12:55.709918,54,moderate,anaerobic
122,2024-01-31 09:55:59.134656,28,moderate,mixed
122,2024-02-01 10:24:29.807688,65,moderate,aerobic
122,2024-02-01 17:38:21.703769,58,high,mixed
122,2024-02-02 17:58:55.645506,41,moderate,aerobic
122,2024-02-03 07:30:35.679272,64,low,aerobic
122,2024-02-03 14:39:40.412720,26,low,aerobic
122,2024-02-08 20:17:59.350738,69,moderate,aerobic
122,2024-02-11 12:53:24.548391,36,low,anaerobic
122,2024-02-14 12:25:28.177326,35,moderate,mixed
122,2024-02-17 21:10:20.102241,70,moderate,aerobic
122,2024-02-18 20:36:49.720531,55,low,anaerobic
122,2024-02-21 07:25:53.352727,26,high,mixed
122,2024-02-23 07:20:54.546165,37,moderate,anaerobic
122,2024-02-27 10:59:28.150011,68,moderate,mixed
122,2024-03-03 12:37:57.731921,53,low,aerobic
122,2024-03-06 09:31:27.674585,27,moderate,mixed
122,2024-03-07 09:53:03.211796,48,low,aerobic
122,2024-03-09 08:18:11.922474,27,low,anaerobic
122,2024-03-10 11:37:52.846335,26,moderate,aerobic
122,2024-03-11 12:20:38.580578,26,moderate,mixed
122,2024-03-15 20:02:17.693881,39,moderate,aerobic
122,2024-03-16 13:00:28.311376,78,moderate,aerobic
122,2024-03-17 15:03:11.348192,63,moderate,aerobic
122,2024-03-22 10:42:18.238050,37,high,aerobic
122,2024-03-22 13:07:43.404998,78,high,mixed
122,2024-03-27 07:34:39.086574,56,low,aerobic
122,2024-04-04 07:42:04.792491,41,low,aerobic
122,2024-04-06 17:25:42.207116,25,high,aerobic
122,2024-04-07 20:36:22.393421,52,high,mixed
122,2024-04-09 18:30:44.093129,43,moderate,mixed
122,2024-04-13 09:31:09.083791,28,low,aerobic
122,2024-04-19 19:58:32.020005,43,moderate,mixed
122,2024-04-21 17:19:22.770827,24,high,mixed
122,2024-04-25 17:45:47.071418,56,low,aerobic
122,2024-04-27 07:09:20.804755,45,high,anaerobic
122,2024-04-27 07:31:50.092856,72,high,aerobic
122,2024-04-30 13:12:12.334922,29,moderate,aerobic
122,2024-05-01 12:08:59.115866,54,high,aerobic
122,2024-05-07 16:17:08.911526,20,low,mixed
122,2024-05-09 09:47:05.990297,66,high,aerobic
122,2024-05-10 14:30:37.462878,43,low,mixed
122,2024-05-12 14:54:04.410819,70,high,aerobic
122,2024-05-14 16:01:08.328639,63,moderate,aerobic
122,2024-05-17 08:20:09.643576,26,low,mixed
122,2024-05-27 19:09:56.532202,72,low,anaerobic
122,2024-05-31 16:08:59.366314,48,moderate,aerobic
122,2024-06-02 20:01:56.398422,44,low,anaerobic
122,2024-06-04 12:35:31.339462,22,moderate,mixed
122,2024-06-05 12:30:54.056766,48,low,mixed
122,2024-06-09 07:24:08.977173,74,low,aerobic
122,2024-06-14 20:35:51.582599,74,low,aerobic
122,2024-06-15 08:04:48.888253,79,moderate,mixed
122,2024-06-21 20:01:28.718316,48,moderate,anaerobic
122,2024-06-22 18:33:54.861700,49,low,aerobic
122,2024-06-24 10:44:18.800878,57,moderate,mixed
122,2024-06-25 18:16:41.268061,60,high,mixed
122,2024-06-26 19:33:51.564584,28,low,aerobic
123,2024-01-01 09:34:26.849148,61,moderate,aerobic
123,2024-01-05 16:23:42.747541,35,low,aerobic
123,2024-01-06 19:41:22.346218,76,high,anaerobic
123,2024-01-07 19:52:15.614632,69,low,aerobic
123,2024-01-08 13:11:32.638286,33,low,aerobic
123,2024-01-10 13:02:48.821993,69,low,anaerobic
123,2024-01-11 12:36:09.883200,27,high,aerobic
123,2024-01-12 11:44:51.467148,64,moderate,aerobic
123,2024-01-20 08:06:16.803475,36,moderate,aerobic
123,2024-01-24 09:40:29.527974,63,low,aerobic
123,2024-01-26 21:18:52.722925,29,low,aerobic
123,2024-02-07 09:28:01.417605,53,low,mixed
123,2024-02-08 20:04:58.242348,44,high,mixed
123,2024-02-09 15:02:04.815585,23,moderate,aerobic
123,2024-02-11 21:02:46.244199,66,low,mixed
123,2024-02-12 14:53:04.177008,36,moderate,aerobic
123,2024-02-20 10:36:40.828697,52,moderate,aerobic
123,2024-02-23 09:00:09.126567,46,high,mixed
123,2024-02-28 07:50:46.936727,41,moderate,anaerobic
123,2024-02-29 12:48:08.079747,69,low,mixed
123,2024-03-03 16:52:18.356093,65,moderate,aerobic
123,2024-03-08 20:01:54.074923,67,moderate,aerobic
123,2024-03-15 16:43:59.856455,38,moderate,aerobic
123,2024-03-24 07:43:54.027183,45,moderate,aerobic
123,2024-03-25 07:18:01.162036,73,moderate,mixed
123,2024-04-05 14:38:01.488044,57,moderate,anaerobic
123,2024-04-13 12:52:55.572606,58,low,anaerobic
123,2024-04-19 15:16:21.866402,68,moderate,mixed
123,2024-04-27 15:14:36.387583,46,moderate,aerobic
123,2024-05-01 09:50:02.192307,72,moderate,aerobic
123,2024-05-04 20:47:58.900225,32,moderate,anaerobic
123,2024-05-09 21:06:51.871087,69,moderate,anaerobic
123,2024-05-13 18:45:48.888604,30,high,aerobic
123,2024-05-22 15:36:20.075136,67,low,aerobic
123,2024-05-24 10:37:46.820682,40,high,aerobic
123,2024-05-26 19:37:24.608891,57,low,anaerobic
123,2024-05-30 21:12:37.801823,78,moderate,aerobic
123,2024-05-31 15:17:26.386241,28,high,mixed
123,2024-06-01 20:33:47.262561,50,low,mixed
123,2024-06-04 14:46:13.603390,64,moderate,anaerobic
123,2024-06-09 18:50:12.834586,66,low,mixed
123,2024-06-11 14:18:45.076058,52,moderate,aerobic
123,2024-06-15 12:19:41.002973,30,low,mixed
123,2024-06-16 13:36:13.896036,66,moderate,mixed
123,2024-06-22 18:47:22.110694,23,moderate,anaerobic
123,2024-06-25 13:33:06.000969,66,moderate,anaerobic
124,2024-01-01 17:39:00.493949,27,moderate,aerobic
124,2024-01-05 17:15:27.349589,22,low,aerobic
124,2024-01-08 09:17:31.638619,71,high,anaerobic
124,2024-01-09 12:52:30.540129,42,low,anaerobic
124,2024-01-11 09:27:27.330409,42,low,aerobic
124,2024-01-12 17:47:04.021593,27,low,anaerobic
124,2024-01-13 08:24:16.169990,30,low,mixed
124,2024-01-16 19:44:06.479248,50,moderate,aerobic
124,2024-01-19 19:43:02.652938,24,low,anaerobic
124,2024-01-20 08:28:47.611303,26,low,anaerobic
124,2024-01-20 10:03:44.281172,71,low,anaerobic
124,2024-01-22 20:36:40.462877,60,moderate,aerobic
124,2024-01-23 17:08:47.898230,69,high,aerobic
124,2024-01-23 19:21:25.411558,57,high,aerobic
124,2024-01-25 19:17:11.720712,20,low,mixed
124,2024-01-27 16:55:38.187331,75,moderate,mixed
124,2024-01-28 09:29:42.900030,58,moderate,aerobic
124,2024-01-29 15:46:15.119664,27,moderate,aerobic
124,2024-02-01 08:29:59.144608,53,moderate,mixed
124,2024-02-01 12:09:42.871449,29,moderate,aerobic
124,2024-02-04 13:44:40.786202,25,moderate,aerobic
124,2024-02-05 09:04:49.195574,67,low,mixed
124,2024-02-07 07:38:41.055007,27,low,aerobic
124,2024-02-10 19:42:22.583512,62,moderate,anaerobic
124,2024-02-11 12:40:34.102865,43,moderate,aerobic
124,2024-02-13 14:26:20.981950,76,moderate,aerobic
124,2024-02-13 19:10:30.712981,77,high,mixed
124,2024-02-15 10:55:34.957000,78,moderate,aerobic
124,2024-02-15 16:24:32.289006,46,low,anaerobic
124,2024-02-16 21:16:51.809137,77,moderate,anaerobic
124,2024-02-17 07:50:33.696514,61,moderate,aerobic
124,2024-02-17 09:40:21.415645,27,low,aerobic
124,2024-02-19 13:11:08.335605,33,moderate,anaerobic
124,2024-02-20 11:59:05.643951,75,moderate,anaerobic
124,2024-02-22 19:29:11.995550,34,moderate,anaerobic
124,2024-02-25 17:05:10.385893,30,high,aerobic
124,2024-03-03 10:47:14.304498,48,low,aerobic
124,2024-03-04 15:23:33.409108,73,high,anaerobic
124,2024-03-07 16:17:17.829759,44,low,aerobic
124,2024-03-10 19:27:15.777333,46,moderate,aerobic
124,2024-03-11 10:39:03.876113,55,low,aerobic
124,2024-03-12 09:08:44.013014,72,moderate,anaerobic
124,2024-03-15 09:43:57.547995,67,low,aerobic
124,2024-03-19 13:17:36.704872,22,high,mixed
124,2024-03-21 11:00:23.195715,79,low,aerobic
124,2024-03-22 13:08:32.203476,79,moderate,mixed
124,2024-03-23 16:24:50.790023,44,moderate,mixed
124,2024-03-25 14:10:26.559568,41,low,aerobic
124,2024-03-27 18:01:01.809872,59,low,mixed
124,2024-03-29 18:33:29.376204,37,high,mixed
124,2024-03-30 11:17:27.948107,31,moderate,aerobic
124,2024-04-02 16:34:36.150910,44,high,anaerobic
124,2024-04-04 15:29:43.848816,29,moderate,mixed
124,2024-04-06 10:19:18.422398,57,moderate,aerobic
124,2024-04-12 17:06:27.348385,35,moderate,aerobic
124,2024-04-12 18:47:34.740791,44,low,aerobic
124,2024-04-15 19:46:02.056779,44,low,anaerobic
124,2024-04-24 15:05:08.997046,51,moderate,mixed
124,2024-04-25 08:23:41.447716,44,moderate,anaerobic
124,2024-04-27 17:54:37.657543,70,moderate,aerobic
124,2024-04-28 16:22:01.462253,34,low,aerobic
124,2024-05-01 20:49:37.116381,27,high,aerobic
124,2024-05-03 10:39:13.793788,53,moderate,aerobic
124,2024-05-05 10:30:38.911629,25,high,aerobic
124,2024-05-05 12:06:12.238466,66,moderate,anaerobic
124,2024-05-09 18:40:57.408630,62,high,aerobic
124,2024-05-11 11:16:22.440543,35,moderate,mixed
124,2024-05-12 14:57:46.872679,61,low,aerobic
124,2024-05-13 13:50:29.542248,43,moderate,aerobic
124,2024-05-14 20:28:14.590127,78,moderate,aerobic
124,2024-05-16 14:41:02.048260,77,moderate,mixed
124,2024-05-16 16:10:46.032639,67,moderate,aerobic
124,2024-05-17 07:55:36.015152,58,high,aerobic
124,2024-05-18 10:16:11.667462,67,moderate,aerobic
124,2024-05-21 11:35:37.110934,54,moderate,mixed
124,2024-05-26 07:50:10.155816,78,high,mixed
124,2024-05-30 09:41:31.729860,30,moderate,mixed
124,2024-05-31 19:51:50.596235,57,low,aerobic
124,2024-06-02 11:09:06.381167,54,moderate,mixed
124,2024-06-03 14:53:26.509263,75,low,aerobic
124,2024-06-05 09:32:04.007035,55,moderate,mixed
124,2024-06-07 19:57:34.290544,47,high,anaerobic
124,2024-06-09 18:06:24.899224,57,high,mixed
124,2024-06-10 21:35:24.406557,30,high,anaerobic
124,2024-06-16 08:59:11.528769,71,low,aerobic
124,2024-06-16 14:01:43.901426,20,high,aerobic
124,2024-06-19 10:33:49.660140,49,high,mixed
124,2024-06-19 14:45:27.251856,27,moderate,aerobic
124,2024-06-20 12:09:27.069205,26,moderate,anaerobic
124,2024-06-22 10:50:05.070653,43,moderate,mixed
124,2024-06-23 19:30:40.869861,32,moderate,anaerobic
124,2024-06-25 15:50:23.278519,36,moderate,aerobic
124,2024-06-27 11:06:11.228170,76,low,aerobic
125,2024-01-02 13:44:31.033978,70,high,anaerobic
125,2024-01-02 16:44:14.893256,36,moderate,anaerobic
125,2024-01-04 14:24:23.854186,44,moderate,aerobic
125,2024-01-05 15:52:45.806112,40,moderate,aerobic
125,2024-01-06 10:46:46.227092,39,low,mixed
125,2024-01-09 13:55:15.996521,41,moderate,aerobic
125,2024-01-10 14:11:47.931334,53,low,mixed
125,2024-01-11 16:13:16.263516,22,moderate,anaerobic
125,2024-01-12 20:25:45.145225,44,low,aerobic
125,2024-01-14 07:16:30.444050,48,moderate,mixed
125,2024-01-14 08:18:08.962002,34,moderate,mixed
125,2024-01-16 14:21:29.178778,30,low,anaerobic
125,2024-01-17 09:16:17.563360,32,low,aerobic
125,2024-01-18 20:11:21.793574,48,moderate,anaerobic
125,2024-01-20 17:30:22.423747,64,low,mixed
125,2024-01-20 20:21:01.281968,50,moderate,aerobic
125,2024-01-21 12:31:41.867942,45,moderate,aerobic
125,2024-01-23 12:55:44.722026,72,high,aerobic
125,2024-01-24 13:44:53.198494,55,moderate,mixed
125,2024-01-24 17:02:53.926631,24,moderate,aerobic
125,2024-01-29 16:50:14.879535,37,moderate,aerobic
125,2024-01-29 18:05:00.841762,71,moderate,mixed
125,2024-01-30 09:05:51.295796,76,low,anaerobic
125,2024-02-02 10:09:39.461540,23,low,aerobic
125,2024-02-07 08:57:23.043961,73,moderate,mixed
125,2024-02-08 08:58:10.982106,46,moderate,aerobic
125,2024-02-09 11:15:31.785427,35,high,aerobic
125,2024-02-13 20:16:37.978452,68,low,aerobic
125,2024-02-14 07:37:48.552377,71,moderate,aerobic
125,2024-02-17 10:45:23.755352,77,high,aerobic
125,2024-02-21 08:00:03.646261,55,low,anaerobic
125,2024-02-22 20:19:46.531501,20,high,aerobic
125,2024-02-23 11:48:14.957103,69,moderate,anaerobic
125,2024-02-24 15:55:16.826335,44,low,aerobic
125,2024-02-25 14:36:58.324357,60,moderate,aerobic
125,2024-02-25 20:58:04.928437,65,low,mixed
125,2024-02-27 15:36:45.605358,22,moderate,mixed
125,2024-03-05 17:50:19.750494,61,low,anaerobic
125,2024-03-06 10:21:37.730136,52,moderate,mixed
125,2024-03-06 17:34:34.262748,61,low,anaerobic
125,2024-03-08 08:06:38.976675,21,low,aerobic
125,2024-03-17 18:29:19.860342,29,high,aerobic
125,2024-03-23 07:23:03.937125,63,low,aerobic
125,2024-03-27 20:38:04.006062,49,moderate,mixed
125,2024-03-30 12:56:42.543481,56,moderate,aerobic
125,2024-03-30 18:13:11.630277,44,high,mixed
125,2024-03-31 11:25:48.903211,30,moderate,mixed
125,2024-04-01 17:53:44.750968,75,moderate,mixed
125,2024-04-02 08:41:13.969193,71,low,mixed
125,2024-04-03 15:01:16.000951,69,moderate,aerobic
125,2024-04-03 20:45:16.455063,42,moderate,aerobic
125,2024-04-04 09:36:30.710705,36,moderate,mixed
125,2024-04-04 20:53:50.687475,77,low,aerobic
125,2024-04-05 18:22:01.337142,45,moderate,anaerobic
125,2024-04-06 08:44:35.774226,73,high,aerobic
125,2024-04-08 11:31:00.370295,51,moderate,anaerobic
125,2024-04-08 15:48:23.862254,75,moderate,mixed
125,2024-04-14 14:53:46.650593,72,moderate,mixed
125,2024-04-16 18:23:09.590489,57,moderate,mixed
125,2024-04-21 20:31:46.095857,52,moderate,aerobic
125,2024-04-21 20:58:11.975637,46,low,anaerobic
125,2024-04-23 20:16:10.685781,53,moderate,aerobic
125,2024-04-23 21:01:32.757929,29,low,aerobic
125,2024-04-24 08:17:46.310900,58,high,mixed
125,2024-04-25 08:42:48.450634,20,moderate,mixed
125,2024-04-25 11:51:36.807543,63,high,anaerobic
125,2024-04-28 20:03:18.981626,66,low,anaerobic
125,2024-04-29 10:06:10.873861,70,moderate,anaerobic
125,2024-05-01 09:53:26.889490,63,moderate,aerobic
125,2024-05-02 08:32:57.323366,55,moderate,aerobic
125,2024-05-03 19:13:42.836900,34,moderate,aerobic
125,2024-05-04 14:55:01.883680,67,moderate,aerobic
125,2024-05-05 09:19:02.866132,44,low,aerobic
125,2024-05-06 10:27:00.685732,50,moderate,aerobic
125,2024-05-07 16:18:32.817454,62,low,aerobic
125,2024-05-07 18:02:22.629718,70,moderate,anaerobic
125,2024-05-09 18:05:21.135917,74,high,aerobic
125,2024-05-10 18:20:30.687378,73,moderate,aerobic
125,2024-05-14 11:38:46.345531,66,moderate,aerobic
125,2024-05-14 13:29:22.517467,54,low,anaerobic
125,2024-05-21 11:27:37.364494,70,moderate,mixed
125,2024-05-21 20:42:25.055542,69,moderate,aerobic
125,2024-05-23 16:00:37.940514,46,moderate,mixed
125,2024-05-31 13:05:44.817939,42,moderate,mixed
125,2024-05-31 14:09:15.974040,51,low,aerobic
125,2024-06-02 13:39:35.109779,65,moderate,aerobic
125,2024-06-05 12:32:09.837992,76,high,aerobic
125,2024-06-06 09:55:06.836099,43,low,anaerobic
125,2024-06-10 15:15:01.874912,35,moderate,aerobic
125,2024-06-10 20:07:33.582157,53,low,aerobic
125,2024-06-13 18:49:43.822884,37,high,aerobic
125,2024-06-16 18:58:42.469456,35,low,mixed
125,2024-06-18 20:33:27.295761,55,moderate,mixed
125,2024-06-20 16:57:29.492663,30,low,aerobic
125,2024-06-24 14:18:16.564274,56,moderate,anaerobic
125,2024-06-24 17:46:02.819160,49,high,anaerobic
125,2024-06-26 16:54:50.121411,40,high,anaerobic
125,2024-06-28 17:28:59.389095,24,low,aerobic
126,2024-01-03 07:04:30.318613,70,moderate,mixed
126,2024-01-10 14:52:33.790029,40,low,anaerobic
126,2024-01-11 13:21:25.800660,67,moderate,anaerobic
126,2024-01-14 19:38:44.757532,34,moderate,mixed
126,2024-01-24 13:58:15.507725,47,moderate,aerobic
126,2024-01-25 15:08:38.542855,54,high,aerobic
126,2024-02-06 09:10:27.146847,34,high,anaerobic
126,2024-02-11 07:35:15.250557,68,moderate,anaerobic
126,2024-02-11 12:54:21.065822,22,low,anaerobic
126,2024-02-12 12:16:41.161962,31,moderate,aerobic
126,2024-02-14 16:52:12.789811,65,moderate,aerobic
126,2024-02-17 20:34:34.305641,36,low,anaerobic
126,2024-02-18 12:39:20.693641,73,moderate,mixed
126,2024-02-21 09:54:03.417314,29,low,mixed
126,2024-02-21 12:58:21.576561,60,low,aerobic
126,2024-02-24 14:15:57.447097,33,moderate,anaerobic
126,2024-02-25 17:29:24.953293,24,moderate,anaerobic
126,2024-02-28 20:46:17.212364,45,low,mixed
126,2024-03-01 12:31:46.264947,50,moderate,anaerobic
126,2024-03-05 21:14:40.613812,72,moderate,aerobic
126,2024-03-11 07:53:03.740906,38,high,mixed
126,2024-03-11 19:17:35.575162,62,moderate,aerobic
126,2024-03-14 15:11:02.439695,51,high,aerobic
126,2024-03-15 07:54:34.225598,68,moderate,aerobic
126,2024-03-16 11:29:06.106906,62,moderate,mixed
126,2024-03-17 12:47:54.914510,55,moderate,mixed
126,2024-03-20 13:43:50.415082,36,low,aerobic
126,2024-03-21 11:41:12.625250,20,high,aerobic
126,2024-03-23 08:57:33.389464,50,moderate,aerobic
126,2024-03-23 14:31:03.118691,56,high,aerobic
126,2024-03-24 07:46:05.079531,38,high,aerobic
126,2024-03-25 19:34:30.257796,56,moderate,aerobic
126,2024-03-26 10:22:54.331874,59,moderate,mixed
126,2024-03-26 16:50:20.612994,59,moderate,aerobic
126,2024-04-05 18:58:44.401860,78,moderate,aerobic
126,2024-04-08 13:36:54.093140,48,high,aerobic
126,2024-04-08 16:51:01.976312,29,high,aerobic
126,2024-04-09 12:45:56.240128,55,moderate,aerobic
126,2024-04-10 07:39:30.429369,30,high,aerobic
126,2024-04-11 12:30:53.278886,35,moderate,mixed
126,2024-04-16 17:50:36.006450,29,high,aerobic
126,2024-04-17 15:08:57.532095,57,moderate,mixed
126,2024-04-24 18:03:57.536970,35,low,anaerobic
126,2024-04-26 19:17:09.804532,76,high,aerobic
126,2024-04-28 13:39:33.841699,30,low,aerobic
126,2024-04-29 17:37:34.353772,21,high,mixed
126,2024-04-30 19:52:03.926005,35,high,anaerobic
126,2024-05-01 17:10:10.574246,67,moderate,anaerobic
126,2024-05-02 19:02:55.197907,48,moderate,aerobic
126,2024-05-07 09:50:03.661867,55,high,aerobic
126,2024-05-08 11:47:06.087143,37,moderate,aerobic
126,2024-05-10 19:06:15.140712,66,moderate,aerobic
126,2024-05-11 13:54:42.553323,76,moderate,aerobic
126,2024-05-16 09:54:10.851139,31,moderate,mixed
126,2024-05-20 10:15:33.212723,22,high,mixed
126,2024-05-22 12:44:39.123748,70,low,aerobic
126,2024-05-25 20:41:50.387194,78,moderate,mixed
126,2024-05-28 09:36:08.642477,77,moderate,aerobic
126,2024-05-29 09:00:08.169354,49,high,aerobic
126,2024-05-30 15:46:03.020522,66,low,anaerobic
126,2024-05-30 20:43:50.987981,38,moderate,anaerobic
126,2024-05-31 07:44:53.749679,74,moderate,mixed
126,2024-06-03 19:45:40.647871,73,moderate,anaerobic
126,2024-06-07 20:07:16.997308,44,moderate,anaerobic
126,2024-06-12 07:08:02.780451,29,moderate,aerobic
126,2024-06-13 08:59:48.250502,52,low,mixed
126,2024-06-15 14:45:53.082811,37,high,aerobic
126,2024-06-15 16:41:11.988926,38,low,aerobic
126,2024-06-16 16:04:10.000685,34,moderate,aerobic
126,2024-06-16 20:19:54.369228,57,high,aerobic
126,2024-06-17 15:59:21.945714,36,moderate,mixed
126,2024-06-21 11:58:30.501608,47,low,anaerobic
126,2024-06-23 08:49:10.679784,22,moderate,aerobic
126,2024-06-23 14:22:56.153307,40,low,anaerobic
126,2024-06-25 12:49:28.248702,41,moderate,anaerobic
126,2024-06-26 08:43:58.964407,63,low,aerobic
127,2024-01-01 19:01:00.003735,65,high,aerobic
127,2024-01-02 15:10:53.692557,26,low,mixed
127,2024-01-05 18:10:17.241037,25,moderate,aerobic
127,2024-01-06 16:00:24.384541,21,moderate,mixed
127,2024-01-07 16:56:57.538139,65,low,aerobic
127,2024-01-10 10:33:08.280174,46,moderate,mixed
127,2024-01-20 10:59:07.924370,64,moderate,aerobic
127,2024-02-01 13:45:54.559122,52,moderate,aerobic
127,2024-02-03 13:39:33.439216,53,low,anaerobic
127,2024-02-05 09:42:03.583266,75,low,aerobic
127,2024-02-08 11:54:40.578900,27,moderate,mixed
127,2024-02-15 07:49:19.242896,68,moderate,aerobic
127,2024-02-15 17:41:32.421282,25,moderate,mixed
127,2024-02-16 15:11:17.194707,66,moderate,mixed
127,2024-02-17 12:58:43.282132,74,moderate,anaerobic
127,2024-02-18 09:47:29.295284,74,moderate,aerobic
127,2024-02-19 17:47:30.174519,29,high,mixed
127,2024-02-20 13:04:58.681896,22,low,mixed
127,2024-02-21 17:06:24.630351,45,moderate,aerobic
127,2024-02-26 08:48:08.790139,41,high,aerobic
127,2024-02-28 13:08:03.543175,56,moderate,anaerobic
127,2024-02-29 12:05:42.921098,74,moderate,anaerobic
127,2024-03-05 14:06:19.415654,66,moderate,anaerobic
127,2024-03-06 08:41:45.396208,27,moderate,aerobic
127,2024-03-06 18:53:11.978110,66,low,anaerobic
127,2024-03-15 19:57:29.845817,33,moderate,anaerobic
127,2024-03-18 11:28:54.031370,49,high,aerobic
127,2024-03-19 17:19:36.231603,20,moderate,aerobic
127,2024-03-22 07:32:52.487638,33,low,anaerobic
127,2024-03-23 09:12:46.982799,34,low,anaerobic
127,2024-03-23 17:22:09.289203,24,moderate,aerobic
127,2024-03-25 16:10:45.739116,47,moderate,anaerobic
127,2024-04-01 10:06:44.867188,54,moderate,aerobic
127,2024-04-03 14:42:05.421865,24,high,aerobic
127,2024-04-05 14:15:19.134894,23,low,aerobic
127,2024-04-08 18:20:53.094207,35,moderate,aerobic
127,2024-04-09 08:55:19.361240,41,moderate,anaerobic
127,2024-04-10 09:48:07.304826,59,moderate,mixed
127,2024-04-14 16:51:37.309733,60,low,mixed
127,2024-04-15 15:16:25.430759,37,moderate,aerobic
127,2024-04-15 17:59:28.023921,76,high,mixed
127,2024-04-18 16:46:34.806854,37,high,aerobic
127,2024-04-19 16:32:23.308349,75,high,aerobic
127,2024-04-20 17:52:51.577165,60,low,anaerobic
127,2024-04-20 18:20:13.422461,66,moderate,aerobic
127,2024-04-25 09:12:13.816084,35,low,mixed
127,2024-04-26 11:12:53.717573,65,high,mixed
127,2024-05-01 15:38:05.725800,75,moderate,aerobic
127,2024-05-01 20:22:14.700528,25,moderate,aerobic
127,2024-05-03 10:56:00.415392,28,low,aerobic
127,2024-05-04 13:37:16.073760,37,moderate,aerobic
127,2024-05-11 15:34:13.557107,49,high,aerobic
127,2024-05-12 09:46:31.680285,53,moderate,aerobic
127,2024-05-14 14:33:40.867870,54,moderate,aerobic
127,2024-05-14 15:41:09.434726,63,low,aerobic
127,2024-05-16 17:23:58.788777,48,low,mixed
127,2024-05-17 08:16:26.483399,77,moderate,mixed
127,2024-05-17 12:41:27.183181,41,low,aerobic
127,2024-05-18 07:28:56.947712,42,moderate,aerobic
127,2024-05-19 20:56:29.233621,73,low,aerobic
127,2024-05-25 18:00:22.484002,30,moderate,aerobic
127,2024-05-26 18:33:12.668740,58,low,mixed
127,2024-05-27 09:53:02.527997,38,moderate,aerobic
127,2024-05-28 13:18:56.063028,70,high,aerobic
127,2024-05-28 15:38:24.666051,56,low,anaerobic
127,2024-06-03 09:06:17.766504,28,low,aerobic
127,2024-06-04 18:03:03.992640,64,low,anaerobic
127,2024-06-10 13:35:30.495637,62,moderate,anaerobic
127,2024-06-16 19:36:59.520190,23,moderate,anaerobic
127,2024-06-17 07:42:26.960802,53,moderate,aerobic
127,2024-06-19 13:18:50.080142,34,low,anaerobic
127,2024-06-21 17:40:40.247927,29,low,aerobic
127,2024-06-24 08:30:55.673858,31,low,anaerobic
127,2024-06-24 20:04:32.064692,51,low,aerobic
127,2024-06-26 14:35:21.823673,44,moderate,aerobic
127,2024-06-27 20:12:01.121565,23,moderate,aerobic
127,2024-06-27 20:22:57.364152,35,moderate,anaerobic
128,2024-01-02 20:53:44.368814,76,low,aerobic
128,2024-01-04 07:10:28.943518,20,moderate,anaerobic
128,2024-01-06 16:43:32.027526,32,low,aerobic
128,2024-01-08 19:45:36.126204,72,moderate,aerobic
128,2024-01-10 11:20:01.861692,22,low,aerobic
128,2024-01-15 08:37:55.691262,44,high,aerobic
128,2024-01-18 15:24:33.483199,54,low,anaerobic
128,2024-01-21 10:21:36.233376,70,moderate,mixed
128,2024-01-24 12:13:44.916099,78,high,aerobic
128,2024-02-02 08:03:16.807756,22,low,anaerobic
128,2024-02-03 20:37:30.432348,23,moderate,aerobic
128,2024-02-06 19:24:31.625870,47,low,anaerobic
128,2024-02-07 16:54:39.683255,27,moderate,aerobic
128,2024-02-08 14:38:11.921166,29,moderate,aerobic
128,2024-02-09 14:23:15.736723,69,low,aerobic
128,2024-02-12 16:06:02.224281,22,low,anaerobic
128,2024-02-13 18:25:24.837815,42,moderate,aerobic
128,2024-02-20 13:36:56.956214,44,high,anaerobic
128,2024-02-21 10:25:51.621261,56,high,aerobic
128,2024-02-22 07:39:10.591843,57,low,mixed
128,2024-02-23 19:15:20.404967,79,low,aerobic
128,2024-03-01 20:25:19.197609,52,moderate,aerobic
128,2024-03-03 16:39:07.208699,57,high,mixed
128,2024-03-10 17:50:15.004206,59,moderate,aerobic
128,2024-03-14 07:36:57.338600,58,moderate,anaerobic
128,2024-03-15 08:53:41.982467,64,high,aerobic
128,2024-03-16 20:39:46.397476,54,low,anaerobic
128,2024-03-20 12:22:34.407642,38,moderate,anaerobic
128,2024-03-21 09:34:35.126756,33,low,mixed
128,2024-03-24 11:06:50.998115,46,moderate,mixed
128,2024-03-26 16:49:20.530630,57,low,mixed
128,2024-03-28 13:19:42.314154,63,moderate,mixed
128,2024-04-01 18:01:18.282570,24,low,aerobic
128,2024-04-03 16:43:20.179621,61,high,mixed
128,2024-04-06 08:22:07.709461,20,moderate,aerobic
128,2024-04-06 17:09:38.987849,52,moderate,anaerobic
128,2024-04-11 13:15:48.832033,64,high,aerobic
128,2024-04-15 11:39:48.621949,45,low,aerobic
128,2024-04-23 11:05:48.802613,78,low,mixed
128,2024-04-24 16:07:40.852816,59,moderate,anaerobic
128,2024-04-27 07:10:17.144257,76,low,anaerobic
128,2024-04-29 11:49:47.873256,45,low,anaerobic
128,2024-04-30 13:03:18.733119,22,moderate,aerobic
128,2024-04-30 16:30:13.671965,36,high,aerobic
128,2024-05-02 19:28:07.795370,23,high,anaerobic
128,2024-05-04 18:02:40.215429,72,moderate,anaerobic
128,2024-05-13 18:40:45.846089,43,high,anaerobic
128,2024-05-14 10:16:30.327907,31,moderate,aerobic
128,2024-05-15 18:47:30.280707,24,moderate,mixed
128,2024-05-16 13:47:18.366013,51,moderate,aerobic
128,2024-05-16 20:06:46.422234,22,low,mixed
128,2024-05-17 11:22:31.510142,67,moderate,aerobic
128,2024-05-19 14:00:14.847076,60,low,mixed
128,2024-05-21 09:27:45.232758,67,low,anaerobic
128,2024-05-21 13:42:10.826742,23,moderate,aerobic
128,2024-05-23 14:54:26.850148,69,low,mixed
128,2024-06-04 11:40:32.640321,78,moderate,aerobic
128,2024-06-07 15:13:19.713515,61,low,anaerobic
128,2024-06-07 19:58:08.841374,31,moderate,aerobic
128,2024-06-15 13:43:36.333729,39,moderate,mixed
128,2024-06-15 14:40:31.574821,53,moderate,anaerobic
128,2024-06-16 13:51:44.237321,44,low,aerobic
128,2024-06-20 21:04:37.895054,60,moderate,anaerobic
128,2024-06-21 10:00:30.594388,43,low,aerobic
128,2024-06-23 13:35:13.685365,47,moderate,mixed
128,2024-06-25 16:04:00.316790,55,moderate,aerobic
128,2024-06-28 16:36:11.056093,62,low,aerobic
129,2024-01-02 09:02:10.975848,43,moderate,aerobic
129,2024-01-03 19:45:55.909853,26,moderate,mixed
129,2024-01-06 09:28:41.825113,65,moderate,aerobic
129,2024-01-27 10:00:13.432735,70,moderate,anaerobic
129,2024-01-29 15:44:21.815845,79,moderate,aerobic
129,2024-01-31 18:38:29.239020,49,low,anaerobic
129,2024-02-01 18:48:46.041051,37,moderate,aerobic
129,2024-02-20 20:48:52.425206,39,high,mixed
129,2024-02-20 21:01:37.380996,51,moderate,mixed
129,2024-02-24 08:10:52.798619,66,moderate,aerobic
129,2024-02-27 08:25:46.396800,51,high,aerobic
129,2024-02-29 09:35:55.727245,60,moderate,aerobic
129,2024-03-07 09:18:30.486379,41,moderate,aerobic
129,2024-03-13 14:05:13.073809,58,high,mixed
129,2024-03-18 10:18:58.219652,73,high,mixed
129,2024-03-21 10:42:44.898217,54,moderate,mixed
129,2024-04-04 09:22:40.182628,46,low,aerobic
129,2024-04-10 11:16:03.928838,44,moderate,anaerobic
129,2024-04-23 11:39:55.304007,74,high,anaerobic
129,2024-04-23 20:29:34.016942,31,moderate,anaerobic
129,2024-04-24 08:38:51.815434,79,low,aerobic
129,2024-04-25 18:41:15.502318,27,low,anaerobic
129,2024-04-29 12:08:21.391413,37,moderate,aerobic
129,2024-05-04 08:20:27.044068,67,moderate,aerobic
129,2024-05-05 19:11:41.634110,52,moderate,aerobic
129,2024-05-15 13:13:37.069587,67,moderate,anaerobic
129,2024-05-18 15:29:54.604245,61,moderate,mixed
129,2024-05-30 12:58:14.238165,58,high,mixed
129,2024-06-02 12:42:45.689105,64,moderate,aerobic
129,2024-06-03 17:33:27.640496,76,moderate,aerobic
129,2024-06-14 13:27:06.386544,39,moderate,anaerobic
129,2024-06-14 17:58:04.634687,38,moderate,anaerobic
129,2024-06-19 09:20:43.694591,26,low,anaerobic
129,2024-06-21 12:15:49.565426,47,moderate,aerobic
130,2024-01-12 16:20:54.890710,68,moderate,mixed
130,2024-01-14 12:59:53.929185,49,low,anaerobic
130,2024-01-17 12:47:44.816558,56,moderate,anaerobic
130,2024-01-18 13:51:59.018371,36,moderate,anaerobic
130,2024-01-22 12:48:32.838419,68,moderate,anaerobic
130,2024-01-23 20:38:23.840905,71,moderate,mixed
130,2024-01-24 18:41:43.288990,49,high,aerobic
130,2024-01-25 13:29:31.993985,61,high,aerobic
130,2024-01-25 17:47:13.947577,34,moderate,aerobic
130,2024-01-28 18:14:48.187776,64,low,mixed
130,2024-01-30 11:15:59.348605,38,low,aerobic
130,2024-02-01 16:06:03.856587,38,moderate,anaerobic
130,2024-02-07 08:36:10.024520,34,moderate,aerobic
130,2024-02-08 15:22:54.774486,43,high,anaerobic
130,2024-02-19 15:07:09.380198,38,moderate,aerobic
130,2024-02-19 16:04:37.037408,44,moderate,aerobic
130,2024-02-20 17:53:34.606744,44,high,anaerobic
130,2024-02-22 18:07:09.029212,46,high,aerobic
130,2024-02-23 19:27:23.250024,59,high,aerobic
130,2024-02-25 11:40:42.986325,51,low,aerobic
130,2024-02-26 17:17:36.457584,72,moderate,aerobic
130,2024-03-01 10:12:31.929798,48,moderate,aerobic
130,2024-03-04 08:22:40.240744,71,moderate,aerobic
130,2024-03-20 11:55:42.964735,44,high,aerobic
130,2024-03-23 20:58:38.871241,30,low,aerobic
130,2024-03-25 14:33:24.846489,79,moderate,aerobic
130,2024-03-27 10:44:43.278655,35,low,anaerobic
130,2024-04-05 12:09:41.277085,53,moderate,aerobic
130,2024-04-08 14:38:22.664043,40,low,aerobic
130,2024-04-09 07:44:00.842485,33,high,aerobic
130,2024-04-11 08:47:13.620245,51,moderate,anaerobic
130,2024-04-15 08:17:55.708317,47,moderate,anaerobic
130,2024-04-15 08:33:56.225376,27,moderate,aerobic
130,2024-04-17 17:24:31.333631,38,moderate,aerobic
130,2024-04-20 18:47:28.264800,46,moderate,anaerobic
130,2024-04-23 11:52:43.226792,75,low,aerobic
130,2024-04-27 17:08:06.499429,21,moderate,mixed
130,2024-04-28 12:05:10.856898,61,moderate,mixed
130,2024-05-02 17:51:14.936625,34,low,anaerobic
130,2024-05-03 10:30:34.882469,52,moderate,mixed
130,2024-05-07 11:40:51.326664,41,high,aerobic
130,2024-05-13 12:08:17.176329,31,moderate,mixed
130,2024-05-20 08:57:13.121341,74,moderate,mixed
130,2024-05-20 09:04:26.556980,42,low,aerobic
130,2024-05-22 10:27:39.375364,72,low,aerobic
130,2024-05-26 07:37:14.382477,32,high,aerobic
130,2024-05-26 09:19:13.130609,42,high,anaerobic
130,2024-05-27 17:04:23.783932,37,moderate,aerobic
130,2024-06-05 20:57:58.606864,70,low,aerobic
130,2024-06-09 20:26:00.925182,50,low,aerobic
130,2024-06-18 12:01:13.121799,68,moderate,aerobic
130,2024-06-20 15:30:07.700978,78,high,anaerobic
130,2024-06-23 17:50:45.760130,68,moderate,aerobic
130,2024-06-25 11:22:43.594516,30,low,anaerobic
130,2024-06-25 14:17:53.340867,31,low,aerobic
130,2024-06-26 17:04:41.506969,54,moderate,anaerobic
130,2024-06-27 15:48:17.922218,74,moderate,mixed
130,2024-06-28 10:59:17.023361,28,high,anaerobic
131,2024-01-06 16:23:21.858788,30,low,aerobic
131,2024-01-07 15:23:32.716162,36,moderate,mixed
131,2024-01-14 16:12:36.745241,23,moderate,aerobic
131,2024-01-15 12:17:30.823678,52,moderate,mixed
131,2024-01-16 18:43:32.241550,78,high,anaerobic
131,2024-01-20 09:22:20.589516,75,moderate,aerobic
131,2024-02-06 08:14:51.782127,29,low,mixed
131,2024-02-07 12:09:11.060619,27,low,aerobic
131,2024-02-10 18:59:21.137413,52,low,aerobic
131,2024-02-13 09:41:29.774945,26,high,aerobic
131,2024-02-16 19:10:20.904305,29,moderate,anaerobic
131,2024-02-19 15:46:57.356706,67,moderate,aerobic
131,2024-02-24 14:43:01.948260,63,moderate,mixed
131,2024-02-25 12:01:07.514408,22,moderate,mixed
131,2024-02-27 19:32:51.790829,78,moderate,aerobic
131,2024-02-28 13:38:00.869844,72,low,anaerobic
131,2024-03-01 11:32:07.597108,76,moderate,aerobic
131,2024-03-06 07:50:13.374894,21,low,mixed
131,2024-03-10 11:08:12.513626,39,low,aerobic
131,2024-03-29 20:55:34.303657,29,moderate,aerobic
131,2024-04-01 20:36:17.762605,30,low,anaerobic
131,2024-04-06 09:32:45.550266,35,low,anaerobic
131,2024-04-08 13:51:29.244220,26,low,anaerobic
131,2024-04-16 18:51:09.926164,70,moderate,aerobic
131,2024-04-21 15:25:36.477760,62,low,mixed
131,2024-04-24 09:14:09.883126,74,low,mixed
131,2024-04-24 18:48:59.250855,54,high,anaerobic
131,2024-04-25 13:51:32.368205,57,low,anaerobic
131,2024-04-26 12:10:49.140412,64,high,aerobic
131,2024-04-27 15:47:58.637065,39,low,aerobic
131,2024-04-30 11:21:35.807355,51,low,aerobic
131,2024-05-02 17:45:11.642370,73,moderate,mixed
131,2024-05-03 12:20:50.674129,78,low,aerobic
131,2024-05-09 14:39:07.633570,57,moderate,mixed
131,2024-05-12 17:20:41.885459,25,moderate,aerobic
131,2024-05-15 12:38:00.375675,26,low,mixed
131,2024-05-17 12:13:12.999963,27,moderate,aerobic
131,2024-05-18 07:19:59.431528,39,low,aerobic
131,2024-05-18 19:30:28.978499,76,moderate,aerobic
131,2024-05-24 12:27:28.191946,21,moderate,aerobic
131,2024-05-27 12:50:29.920509,35,moderate,aerobic
131,2024-05-27 21:00:55.097369,59,low,mixed
131,2024-05-29 07:39:41.270116,51,high,aerobic
131,2024-06-02 17:24:48.532606,40,moderate,aerobic
131,2024-06-04 15:55:20.524914,21,high,mixed
131,2024-06-06 17:40:39.804584,41,high,aerobic
131,2024-06-13 17:35:41.649932,43,moderate,anaerobic
131,2024-06-17 12:51:03.129851,54,moderate,aerobic
131,2024-06-17 15:44:22.954285,40,moderate,mixed
131,2024-06-18 18:40:54.471701,68,moderate,anaerobic
131,2024-06-20 08:22:35.967427,58,low,aerobic
131,2024-06-24 08:47:22.039641,42,moderate,aerobic
132,2024-01-04 18:23:04.150382,56,moderate,aerobic
132,2024-01-07 18:31:57.136458,23,moderate,mixed
132,2024-01-13 17:15:01.218827,37,high,aerobic
132,2024-01-18 20:19:41.546672,64,moderate,mixed
132,2024-01-21 19:58:39.352432,29,moderate,anaerobic
132,2024-01-21 20:08:35.653187,75,low,mixed
132,2024-01-23 07:50:04.345076,25,low,mixed
132,2024-01-23 15:32:45.489590,31,moderate,anaerobic
132,2024-01-29 11:47:45.779403,40,low,aerobic
132,2024-01-31 09:47:14.529167,27,moderate,mixed
132,2024-02-06 12:26:24.638231,30,high,anaerobic
132,2024-02-11 12:20:59.141382,56,low,mixed
132,2024-02-14 09:07:32.375760,73,moderate,aerobic
132,2024-02-24 18:21:13.694926,26,low,aerobic
132,2024-03-06 07:32:42.219338,77,low,aerobic
132,2024-03-07 20:05:02.529127,71,high,aerobic
132,2024-03-08 19:40:11.617815,72,moderate,aerobic
132,2024-03-10 11:34:37.157200,43,moderate,anaerobic
132,2024-03-16 11:46:19.334086,55,moderate,anaerobic
132,2024-03-23 13:54:09.191230,43,high,aerobic
132,2024-03-23 17:40:54.433020,23,low,mixed
132,2024-03-24 19:48:15.673359,70,moderate,anaerobic
132,2024-03-29 14:53:08.398154,33,low,aerobic
132,2024-03-30 10:07:48.200105,54,low,mixed
132,2024-03-30 13:30:52.397288,42,moderate,anaerobic
132,2024-04-01 12:40:15.257949,25,moderate,aerobic
132,2024-04-03 15:10:07.085511,40,moderate,anaerobic
132,2024-04-07 17:28:37.781539,52,high,mixed
132,2024-04-14 17:35:26.414398,47,moderate,mixed
132,2024-04-17 14:49:55.197179,69,high,mixed
132,2024-04-22 19:38:58.584503,60,moderate,aerobic
132,2024-05-01 14:21:21.869823,31,moderate,mixed
132,2024-05-02 12:05:15.172769,70,moderate,aerobic
132,2024-05-04 20:40:00.146735,39,high,aerobic
132,2024-05-05 19:08:38.565268,51,low,aerobic
132,2024-05-08 09:48:08.289182,55,moderate,aerobic
132,2024-05-11 14:03:23.473265,47,moderate,aerobic
132,2024-05-19 20:19:17.992124,35,moderate,aerobic
132,2024-05-21 17:52:27.193651,57,moderate,aerobic
132,2024-05-29 17:02:25.946128,56,moderate,anaerobic
132,2024-06-07 11:23:46.964301,62,moderate,anaerobic
132,2024-06-08 11:28:23.733588,44,low,anaerobic
132,2024-06-09 09:36:07.623414,68,high,aerobic
132,2024-06-11 13:05:16.590290,35,moderate,anaerobic
132,2024-06-14 09:00:39.657977,62,moderate,anaerobic
132,2024-06-15 12:59:37.065992,26,moderate,aerobic
132,2024-06-15 18:27:48.580132,66,moderate,aerobic
132,2024-06-23 10:11:33.329747,28,low,aerobic
132,2024-06-24 17:33:51.658993,26,moderate,aerobic
132,2024-06-26 14:21:54.452502,20,moderate,aerobic
132,2024-06-28 08:34:23.601764,49,moderate,mixed
133,2024-01-01 09:39:45.106052,36,high,aerobic
133,2024-01-01 16:22:06.973710,21,moderate,anaerobic
133,2024-01-03 07:46:16.246026,36,high,mixed
133,2024-01-04 14:55:07.770815,47,moderate,aerobic
133,2024-01-12 15:49:27.325709,55,moderate,aerobic
133,2024-01-13 13:03:10.214882,62,low,aerobic
133,2024-01-19 14:10:21.171751,46,high,anaerobic
133,2024-01-19 17:15:27.487129,45,low,aerobic
133,2024-01-20 17:00:15.543696,58,moderate,anaerobic
133,2024-01-21 20:56:16.085366,79,moderate,aerobic
133,2024-01-23 16:45:40.739146,66,moderate,mixed
133,2024-01-24 13:46:08.325797,48,moderate,aerobic
133,2024-01-27 09:51:31.256342,70,moderate,anaerobic
133,2024-01-28 07:28:24.007513,68,moderate,mixed
133,2024-01-29 10:16:51.156741,59,low,mixed
133,2024-02-01 19:54:35.872228,78,low,aerobic
133,2024-02-02 12:43:12.158353,73,moderate,anaerobic
133,2024-02-12 10:41:55.341605,49,moderate,anaerobic
133,2024-02-12 12:12:26.320027,64,moderate,aerobic
133,2024-02-15 10:55:41.655072,32,high,mixed
133,2024-02-29 12:34:05.682488,34,low,aerobic
133,2024-03-11 20:12:48.957404,30,moderate,aerobic
133,2024-03-12 10:53:19.067726,44,low,anaerobic
133,2024-03-18 12:46:28.319455,66,low,aerobic
133,2024-03-19 12:19:06.092238,79,low,mixed
133,2024-03-21 07:10:40.553816,21,moderate,mixed
133,2024-03-22 19:28:47.070090,64,low,aerobic
133,2024-03-27 19:13:03.686084,68,high,mixed
133,2024-03-28 16:14:52.435855,68,low,aerobic
133,2024-03-29 19:08:28.480340,42,moderate,aerobic
133,2024-03-30 12:50:35.223678,21,moderate,aerobic
133,2024-04-01 20:30:34.353532,51,moderate,aerobic
133,2024-04-04 07:52:12.336232,42,high,mixed
133,2024-04-04 10:07:40.029463,34,low,mixed
133,2024-04-09 07:09:19.729988,30,high,aerobic
133,2024-04-10 19:39:18.381626,44,high,mixed
133,2024-04-13 10:03:37.700146,21,low,anaerobic
133,2024-04-20 13:51:12.535581,77,moderate,mixed
133,2024-04-25 18:48:20.892184,26,moderate,aerobic
133,2024-04-30 13:12:51.367876,71,moderate,aerobic
133,2024-05-03 10:27:19.366003,25,moderate,aerobic
133,2024-05-03 18:42:45.774097,64,high,aerobic
133,2024-05-10 16:02:58.666177,44,high,mixed
133,2024-05-11 09:07:16.781314,24,moderate,anaerobic
133,2024-05-13 13:36:52.223148,52,moderate,mixed
133,2024-05-17 17:06:11.952773,72,low,mixed
133,2024-05-19 20:38:58.637244,30,low,aerobic
133,2024-05-20 11:25:34.076295,69,low,aerobic
133,2024-05-22 18:34:41.934565,49,low,mixed
133,2024-05-23 09:14:56.860195,71,moderate,anaerobic
133,2024-05-28 08:07:30.732875,21,moderate,anaerobic
133,2024-05-28 14:29:17.404649,62,moderate,mixed
133,2024-05-29 20:38:45.367902,38,moderate,mixed
133,2024-06-03 21:08:53.932181,73,moderate,aerobic
133,2024-06-04 14:48:30.809631,73,moderate,aerobic
133,2024-06-04 19:45:03.990359,57,moderate,mixed
133,2024-06-05 16:23:02.763051,34,moderate,aerobic
133,2024-06-07 14:09:15.111581,26,high,anaerobic
133,2024-06-07 15:01:14.951941,78,moderate,aerobic
134,2024-01-02 15:37:21.176454,48,moderate,aerobic
134,2024-01-03 07:37:11.377162,67,moderate,anaerobic
134,2024-01-05 17:45:08.643830,36,low,anaerobic
134,2024-01-06 15:16:03.391671,38,moderate,anaerobic
134,2024-01-28 21:01:24.022353,36,low,mixed
134,2024-02-09 13:04:47.385620,48,high,anaerobic
134,2024-02-10 17:30:14.102165,51,moderate,aerobic
134,2024-02-11 07:35:21.730019,23,moderate,aerobic
134,2024-02-12 14:07:43.550202,59,moderate,aerobic
134,2024-02-14 18:56:03.987940,20,low,aerobic
134,2024-02-16 11:12:11.976815,56,low,aerobic
134,2024-02-18 12:09:08.013701,73,high,anaerobic
134,2024-02-21 15:38:49.277193,34,moderate,anaerobic
134,2024-02-26 07:15:23.832526,28,moderate,aerobic
134,2024-02-27 19:33:11.047228,51,moderate,aerobic
134,2024-02-28 15:12:25.012475,36,low,aerobic
134,2024-03-05 10:25:53.162071,67,moderate,mixed
134,2024-03-11 09:43:27.332672,60,moderate,anaerobic
134,2024-03-15 09:38:49.667200,32,low,mixed
134,2024-03-17 11:36:56.872023,21,moderate,aerobic
134,2024-03-17 19:09:09.603761,71,moderate,anaerobic
134,2024-03-19 09:43:03.805506,67,moderate,aerobic
134,2024-03-21 16:19:19.713163,28,moderate,mixed
134,2024-03-23 08:07:07.603567,51,low,mixed
134,2024-03-24 08:26:40.578491,38,low,anaerobic
134,2024-03-26 18:02:42.747257,71,moderate,anaerobic
134,2024-03-28 08:48:25.978873,76,moderate,aerobic
134,2024-03-29 09:46:52.916678,41,low,aerobic
134,2024-03-30 11:44:25.190978,40,moderate,mixed
134,2024-04-05 08:29:13.496525,37,moderate,aerobic
134,2024-04-05 08:41:24.794828,47,moderate,aerobic
134,2024-04-06 20:14:04.060831,62,low,aerobic
134,2024-04-14 13:13:35.979276,35,low,aerobic
134,2024-04-17 07:34:07.661002,20,low,mixed
134,2024-04-17 16:17:35.736817,21,low,aerobic
134,2024-04-18 11:32:31.365000,42,moderate,mixed
134,2024-04-21 08:21:35.448163,61,high,aerobic
134,2024-05-02 07:41:24.201979,65,moderate,anaerobic
134,2024-05-03 10:07:54.884932,58,moderate,aerobic
134,2024-05-06 11:35:36.714300,53,high,aerobic
134,2024-05-07 10:26:35.343695,48,low,mixed
134,2024-05-08 17:24:41.613183,33,low,anaerobic
134,2024-05-31 20:12:43.310551,38,moderate,aerobic
134,2024-06-01 18:05:33.641291,75,low,aerobic
134,2024-06-06 15:39:16.186049,66,low,aerobic
134,2024-06-10 09:29:51.379507,40,moderate,anaerobic
134,2024-06-11 14:52:05.188935,73,low,aerobic
134,2024-06-11 15:42:14.854291,58,moderate,aerobic
134,2024-06-12 11:57:40.000300,53,moderate,anaerobic
134,2024-06-14 07:33:38.521645,55,low,anaerobic
134,2024-06-14 12:07:16.868041,70,low,aerobic
134,2024-06-15 07:32:31.043736,69,high,mixed
134,2024-06-20 11:06:16.517985,63,high,mixed
134,2024-06-21 09:22:32.716224,68,moderate,aerobic
134,2024-06-24 12:35:51.966928,44,high,mixed
134,2024-06-25 11:31:46.506415,26,moderate,mixed
134,2024-06-28 14:08:15.794559,39,moderate,aerobic
134,2024-06-28 19:23:20.086118,20,moderate,anaerobic
135,2024-01-01 07:47:05.106463,75,moderate,anaerobic
135,2024-01-05 13:04:40.385041,43,moderate,mixed
135,2024-01-12 13:42:06.345875,37,moderate,anaerobic
135,2024-01-14 20:14:34.141194,24,low,mixed
135,2024-01-15 17:14:06.525634,78,low,aerobic
135,2024-01-17 16:09:55.435269,32,moderate,anaerobic
135,2024-01-18 10:50:33.280651,71,low,aerobic
135,2024-01-20 13:18:15.574365,48,high,mixed
135,2024-01-28 21:00:06.426631,76,low,aerobic
135,2024-01-31 08:36:22.808518,62,low,aerobic
135,2024-02-05 07:28:24.900751,48,moderate,anaerobic
135,2024-02-08 16:41:08.795716,72,moderate,mixed
135,2024-02-12 11:50:24.597834,65,high,anaerobic
135,2024-02-14 18:43:56.056674,23,low,aerobic
135,2024-02-15 15:01:47.433349,40,moderate,anaerobic
135,2024-02-20 20:35:26.061671,60,high,mixed
135,2024-02-22 13:01:59.415052,27,high,mixed
135,2024-02-23 20:55:08.297991,40,low,aerobic
135,2024-02-24 13:32:06.981028,62,low,aerobic
135,2024-02-25 11:23:52.836108,38,low,anaerobic
135,2024-02-26 12:35:22.537578,55,low,anaerobic
135,2024-02-26 18:28:29.319865,66,low,aerobic
135,2024-02-29 17:55:33.374216,61,low,aerobic
135,2024-03-04 10:38:44.886030,77,moderate,aerobic
135,2024-03-05 18:20:08.494669,46,moderate,mixed
135,2024-03-06 08:58:15.431273,32,moderate,aerobic
135,2024-03-07 16:22:11.191578,56,moderate,aerobic
135,2024-03-10 14:12:51.394048,24,moderate,mixed
135,2024-03-14 17:31:49.957599,58,moderate,anaerobic
135,2024-03-15 08:00:39.549970,36,low,mixed
135,2024-03-19 17:26:11.821321,54,moderate,aerobic
135,2024-03-22 16:14:43.367885,68,moderate,aerobic
135,2024-03-23 09:10:48.785689,61,moderate,mixed
135,2024-03-24 18:05:40.038721,57,low,mixed
135,2024-03-25 12:43:13.636645,65,low,mixed
135,2024-03-26 07:32:00.656279,20,moderate,aerobic
135,2024-03-28 19:48:39.550129,51,moderate,mixed
135,2024-03-29 20:59:24.680183,52,low,aerobic
135,2024-03-30 19:32:22.668299,52,moderate,aerobic
135,2024-04-09 08:24:19.636239,20,moderate,aerobic
135,2024-04-10 13:55:31.859809,39,moderate,aerobic
135,2024-04-17 08:20:53.609151,56,high,aerobic
135,2024-04-23 19:13:36.372832,41,high,mixed
135,2024-04-26 07:55:22.761426,68,moderate,mixed
135,2024-04-29 10:20:15.851652,44,low,aerobic
135,2024-04-29 14:13:52.557551,22,moderate,anaerobic
135,2024-05-02 10:00:58.852357,54,moderate,aerobic
135,2024-05-07 10:47:17.330655,29,moderate,anaerobic
135,2024-05-12 12:25:41.597000,41,moderate,aerobic
135,2024-05-12 13:30:27.699901,40,high,aerobic
135,2024-05-14 12:51:24.660263,24,moderate,aerobic
135,2024-05-20 15:15:15.042018,52,moderate,aerobic
135,2024-05-22 20:46:05.550515,59,high,anaerobic
135,2024-05-30 11:40:15.556706,57,moderate,anaerobic
135,2024-06-03 10:25:28.399763,32,low,aerobic
135,2024-06-05 18:04:03.123616,74,low,aerobic
135,2024-06-15 14:24:40.525485,61,moderate,aerobic
135,2024-06-19 12:18:11.247467,46,moderate,anaerobic
135,2024-06-23 08:49:55.795835,29,moderate,aerobic
136,2024-01-02 13:34:31.428076,76,moderate,mixed
136,2024-01-10 14:27:54.021710,49,moderate,mixed
136,2024-01-11 10:59:03.312380,36,moderate,anaerobic
136,2024-01-13 19:42:24.529052,23,moderate,anaerobic
136,2024-01-14 16:09:14.109621,78,moderate,aerobic
136,2024-01-16 15:21:40.286038,52,low,anaerobic
136,2024-01-17 14:08:13.519643,44,high,aerobic
136,2024-01-18 12:34:01.333938,47,low,anaerobic
136,2024-01-19 11:02:39.259365,42,low,aerobic
136,2024-01-21 11:40:40.105057,74,high,anaerobic
136,2024-01-22 11:50:05.328911,70,high,anaerobic
136,2024-01-23 15:28:05.843186,21,low,aerobic
136,2024-01-25 12:21:23.690055,43,low,mixed
136,2024-01-28 10:28:19.782308,53,moderate,anaerobic
136,2024-01-28 20:18:00.814532,52,moderate,mixed
136,2024-01-29 16:29:47.495934,25,moderate,anaerobic
136,2024-01-31 12:20:24.780127,54,moderate,mixed
136,2024-01-31 13:01:08.155531,54,low,anaerobic
136,2024-02-06 17:25:00.010132,73,low,anaerobic
136,2024-02-09 17:43:01.178604,47,low,mixed
136,2024-02-13 12:21:56.578341,61,moderate,mixed
136,2024-02-13 13:26:42.800893,73,low,aerobic
136,2024-02-15 20:33:40.152075,59,moderate,aerobic
136,2024-02-16 07:17:39.185132,49,moderate,anaerobic
136,2024-02-17 18:40:11.613402,41,moderate,anaerobic
136,2024-02-18 20:18:11.193558,73,low,aerobic
136,2024-02-19 08:56:40.213444,31,moderate,aerobic
136,2024-02-20 12:57:16.812238,47,moderate,aerobic
136,2024-02-20 19:33:11.119977,33,high,aerobic
136,2024-02-21 12:43:13.544948,57,moderate,aerobic
136,2024-02-21 16:16:10.586815,60,low,mixed
136,2024-02-25 21:05:53.097205,67,moderate,aerobic
136,2024-02-29 10:51:09.830848,52,low,anaerobic
136,2024-02-29 15:42:30.500683,37,low,mixed
136,2024-03-02 07:56:12.666887,37,high,mixed
136,2024-03-03 18:03:40.723771,67,moderate,anaerobic
136,2024-03-05 08:26:54.306687,41,moderate,mixed
136,2024-03-07 08:26:49.315126,73,moderate,anaerobic
136,2024-03-10 10:01:12.112386,51,moderate,aerobic
136,2024-03-10 11:10:14.379690,22,high,mixed
136,2024-03-14 19:32:30.796290,24,low,aerobic
136,2024-03-15 12:49:52.608232,50,moderate,aerobic
136,2024-03-16 13:00:14.759335,25,high,aerobic
136,2024-03-20 17:04:49.665035,55,low,mixed
136,2024-03-22 11:38:50.099752,43,high,aerobic
136,2024-03-23 09:22:20.434486,35,high,anaerobic
136,2024-03-23 13:17:51.692758,59,high,aerobic
136,2024-03-24 18:23:51.693632,25,low,mixed
136,2024-03-25 20:59:42.303123,55,moderate,mixed
136,2024-03-26 07:47:43.638962,37,low,aerobic
136,2024-04-01 11:33:15.432025,27,moderate,aerobic
136,2024-04-04 12:26:32.909835,76,moderate,anaerobic
136,2024-04-05 13:17:49.947401,45,moderate,aerobic
136,2024-04-06 19:23:00.124360,63,moderate,aerobic
136,2024-04-07 09:00:31.738698,25,moderate,mixed
136,2024-04-14 11:31:43.874303,71,moderate,aerobic
136,2024-04-23 07:28:27.108250,66,low,aerobic
136,2024-04-23 13:26:51.516738,46,moderate,aerobic
136,2024-04-24 08:25:00.721578,65,moderate,mixed
136,2024-04-27 19:20:51.596147,47,moderate,aerobic
136,2024-04-28 10:25:22.516131,68,low,anaerobic
136,2024-04-29 09:42:38.834398,76,moderate,aerobic
136,2024-04-29 11:36:15.561913,61,moderate,mixed
136,2024-05-02 18:48:42.074571,24,low,aerobic
136,2024-05-04 12:25:52.999314,24,moderate,mixed
136,2024-05-09 20:42:10.504612,67,high,aerobic
136,2024-05-10 12:39:23.352859,31,moderate,mixed
136,2024-05-15 11:32:29.188271,28,moderate,mixed
136,2024-05-19 13:29:12.420932,74,low,anaerobic
136,2024-05-20 10:40:49.667778,54,low,anaerobic
136,2024-05-23 18:52:45.566829,73,moderate,aerobic
136,2024-05-24 19:30:59.401047,60,high,aerobic
136,2024-05-24 20:44:12.744288,35,low,anaerobic
136,2024-05-26 11:13:59.646119,36,high,mixed
136,2024-05-28 16:20:25.888740,53,moderate,anaerobic
136,2024-05-29 16:20:26.191944,60,high,aerobic
136,2024-05-30 13:42:57.659926,60,low,aerobic
136,2024-06-07 20:37:57.122737,46,low,aerobic
136,2024-06-08 16:03:26.227972,36,high,anaerobic
136,2024-06-09 19:09:35.669184,68,low,anaerobic
136,2024-06-09 19:38:39.263235,64,moderate,aerobic
136,2024-06-11 09:19:54.815010,68,moderate,aerobic
136,2024-06-12 18:38:33.680723,33,high,aerobic
136,2024-06-14 19:10:56.795385,37,low,aerobic
136,2024-06-15 18:57:13.161430,75,low,anaerobic
136,2024-06-17 16:27:53.606345,67,moderate,aerobic
136,2024-06-20 15:09:17.468437,37,high,mixed
136,2024-06-20 18:54:30.604058,35,moderate,aerobic
136,2024-06-21 07:10:50.317196,29,moderate,aerobic
136,2024-06-21 13:02:15.542135,60,low,aerobic
136,2024-06-23 15:10:11.166825,33,moderate,aerobic
136,2024-06-24 13:26:33.498049,44,low,anaerobic
136,2024-06-24 17:50:54.586349,42,moderate,aerobic
136,2024-06-25 11:24:58.471872,65,low,mixed
136,2024-06-26 19:24:22.063333,65,high,anaerobic
137,2024-01-06 17:03:01.458765,76,high,anaerobic
137,2024-01-08 17:12:41.122051,49,moderate,aerobic
137,2024-01-11 10:48:30.184103,67,high,aerobic
137,2024-01-13 18:50:07.588442,61,moderate,mixed
137,2024-01-18 12:12:04.926925,45,low,anaerobic
137,2024-01-18 17:52:09.660168,22,moderate,anaerobic
137,2024-01-19 17:10:09.047384,70,moderate,anaerobic
137,2024-01-26 17:09:24.561025,58,moderate,aerobic
137,2024-02-07 18:04:25.893477,69,low,mixed
137,2024-02-09 09:31:23.973293,65,moderate,anaerobic
137,2024-02-14 18:48:31.914668,74,high,aerobic
137,2024-02-15 15:49:48.623793,65,low,mixed
137,2024-02-18 07:32:10.319414,52,low,mixed
137,2024-02-24 08:16:34.123057,79,moderate,aerobic
137,2024-02-25 17:58:54.837564,75,high,aerobic
137,2024-03-04 20:17:46.654026,39,moderate,mixed
137,2024-03-05 16:12:00.201881,60,high,aerobic
137,2024-03-09 17:28:23.368006,56,moderate,mixed
137,2024-03-20 13:44:27.016962,42,moderate,aerobic
137,2024-03-21 11:01:03.844495,51,low,anaerobic
137,2024-03-21 14:58:44.681410,69,moderate,mixed
137,2024-03-27 13:44:03.833030,72,low,aerobic
137,2024-03-28 09:21:08.273007,29,moderate,aerobic
137,2024-03-28 14:03:59.361844,50,moderate,aerobic
137,2024-03-30 13:35:35.811915,21,moderate,anaerobic
137,2024-03-31 14:40:40.482558,47,moderate,aerobic
137,2024-04-01 10:05:51.454747,72,moderate,mixed
137,2024-04-05 07:29:39.943604,63,moderate,aerobic
137,2024-04-05 16:23:55.885984,69,low,aerobic
137,2024-04-06 15:11:14.661131,33,moderate,aerobic
137,2024-04-09 16:11:31.497130,21,low,aerobic
137,2024-04-13 18:19:40.006792,26,high,aerobic
137,2024-04-15 14:37:25.674836,56,moderate,aerobic
137,2024-04-15 19:37:11.215687,42,moderate,anaerobic
137,2024-04-20 12:21:52.328370,36,moderate,aerobic
137,2024-04-21 09:26:06.855166,46,moderate,aerobic
137,2024-04-27 18:56:27.660996,67,moderate,anaerobic
137,2024-05-06 13:26:07.326567,76,moderate,aerobic
137,2024-05-09 14:20:55.327276,76,high,anaerobic
137,2024-05-09 15:26:02.958499,37,moderate,mixed
137,2024-05-14 20:49:01.876101,48,moderate,mixed
137,2024-05-15 08:31:11.796429,73,moderate,aerobic
137,2024-05-23 12:57:36.616082,57,moderate,aerobic
137,2024-06-01 14:34:32.322156,30,moderate,anaerobic
137,2024-06-04 10:51:48.973070,79,high,anaerobic
137,2024-06-04 12:37:17.897111,73,low,aerobic
137,2024-06-06 12:46:47.152023,20,low,anaerobic
137,2024-06-06 13:43:26.494108,28,moderate,anaerobic
137,2024-06-08 13:25:36.204953,30,low,aerobic
137,2024-06-09 10:57:08.407569,54,moderate,aerobic
137,2024-06-15 12:48:51.346761,57,high,anaerobic
137,2024-06-16 17:21:34.298968,41,moderate,mixed
137,2024-06-18 16:03:48.378951,74,moderate,aerobic
137,2024-06-20 14:42:31.594984,73,low,aerobic
137,2024-06-22 20:07:46.297152,55,moderate,mixed
137,2024-06-23 21:12:53.261335,22,high,mixed
137,2024-06-24 17:21:26.690989,62,high,aerobic
137,2024-06-27 16:34:57.676833,76,moderate,mixed
138,2024-01-04 11:35:18.486299,21,moderate,aerobic
138,2024-01-04 15:08:44.220379,60,low,aerobic
138,2024-01-05 09:19:31.719623,64,moderate,aerobic
138,2024-01-08 17:02:17.213370,25,moderate,aerobic
138,2024-01-09 15:33:22.822474,55,low,anaerobic
138,2024-01-12 12:55:05.391635,70,high,aerobic
138,2024-01-14 11:35:21.960998,57,moderate,aerobic
138,2024-01-17 08:10:24.854644,66,low,mixed
138,2024-01-17 17:27:04.497135,26,high,anaerobic
138,2024-01-23 19:55:40.019866,56,moderate,aerobic
138,2024-01-25 15:54:28.647420,29,moderate,aerobic
138,2024-01-27 14:59:40.341970,30,moderate,aerobic
138,2024-01-27 17:25:52.560043,65,moderate,aerobic
138,2024-01-30 15:22:05.015745,69,low,mixed
138,2024-01-30 19:07:37.540068,62,high,mixed
138,2024-01-31 11:30:08.496574,29,low,aerobic
138,2024-02-02 20:18:18.169332,38,moderate,aerobic
138,2024-02-05 12:23:12.139524,29,low,aerobic
138,2024-02-05 19:35:49.105157,59,moderate,aerobic
138,2024-02-07 13:26:23.812530,25,moderate,aerobic
138,2024-02-07 16:04:15.367848,53,moderate,aerobic
138,2024-02-08 09:09:09.919370,28,high,anaerobic
138,2024-02-13 20:05:50.485906,56,low,aerobic
138,2024-02-14 14:36:24.980870,72,moderate,anaerobic
138,2024-02-18 13:11:11.512856,21,low,aerobic
138,2024-02-18 15:42:37.459986,77,high,mixed
138,2024-02-19 16:31:35.125287,36,moderate,aerobic
138,2024-02-21 17:59:34.899454,21,low,aerobic
138,2024-02-23 17:32:51.414912,75,moderate,mixed
138,2024-02-24 19:22:30.273745,53,moderate,mixed
138,2024-02-25 08:28:54.297060,34,low,aerobic
138,2024-02-25 20:18:38.484582,78,moderate,aerobic
138,2024-02-27 18:53:25.042086,47,low,mixed
138,2024-03-04 11:52:14.684063,76,low,aerobic
138,2024-03-04 17:42:03.198636,27,high,aerobic
138,2024-03-08 09:02:11.213750,52,high,mixed
138,2024-03-11 15:58:27.318844,37,moderate,aerobic
138,2024-03-12 18:05:15.478935,21,moderate,mixed
138,2024-03-15 18:56:00.510523,37,moderate,mixed
138,2024-03-16 14:37:26.625488,23,low,anaerobic
138,2024-03-17 11:08:18.739378,49,high,anaerobic
138,2024-03-18 17:46:39.547868,46,low,mixed
138,2024-03-24 18:35:51.983975,24,low,mixed
138,2024-03-25 17:05:21.225211,73,low,aerobic
138,2024-03-26 18:42:15.972443,76,moderate,aerobic
138,2024-03-27 19:53:24.844881,75,low,mixed
138,2024-03-27 20:35:11.647225,71,moderate,mixed
138,2024-03-28 11:34:59.285554,57,low,anaerobic
138,2024-03-29 07:26:57.954890,74,low,aerobic
138,2024-03-31 13:43:58.132161,45,low,aerobic
138,2024-04-01 10:42:50.263445,55,moderate,anaerobic
138,2024-04-02 10:08:18.195683,71,moderate,aerobic
138,2024-04-03 07:35:27.051713,65,high,anaerobic
138,2024-04-07 17:04:59.309994,74,low,mixed
138,2024-04-07 20:43:23.846204,57,high,aerobic
138,2024-04-09 10:14:24.699818,35,moderate,aerobic
138,2024-04-11 15:45:55.754213,39,low,aerobic
138,2024-04-11 18:30:55.488296,64,low,aerobic
138,2024-04-15 18:44:44.861764,43,low,aerobic
138,2024-04-16 12:18:17.593755,70,moderate,aerobic
138,2024-04-17 10:39:41.414090,33,moderate,aerobic
138,2024-04-21 12:07:07.532048,34,moderate,aerobic
138,2024-04-23 11:51:32.829527,31,moderate,anaerobic
138,2024-04-24 13:50:42.308737,35,moderate,mixed
138,2024-04-25 12:31:43.117108,35,moderate,aerobic
138,2024-04-25 14:22:26.425896,67,moderate,anaerobic
138,2024-04-29 09:56:37.012523,56,moderate,aerobic
138,2024-05-07 20:39:45.610365,35,low,aerobic
138,2024-05-15 09:18:24.407070,55,moderate,aerobic
138,2024-05-17 10:35:22.210148,63,high,anaerobic
138,2024-05-19 09:20:39.751573,35,low,mixed
138,2024-05-20 10:42:41.192565,28,high,anaerobic
138,2024-05-23 12:09:43.238062,65,low,aerobic
138,2024-05-25 20:45:36.329319,22,moderate,anaerobic
138,2024-05-28 13:44:56.560343,56,low,mixed
138,2024-05-30 12:21:59.260467,70,high,mixed
138,2024-06-01 12:59:43.561744,39,moderate,aerobic
138,2024-06-03 09:57:19.891192,77,low,aerobic
138,2024-06-04 15:11:06.172730,25,high,aerobic
138,2024-06-04 20:00:26.118818,49,low,aerobic
138,2024-06-05 19:12:51.984674,74,moderate,aerobic
138,2024-06-06 09:06:33.899818,31,moderate,anaerobic
138,2024-06-06 17:39:38.365027,22,moderate,mixed
138,2024-06-07 08:01:39.406442,55,moderate,aerobic
138,2024-06-07 16:14:12.294036,71,high,mixed
138,2024-06-10 07:16:19.295803,78,moderate,mixed
138,2024-06-11 14:24:49.938974,22,high,aerobic
138,2024-06-14 07:10:28.991523,54,moderate,mixed
138,2024-06-15 10:54:14.746424,33,low,aerobic
138,2024-06-18 10:54:40.277338,74,low,anaerobic
138,2024-06-23 13:30:10.460946,44,moderate,mixed
138,2024-06-24 12:55:24.018696,45,high,mixed
138,2024-06-25 12:47:50.834304,71,moderate,aerobic
138,2024-06-25 14:14:32.512071,44,moderate,anaerobic
138,2024-06-26 08:44:38.010849,29,low,mixed
138,2024-06-27 13:55:02.688603,47,moderate,aerobic
139,2024-01-01 14:19:26.060579,50,moderate,anaerobic
139,2024-01-02 12:16:48.192937,43,moderate,mixed
139,2024-01-02 18:44:21.948276,36,low,anaerobic
139,2024-01-03 15:18:02.666006,26,high,aerobic
139,2024-01-04 20:51:02.059358,49,moderate,anaerobic
139,2024-01-05 17:21:56.203263,41,moderate,mixed
139,2024-01-06 10:14:48.772582,31,moderate,aerobic
139,2024-01-07 14:17:16.190601,23,moderate,aerobic
139,2024-01-07 15:07:47.150950,20,low,mixed
139,2024-01-08 19:09:44.141939,71,moderate,mixed
139,2024-01-11 14:45:22.665530,67,moderate,mixed
139,2024-01-13 16:18:16.093497,76,moderate,aerobic
139,2024-01-15 08:50:00.519684,23,moderate,anaerobic
139,2024-01-17 17:31:09.076616,36,high,anaerobic
139,2024-01-18 09:47:24.013417,23,moderate,aerobic
139,2024-01-18 15:45:35.409635,34,moderate,mixed
139,2024-01-19 09:11:34.472492,77,moderate,mixed
139,2024-01-21 20:39:13.288461,67,moderate,anaerobic
139,2024-01-24 08:05:13.889550,71,high,mixed
139,2024-01-26 09:08:21.581076,44,low,anaerobic
139,2024-01-27 11:04:16.510595,78,low,mixed
139,2024-02-05 09:18:25.279909,76,moderate,aerobic
139,2024-02-05 17:49:42.219873,53,moderate,aerobic
139,2024-02-08 12:53:53.475670,72,high,aerobic
139,2024-02-08 21:11:10.318644,67,high,mixed
139,2024-02-11 10:43:12.266258,40,moderate,aerobic
139,2024-02-14 17:48:16.570909,67,moderate,anaerobic
139,2024-02-16 07:06:30.414336,31,moderate,aerobic
139,2024-02-20 11:50:06.668542,57,moderate,aerobic
139,2024-02-21 12:41:08.467041,51,low,aerobic
139,2024-02-23 21:05:18.558352,74,moderate,aerobic
139,2024-02-26 19:51:34.202487,73,moderate,mixed
139,2024-02-27 18:16:56.129693,34,low,aerobic
139,2024-02-29 07:58:50.898169,29,moderate,anaerobic
139,2024-03-03 16:43:21.437202,55,low,anaerobic
139,2024-03-06 08:39:21.721317,78,moderate,mixed
139,2024-03-06 19:36:29.953417,26,moderate,aerobic
139,2024-03-13 09:58:40.468127,42,low,aerobic
139,2024-03-14 17:49:20.670265,32,moderate,aerobic
139,2024-03-17 10:25:28.827348,53,moderate,anaerobic
139,2024-03-29 10:59:09.720216,79,low,mixed
139,2024-03-30 19:00:38.738571,33,moderate,anaerobic
139,2024-03-31 08:40:26.755456,46,moderate,aerobic
139,2024-04-02 18:45:49.544470,26,moderate,aerobic
139,2024-04-03 11:24:03.876032,55,moderate,aerobic
139,2024-04-04 15:20:54.276145,35,moderate,aerobic
139,2024-04-08 13:18:18.859115,63,low,anaerobic
139,2024-04-10 12:13:18.117319,57,moderate,anaerobic
139,2024-04-10 19:16:27.898018,79,moderate,aerobic
139,2024-04-11 21:06:31.308141,28,high,aerobic
139,2024-04-14 15:33:29.000329,20,moderate,aerobic
139,2024-04-14 18:02:57.067791,37,low,mixed
139,2024-04-16 07:41:52.019915,67,low,mixed
139,2024-04-16 13:19:16.101646,21,high,aerobic
139,2024-04-23 10:35:56.206574,72,low,aerobic
139,2024-04-26 19:10:03.537816,71,moderate,aerobic
139,2024-04-27 13:19:35.749235,50,moderate,mixed
139,2024-04-28 09:20:12.002787,34,high,anaerobic
139,2024-04-28 15:38:02.966575,66,moderate,anaerobic
139,2024-05-04 15:59:43.343495,26,low,anaerobic
139,2024-05-16 07:30:06.815162,43,moderate,aerobic
139,2024-05-16 12:40:38.899301,71,low,aerobic
139,2024-05-20 17:23:29.389510,57,high,aerobic
139,2024-05-22 15:26:43.622639,42,moderate,aerobic
139,2024-05-23 08:28:25.053170,36,high,mixed
139,2024-05-24 08:18:52.554962,79,low,aerobic
139,2024-05-27 17:05:10.175097,38,moderate,anaerobic
139,2024-05-31 14:12:05.875181,73,low,aerobic
139,2024-06-02 12:49:46.638329,56,moderate,anaerobic
139,2024-06-03 10:37:26.732678,29,moderate,aerobic
139,2024-06-08 07:56:29.733238,20,low,aerobic
139,2024-06-11 13:56:52.860594,21,low,mixed
139,2024-06-12 20:59:24.775063,34,low,mixed
139,2024-06-15 09:20:12.416517,72,moderate,anaerobic
139,2024-06-15 15:18:03.912294,32,high,anaerobic
139,2024-06-17 14:37:43.615853,79,high,mixed
139,2024-06-23 17:35:19.849068,28,low,mixed
140,2024-01-01 08:51:47.449101,27,high,aerobic
140,2024-01-01 09:32:53.233217,72,moderate,aerobic
140,2024-01-10 07:55:55.601178,53,high,mixed
140,2024-01-11 16:53:44.586689,29,moderate,aerobic
140,2024-01-24 19:09:44.905641,36,high,aerobic
140,2024-01-26 20:33:23.761178,75,moderate,mixed
140,2024-02-09 14:29:07.967392,52,high,mixed
140,2024-02-12 18:54:19.716573,27,moderate,aerobic
140,2024-02-23 09:57:18.652137,41,low,mixed
140,2024-02-25 11:10:17.221496,55,high,aerobic
140,2024-02-28 19:54:36.515525,50,moderate,aerobic
140,2024-03-07 09:57:13.664750,50,low,aerobic
140,2024-03-12 19:53:09.380991,75,low,anaerobic
140,2024-03-15 19:16:52.030437,40,high,aerobic
140,2024-03-22 09:57:32.489917,32,moderate,anaerobic
140,2024-04-03 12:34:00.109754,45,moderate,aerobic
140,2024-04-04 20:22:03.591053,29,low,aerobic
140,2024-04-08 07:22:14.788793,56,high,anaerobic
140,2024-04-10 08:59:06.622326,64,moderate,aerobic
140,2024-04-15 19:33:47.549061,31,moderate,mixed
140,2024-04-18 17:03:21.697380,70,high,aerobic
140,2024-04-21 11:30:52.767572,56,moderate,mixed
140,2024-04-27 13:36:54.406923,75,moderate,mixed
140,2024-05-03 11:17:30.611722,75,moderate,anaerobic
140,2024-05-22 17:35:14.196013,24,high,anaerobic
140,2024-05-24 08:50:00.450688,75,low,aerobic
140,2024-05-28 13:51:40.239649,23,low,mixed
140,2024-05-29 16:07:36.528140,40,moderate,aerobic
140,2024-06-08 15:24:35.079663,24,moderate,aerobic
140,2024-06-10 14:45:13.342698,52,moderate,anaerobic
140,2024-06-16 15:35:18.753846,35,low,mixed
140,2024-06-17 10:30:31.145535,46,moderate,mixed
140,2024-06-20 07:52:43.142579,39,moderate,aerobic
140,2024-06-24 09:30:26.159331,26,low,aerobic
141,2024-01-18 13:12:54.778752,43,high,mixed
141,2024-01-28 19:17:40.788419,57,low,mixed
141,2024-01-28 20:38:12.553745,75,low,mixed
141,2024-01-30 12:17:15.490996,36,high,aerobic
141,2024-02-03 16:11:58.779312,36,moderate,anaerobic
141,2024-02-08 10:26:29.057390,48,low,mixed
141,2024-02-13 13:46:53.838524,32,low,aerobic
141,2024-02-17 09:13:55.214791,24,moderate,aerobic
141,2024-02-20 15:47:18.527803,71,high,aerobic
141,2024-02-21 08:00:15.842299,36,moderate,mixed
141,2024-02-24 11:13:00.706028,61,moderate,aerobic
141,2024-02-26 18:29:27.960126,27,moderate,mixed
141,2024-03-01 12:31:02.374071,69,low,mixed
141,2024-03-02 10:26:22.245557,79,moderate,anaerobic
141,2024-03-07 16:49:09.532437,32,low,anaerobic
141,2024-03-12 13:18:30.357088,46,high,mixed
141,2024-03-12 16:27:45.776305,47,moderate,aerobic
141,2024-03-17 08:18:05.084217,56,high,anaerobic
141,2024-03-21 07:32:30.834583,31,moderate,anaerobic
141,2024-03-25 08:05:44.278237,66,moderate,mixed
141,2024-03-25 17:13:13.423660,59,moderate,anaerobic
141,2024-03-26 09:50:13.175383,39,high,aerobic
141,2024-03-27 11:41:42.084179,55,moderate,aerobic
141,2024-04-02 12:34:42.078440,43,high,aerobic
141,2024-04-07 09:49:12.470605,43,moderate,aerobic
141,2024-04-08 12:28:04.533855,54,low,mixed
141,2024-04-10 11:23:19.892810,62,moderate,aerobic
141,2024-04-15 16:55:54.452903,64,moderate,aerobic
141,2024-04-17 14:52:13.980513,28,low,anaerobic
141,2024-04-19 08:57:19.620951,32,moderate,aerobic
141,2024-04-19 11:57:42.127010,73,low,mixed
141,2024-04-23 15:38:43.148174,20,high,anaerobic
141,2024-04-25 09:36:05.162862,73,moderate,anaerobic
141,2024-04-26 20:56:52.593190,30,low,mixed
141,2024-04-28 15:38:29.011493,75,low,aerobic
141,2024-05-01 13:22:30.635459,74,high,aerobic
141,2024-05-06 16:23:32.312772,24,low,aerobic
141,2024-05-07 08:09:19.817127,61,low,aerobic
141,2024-05-11 18:00:32.236022,36,high,aerobic
141,2024-05-12 10:43:31.636182,62,low,anaerobic
141,2024-05-13 08:08:10.223825,50,moderate,mixed
141,2024-05-14 13:51:21.694722,55,moderate,aerobic
141,2024-05-16 17:11:07.812413,67,low,mixed
141,2024-05-19 13:26:50.491834,30,moderate,aerobic
141,2024-05-22 14:12:15.209739,21,moderate,aerobic
141,2024-05-25 10:14:44.958718,73,moderate,mixed
141,2024-05-30 12:07:50.621115,44,moderate,anaerobic
141,2024-06-02 08:31:29.113583,51,moderate,mixed
141,2024-06-04 11:04:45.037861,25,moderate,anaerobic
141,2024-06-07 12:32:33.187298,51,moderate,aerobic
141,2024-06-07 14:05:53.470906,31,moderate,aerobic
141,2024-06-08 10:27:48.336929,54,moderate,aerobic
141,2024-06-08 12:31:11.630119,55,moderate,aerobic
141,2024-06-10 14:32:20.447644,46,moderate,aerobic
141,2024-06-11 17:20:01.638457,79,high,mixed
141,2024-06-19 16:08:13.186752,47,moderate,mixed
141,2024-06-23 11:50:07.830995,58,moderate,anaerobic
141,2024-06-27 07:25:54.570697,57,moderate,aerobic
141,2024-06-27 08:26:30.058621,37,low,anaerobic
142,2024-01-01 15:58:16.533621,74,high,aerobic
142,2024-01-02 10:22:31.686071,21,low,aerobic
142,2024-01-05 14:07:45.231832,78,high,aerobic
142,2024-01-07 10:45:24.796813,47,low,aerobic
142,2024-01-10 16:29:41.761065,22,low,aerobic
142,2024-01-11 18:49:28.781939,31,low,aerobic
142,2024-01-14 16:26:25.551766,70,moderate,aerobic
142,2024-01-14 20:46:26.475020,47,low,anaerobic
142,2024-01-19 17:30:11.743807,49,low,aerobic
142,2024-01-20 07:11:53.517472,21,moderate,aerobic
142,2024-01-20 19:25:57.632109,69,moderate,aerobic
142,2024-01-22 15:44:32.532954,34,moderate,aerobic
142,2024-02-01 20:25:55.078534,29,high,mixed
142,2024-02-02 14:52:06.667993,31,moderate,aerobic
142,2024-02-04 20:33:15.326170,22,moderate,mixed
142,2024-02-09 09:18:39.091714,47,low,aerobic
142,2024-02-10 19:31:41.289613,24,high,anaerobic
142,2024-02-11 12:14:24.543140,59,moderate,mixed
142,2024-02-15 08:12:10.808575,69,moderate,aerobic
142,2024-02-20 11:22:37.336475,25,low,aerobic
142,2024-02-22 07:44:01.229119,45,low,mixed
142,2024-02-22 14:32:14.381948,58,high,aerobic
142,2024-02-24 16:10:48.741551,58,moderate,aerobic
142,2024-03-01 19:49:08.987638,75,moderate,aerobic
142,2024-03-02 19:56:53.894730,33,moderate,mixed
142,2024-03-06 16:18:24.450559,43,low,aerobic
142,2024-03-10 20:39:37.203828,64,high,aerobic
142,2024-03-13 11:00:35.362652,46,high,aerobic
142,2024-03-16 15:12:39.575788,31,high,mixed
142,2024-03-17 10:29:25.297988,69,moderate,anaerobic
142,2024-03-20 08:26:17.201789,20,low,aerobic
142,2024-03-24 17:46:09.707076,67,low,aerobic
142,2024-03-26 08:57:55.240938,52,low,aerobic
142,2024-03-26 15:44:17.558048,21,moderate,aerobic
142,2024-03-28 08:37:50.180723,32,moderate,mixed
142,2024-03-29 11:40:47.025179,25,low,aerobic
142,2024-03-31 07:31:45.493771,25,low,mixed
142,2024-04-01 07:29:44.167642,34,low,aerobic
142,2024-04-08 15:56:54.213234,37,low,mixed
142,2024-04-09 07:39:39.472242,59,low,anaerobic
142,2024-04-09 16:09:34.378800,65,low,mixed
142,2024-04-12 10:46:43.008508,79,moderate,mixed
142,2024-04-13 10:05:35.936339,44,moderate,aerobic
142,2024-04-19 16:00:21.299991,23,moderate,anaerobic
142,2024-04-21 11:31:02.157823,54,low,aerobic
142,2024-04-29 08:41:59.163062,72,moderate,aerobic
142,2024-05-01 09:57:13.455565,32,moderate,anaerobic
142,2024-05-02 19:47:17.312878,64,low,aerobic
142,2024-05-04 10:08:28.511433,73,low,mixed
142,2024-05-04 14:35:44.432323,52,low,mixed
142,2024-05-05 17:40:00.077876,76,moderate,aerobic
142,2024-05-06 07:44:47.798647,51,moderate,mixed
142,2024-05-06 10:03:49.826013,36,moderate,mixed
142,2024-05-10 11:59:02.006021,74,low,aerobic
142,2024-05-11 11:33:33.241939,69,low,aerobic
142,2024-05-11 18:37:46.718273,68,moderate,aerobic
142,2024-05-12 19:34:14.889610,68,low,aerobic
142,2024-05-15 19:25:03.581214,27,high,aerobic
142,2024-05-17 13:53:14.281572,35,low,aerobic
142,2024-05-19 20:09:16.815335,42,low,mixed
142,2024-05-21 18:29:41.132695,37,moderate,mixed
142,2024-05-22 16:45:29.781318,74,moderate,anaerobic
142,2024-05-25 18:25:26.828525,65,moderate,aerobic
142,2024-05-25 20:23:06.218356,79,moderate,mixed
142,2024-05-26 10:46:34.549360,24,low,mixed
142,2024-05-26 20:08:53.584038,48,low,mixed
142,2024-05-27 17:54:14.776984,34,low,mixed
142,2024-05-28 09:28:24.311604,74,low,anaerobic
142,2024-05-30 20:35:32.007425,32,high,aerobic
142,2024-06-02 09:00:20.064385,49,low,anaerobic
142,2024-06-04 17:42:09.420504,60,low,aerobic
142,2024-06-04 19:27:26.467874,50,high,aerobic
142,2024-06-06 08:15:47.574411,24,low,aerobic
142,2024-06-08 12:37:47.987259,67,moderate,aerobic
142,2024-06-09 11:03:12.699822,54,moderate,mixed
142,2024-06-17 13:55:16.675169,47,moderate,anaerobic
142,2024-06-19 18:15:41.344263,35,low,aerobic
142,2024-06-21 15:58:53.352395,28,low,aerobic
142,2024-06-21 17:46:12.309717,22,moderate,aerobic
142,2024-06-24 20:17:02.386258,42,moderate,mixed
142,2024-06-28 16:52:00.566875,74,moderate,anaerobic
143,2024-01-10 11:05:59.723759,79,moderate,mixed
143,2024-01-11 19:54:32.648808,50,moderate,aerobic
143,2024-01-12 11:01:47.336869,69,moderate,aerobic
143,2024-01-12 17:56:51.606204,43,low,aerobic
143,2024-01-13 16:56:19.613833,24,high,mixed
143,2024-01-17 12:58:36.701787,64,moderate,mixed
143,2024-01-19 21:13:57.332593,66,low,aerobic
143,2024-01-25 17:14:41.032868,32,moderate,aerobic
143,2024-01-27 19:59:24.411681,30,moderate,aerobic
143,2024-01-31 19:16:38.813633,63,moderate,aerobic
143,2024-02-05 18:55:52.869133,72,moderate,aerobic
143,2024-02-06 16:05:32.281993,76,low,aerobic
143,2024-02-10 12:11:43.435039,66,moderate,aerobic
143,2024-02-12 17:02:53.361239,65,moderate,anaerobic
143,2024-02-15 16:37:41.128824,57,high,mixed
143,2024-02-17 19:09:58.548287,38,low,anaerobic
143,2024-02-18 12:46:35.557277,64,moderate,anaerobic
143,2024-02-20 15:33:41.762120,54,high,aerobic
143,2024-02-22 17:04:54.431659,47,moderate,aerobic
143,2024-02-23 20:05:12.596456,41,low,mixed
143,2024-02-26 16:06:15.052318,30,low,aerobic
143,2024-02-27 10:43:40.281803,54,low,anaerobic
143,2024-02-28 12:05:43.970660,50,moderate,anaerobic
143,2024-02-29 13:13:46.075028,45,moderate,anaerobic
143,2024-03-03 09:22:25.007752,28,moderate,mixed
143,2024-03-04 09:38:03.347076,24,moderate,aerobic
143,2024-03-06 14:04:33.999354,69,low,mixed
143,2024-03-06 16:32:34.081142,75,low,aerobic
143,2024-03-13 16:26:35.202456,62,moderate,mixed
143,2024-03-14 10:36:06.848319,34,low,anaerobic
143,2024-03-14 15:32:44.170323,48,low,anaerobic
143,2024-03-15 12:12:42.794108,61,low,aerobic
143,2024-03-15 19:04:36.462233,44,low,mixed
143,2024-03-16 09:08:48.357046,30,moderate,anaerobic
143,2024-03-17 21:00:07.000942,68,moderate,mixed
143,2024-03-18 07:54:12.773009,28,low,mixed
143,2024-03-23 21:07:28.604814,47,moderate,mixed
143,2024-03-27 08:17:36.474047,51,high,aerobic
143,2024-03-28 08:53:05.168056,65,low,anaerobic
143,2024-04-02 08:58:27.478212,70,moderate,aerobic
143,2024-04-04 17:04:27.641444,48,moderate,anaerobic
143,2024-04-06 14:54:28.528985,59,high,anaerobic
143,2024-04-08 18:49:09.274287,27,moderate,mixed
143,2024-04-15 17:48:18.102766,65,high,anaerobic
143,2024-04-16 13:16:36.222735,68,moderate,mixed
143,2024-04-23 17:21:52.856638,79,moderate,mixed
143,2024-04-26 15:52:05.820308,39,high,mixed
143,2024-05-06 08:38:33.560145,67,moderate,aerobic
143,2024-05-11 09:31:35.714610,22,moderate,anaerobic
143,2024-05-17 20:33:23.143014,71,low,aerobic
143,2024-05-18 11:18:13.298247,47,moderate,aerobic
143,2024-05-19 11:10:07.434481,30,moderate,anaerobic
143,2024-05-21 10:34:36.062368,28,low,anaerobic
143,2024-05-21 18:05:18.134262,53,high,aerobic
143,2024-05-25 10:56:43.703908,50,moderate,aerobic
143,2024-05-26 16:49:55.596128,20,moderate,aerobic
143,2024-05-26 19:09:12.735365,59,high,aerobic
143,2024-06-01 08:46:51.854019,66,low,anaerobic
143,2024-06-03 11:52:19.853261,43,moderate,aerobic
143,2024-06-04 16:19:19.129815,69,low,aerobic
143,2024-06-13 14:22:26.706786,68,low,anaerobic
143,2024-06-16 18:47:23.269115,63,moderate,aerobic
143,2024-06-17 10:07:47.813122,28,low,mixed
143,2024-06-22 14:43:20.212641,42,moderate,anaerobic
143,2024-06-24 07:47:12.980631,77,moderate,anaerobic
143,2024-06-25 11:27:07.145141,46,moderate,anaerobic
143,2024-06-25 12:38:15.433791,35,low,aerobic
143,2024-06-26 17:59:37.107731,50,moderate,anaerobic
143,2024-06-27 13:57:49.156194,70,moderate,anaerobic
144,2024-01-07 12:42:04.669190,26,moderate,aerobic
144,2024-01-12 09:15:56.375773,65,low,aerobic
144,2024-01-12 20:26:31.422954,39,moderate,aerobic
144,2024-01-13 18:34:32.232579,69,moderate,mixed
144,2024-01-13 18:45:22.188358,42,moderate,aerobic
144,2024-01-24 19:47:12.771385,23,high,aerobic
144,2024-01-28 15:54:04.175653,78,high,anaerobic
144,2024-02-01 09:54:39.927973,75,low,aerobic
144,2024-02-05 19:08:31.455752,57,low,mixed
144,2024-02-08 12:37:20.463744,38,low,aerobic
144,2024-02-09 08:25:12.681336,35,moderate,mixed
144,2024-02-13 07:50:27.269169,28,moderate,aerobic
144,2024-02-15 15:47:28.098455,42,low,anaerobic
144,2024-02-28 19:51:04.883839,68,moderate,mixed
144,2024-03-05 16:03:37.723417,63,moderate,aerobic
144,2024-03-06 16:37:22.580003,31,low,mixed
144,2024-03-09 11:04:11.352896,69,moderate,aerobic
144,2024-03-10 12:57:35.356298,62,moderate,aerobic
144,2024-03-11 07:22:22.606077,65,moderate,aerobic
144,2024-03-12 10:39:21.114109,64,moderate,anaerobic
144,2024-03-18 18:08:41.235329,65,low,anaerobic
144,2024-03-20 07:56:31.971416,61,high,aerobic
144,2024-04-03 18:28:39.679261,66,low,anaerobic
144,2024-04-08 18:28:23.374888,38,moderate,aerobic
144,2024-04-10 18:37:48.077366,35,low,mixed
144,2024-04-11 15:44:42.141967,37,moderate,mixed
144,2024-04-12 12:08:07.125996,66,moderate,anaerobic
144,2024-04-14 08:47:02.687367,65,low,mixed
144,2024-04-15 09:20:40.856973,31,low,anaerobic
144,2024-04-15 12:35:40.896461,33,moderate,anaerobic
144,2024-04-18 18:24:32.082365,47,low,mixed
144,2024-04-23 20:46:03.471443,76,moderate,aerobic
144,2024-05-04 10:00:40.133605,28,high,mixed
144,2024-05-05 11:51:55.985423,45,high,aerobic
144,2024-05-05 19:52:48.071160,62,moderate,mixed
144,2024-05-12 15:29:13.619140,67,moderate,mixed
144,2024-05-14 15:10:57.879330,20,low,aerobic
144,2024-05-15 11:52:33.853849,48,low,aerobic
144,2024-05-17 14:23:42.996671,44,high,anaerobic
144,2024-05-21 10:08:27.057843,71,moderate,anaerobic
144,2024-05-24 14:59:25.680677,30,moderate,aerobic
144,2024-05-24 19:00:39.985928,79,moderate,anaerobic
144,2024-05-28 16:33:50.613235,38,moderate,aerobic
144,2024-06-04 20:11:29.357012,62,high,aerobic
144,2024-06-05 08:04:32.371210,48,moderate,mixed
144,2024-06-06 09:18:24.174605,64,low,anaerobic
144,2024-06-08 20:04:29.833368,46,moderate,aerobic
144,2024-06-09 09:18:40.443918,57,moderate,aerobic
144,2024-06-17 07:32:30.576798,55,high,aerobic
144,2024-06-18 09:07:15.291218,34,low,aerobic
144,2024-06-19 15:05:49.516782,67,low,anaerobic
144,2024-06-21 11:42:40.126403,47,high,anaerobic
144,2024-06-23 07:33:25.620160,59,low,aerobic
144,2024-06-24 11:24:05.952184,61,moderate,mixed
144,2024-06-27 17:43:30.164801,51,moderate,aerobic
145,2024-01-03 11:22:10.016826,53,low,mixed
145,2024-01-07 14:28:25.737025,41,high,aerobic
145,2024-01-08 08:13:08.695359,24,high,aerobic
145,2024-01-11 17:43:22.666350,67,moderate,aerobic
145,2024-01-11 20:09:12.985360,33,moderate,aerobic
145,2024-01-18 10:12:30.214367,39,high,mixed
145,2024-01-24 20:21:46.843694,35,low,mixed
145,2024-01-28 19:43:25.688201,21,low,aerobic
145,2024-01-31 10:54:14.147192,45,low,aerobic
145,2024-02-01 12:57:44.653144,26,low,anaerobic
145,2024-02-05 19:57:31.857838,58,moderate,mixed
145,2024-02-10 16:35:54.789820,69,moderate,aerobic
145,2024-02-16 09:37:49.769436,22,moderate,aerobic
145,2024-02-17 12:55:46.789009,48,moderate,anaerobic
145,2024-02-17 17:29:28.080455,69,high,aerobic
145,2024-02-18 12:43:39.286341,45,moderate,aerobic
145,2024-02-22 11:08:34.246861,48,low,anaerobic
145,2024-02-24 15:13:48.670253,44,moderate,anaerobic
145,2024-02-25 07:08:37.772762,76,high,mixed
145,2024-02-26 19:29:22.994016,60,low,aerobic
145,2024-03-12 17:40:55.047905,35,moderate,mixed
145,2024-03-14 11:25:35.715240,35,low,aerobic
145,2024-03-16 09:48:18.449062,73,low,aerobic
145,2024-03-17 08:37:50.732041,22,moderate,mixed
145,2024-03-18 13:57:49.400474,61,moderate,aerobic
145,2024-03-20 08:09:17.602426,48,high,mixed
145,2024-03-20 20:22:13.354855,61,moderate,mixed
145,2024-03-23 18:25:46.782761,71,moderate,anaerobic
145,2024-03-25 19:27:47.851865,79,low,aerobic
145,2024-03-29 18:46:54.667544,35,low,aerobic
145,2024-03-29 18:43:53.697482,42,low,anaerobic
145,2024-03-30 09:55:46.524412,20,high,anaerobic
145,2024-03-31 11:54:12.548484,70,moderate,anaerobic
145,2024-04-03 21:02:00.498503,39,moderate,anaerobic
145,2024-04-05 11:32:12.361156,66,moderate,mixed
145,2024-04-05 20:31:28.493655,24,high,aerobic
145,2024-04-10 15:09:59.058591,52,low,mixed
145,2024-04-12 18:15:24.924849,50,moderate,anaerobic
145,2024-04-13 16:23:27.219367,33,low,mixed
145,2024-04-16 10:17:08.554817,71,high,mixed
145,2024-04-17 16:05:05.676167,67,moderate,mixed
145,2024-04-19 10:55:44.971062,61,moderate,aerobic
145,2024-04-22 16:08:35.404302,70,high,mixed
145,2024-04-24 12:06:35.273506,57,high,aerobic
145,2024-04-24 18:08:14.302284,31,low,anaerobic
145,2024-04-25 17:38:36.633035,78,moderate,aerobic
145,2024-04-26 10:02:35.046467,59,high,aerobic
145,2024-04-29 15:13:32.785584,58,high,anaerobic
145,2024-05-01 17:05:26.717298,40,moderate,aerobic
145,2024-05-03 16:09:39.098877,70,low,aerobic
145,2024-05-05 09:17:14.336342,23,moderate,aerobic
145,2024-05-09 08:46:02.112898,72,moderate,anaerobic
145,2024-05-11 14:58:09.707356,65,low,aerobic
145,2024-05-16 20:08:42.801866,79,low,aerobic
145,2024-05-20 12:26:59.701919,71,high,mixed
145,2024-05-24 14:20:15.193302,73,moderate,aerobic
145,2024-05-26 20:33:05.875028,56,high,aerobic
145,2024-05-27 13:57:48.601235,35,moderate,anaerobic
145,2024-06-02 19:13:14.625702,51,moderate,aerobic
145,2024-06-07 20:02:48.271513,30,moderate,aerobic
145,2024-06-08 11:08:25.694808,44,moderate,anaerobic
145,2024-06-09 10:33:36.335523,78,high,mixed
145,2024-06-14 10:25:19.511102,35,high,aerobic
145,2024-06-14 16:00:19.063369,74,moderate,aerobic
145,2024-06-19 13:29:18.700399,58,low,aerobic
145,2024-06-19 20:58:21.650124,69,moderate,mixed
145,2024-06-20 07:58:18.673528,73,moderate,aerobic
145,2024-06-23 10:48:00.567115,44,moderate,aerobic
145,2024-06-25 11:48:58.461461,35,moderate,anaerobic
145,2024-06-28 12:33:42.835994,36,high,mixed
146,2024-01-02 13:37:19.803043,27,low,mixed
146,2024-01-17 17:54:03.104873,67,high,aerobic
146,2024-01-18 13:47:17.490476,54,low,aerobic
146,2024-01-28 09:36:45.485160,71,high,aerobic
146,2024-01-28 19:27:06.206005,75,high,mixed
146,2024-01-29 08:41:59.402243,79,high,mixed
146,2024-01-30 17:33:12.784551,42,high,aerobic
146,2024-02-08 14:52:40.996727,54,low,aerobic
146,2024-02-08 17:00:57.745972,42,low,anaerobic
146,2024-02-11 16:04:30.202609,50,high,aerobic
146,2024-02-14 15:33:15.104743,28,high,aerobic
146,2024-02-15 09:54:37.071959,77,moderate,mixed
146,2024-02-22 18:15:27.932635,32,high,aerobic
146,2024-02-25 18:57:13.611491,39,high,anaerobic
146,2024-03-04 10:05:33.259971,31,moderate,aerobic
146,2024-03-08 20:07:33.513631,44,moderate,anaerobic
146,2024-03-15 13:25:06.071890,66,high,aerobic
146,2024-03-17 07:43:52.080268,49,high,anaerobic
146,2024-03-24 17:04:03.144858,50,moderate,mixed
146,2024-03-28 08:40:43.571540,57,moderate,aerobic
146,2024-03-29 14:40:49.175174,58,moderate,anaerobic
146,2024-04-03 09:45:27.074412,79,low,anaerobic
146,2024-04-05 11:48:08.320880,51,moderate,aerobic
146,2024-04-12 09:10:42.620596,20,moderate,anaerobic
146,2024-04-20 08:04:46.676033,24,high,anaerobic
146,2024-04-21 15:39:06.712926,48,moderate,aerobic
146,2024-05-11 16:23:18.385091,44,high,mixed
146,2024-05-16 11:01:51.762897,65,moderate,aerobic
146,2024-05-17 16:52:27.586218,27,moderate,aerobic
146,2024-05-25 19:26:44.909545,66,low,aerobic
146,2024-05-29 12:05:21.966172,20,moderate,aerobic
146,2024-06-06 07:28:43.248426,26,low,mixed
146,2024-06-07 16:12:41.754070,72,moderate,aerobic
146,2024-06-08 15:48:30.501402,66,low,aerobic
146,2024-06-18 17:44:21.179552,37,high,aerobic
146,2024-06-21 11:48:25.390870,71,low,anaerobic
146,2024-06-22 18:28:35.165371,60,moderate,anaerobic
146,2024-06-24 10:34:28.133286,21,low,aerobic
146,2024-06-25 10:15:52.494062,28,low,aerobic
146,2024-06-26 15:31:50.281263,31,high,anaerobic
147,2024-01-01 15:59:57.000897,71,moderate,aerobic
147,2024-01-06 16:33:32.078306,45,low,aerobic
147,2024-01-12 13:34:08.767190,26,low,mixed
147,2024-01-17 08:42:52.591308,74,moderate,aerobic
147,2024-01-25 10:09:30.012885,60,low,mixed
147,2024-01-30 16:37:39.953353,57,moderate,aerobic
147,2024-02-06 12:57:30.925343,62,low,anaerobic
147,2024-02-07 10:07:57.040651,33,moderate,mixed
147,2024-02-10 10:57:25.715271,22,high,aerobic
147,2024-02-17 09:26:05.232933,63,moderate,aerobic
147,2024-02-20 14:32:12.954689,75,low,anaerobic
147,2024-03-01 09:55:09.612829,28,high,mixed
147,2024-03-01 16:04:30.248933,23,high,mixed
147,2024-03-02 13:37:13.077792,68,moderate,aerobic
147,2024-03-06 12:45:49.121978,77,low,aerobic
147,2024-03-07 11:23:46.728655,46,high,anaerobic
147,2024-03-09 11:41:24.585365,77,low,aerobic
147,2024-03-12 10:54:51.002086,78,low,aerobic
147,2024-03-13 16:38:12.412408,31,moderate,anaerobic
147,2024-03-17 20:51:17.590628,74,high,aerobic
147,2024-03-18 11:36:37.274825,38,moderate,mixed
147,2024-03-21 07:49:57.915496,42,moderate,aerobic
147,2024-03-22 11:25:06.735325,46,high,aerobic
147,2024-03-23 08:53:52.115242,66,moderate,anaerobic
147,2024-03-27 17:06:30.571027,54,low,aerobic
147,2024-03-28 17:53:25.216445,44,moderate,mixed
147,2024-03-29 18:45:03.491590,53,moderate,mixed
147,2024-04-01 19:33:36.346053,23,low,mixed
147,2024-04-02 09:01:47.588622,21,moderate,anaerobic
147,2024-04-03 15:58:17.249608,72,high,mixed
147,2024-04-05 11:59:42.070262,46,low,aerobic
147,2024-04-11 14:07:25.714975,74,high,aerobic
147,2024-04-12 08:27:59.506118,79,moderate,anaerobic
147,2024-04-15 08:29:40.279120,74,moderate,aerobic
147,2024-04-23 11:47:35.673952,32,low,anaerobic
147,2024-04-29 12:19:16.117217,67,moderate,anaerobic
147,2024-05-04 07:48:45.861774,76,low,mixed
147,2024-05-06 16:47:51.316266,45,moderate,anaerobic
147,2024-05-12 18:22:07.578254,57,moderate,anaerobic
147,2024-05-15 15:38:04.049052,32,moderate,aerobic
147,2024-05-17 17:27:45.268921,55,moderate,aerobic
147,2024-05-22 10:17:25.743523,32,moderate,aerobic
147,2024-05-27 11:04:19.201731,45,low,aerobic
147,2024-05-27 11:40:31.795502,31,low,anaerobic
147,2024-05-30 16:03:06.853798,33,moderate,aerobic
147,2024-05-31 18:50:10.581108,71,moderate,aerobic
147,2024-06-01 19:11:52.873951,77,high,anaerobic
147,2024-06-02 21:03:23.135762,34,moderate,anaerobic
147,2024-06-05 16:43:55.659215,45,low,aerobic
147,2024-06-06 14:33:29.200544,77,moderate,aerobic
147,2024-06-14 16:33:08.448289,33,low,aerobic
147,2024-06-15 17:38:34.720117,57,moderate,anaerobic
147,2024-06-17 12:17:41.004483,67,low,anaerobic
147,2024-06-21 20:09:52.752321,50,low,aerobic
147,2024-06-22 07:06:25.512894,62,low,aerobic
148,2024-01-03 19:27:46.450073,53,low,anaerobic
148,2024-01-08 13:43:18.597966,29,low,aerobic
148,2024-01-10 13:44:23.903181,28,moderate,aerobic
148,2024-01-14 20:23:40.459790,56,low,anaerobic
148,2024-01-19 13:48:20.596675,57,moderate,mixed
148,2024-01-21 13:23:22.579884,23,moderate,aerobic
148,2024-01-23 14:42:22.126387,29,high,aerobic
148,2024-01-27 10:00:49.248193,21,moderate,aerobic
148,2024-01-30 15:48:46.200850,67,high,aerobic
148,2024-02-03 09:51:31.967970,66,low,aerobic
148,2024-02-07 14:20:26.050645,22,high,mixed
148,2024-02-13 15:59:43.864419,73,moderate,aerobic
148,2024-02-15 10:34:13.351442,51,moderate,mixed
148,2024-02-16 15:53:01.048744,62,low,mixed
148,2024-02-24 08:54:05.109045,29,low,anaerobic
148,2024-02-25 17:59:59.519793,72,moderate,aerobic
148,2024-03-01 11:49:31.849851,74,low,anaerobic
148,2024-03-04 08:04:22.444883,28,low,anaerobic
148,2024-03-06 08:07:04.721548,72,moderate,mixed
148,2024-03-09 11:04:08.660392,69,low,mixed
148,2024-03-14 10:38:34.149533,62,moderate,aerobic
148,2024-03-25 11:14:13.289594,53,moderate,anaerobic
148,2024-04-06 12:37:59.543479,73,moderate,anaerobic
148,2024-04-07 09:01:42.067104,51,low,mixed
148,2024-04-12 15:28:31.985576,54,low,anaerobic
148,2024-04-12 18:43:28.369233,25,moderate,anaerobic
148,2024-04-13 07:31:01.934785,25,moderate,anaerobic
148,2024-04-18 12:35:31.476463,24,moderate,aerobic
148,2024-04-21 16:29:38.885458,53,moderate,anaerobic
148,2024-04-22 08:28:25.582244,46,moderate,anaerobic
148,2024-04-25 14:43:30.215656,43,low,anaerobic
148,2024-04-26 13:44:35.249738,64,low,mixed
148,2024-05-06 10:38:01.605273,36,low,anaerobic
148,2024-05-06 12:23:14.377296,63,moderate,mixed
148,2024-05-07 18:15:36.745894,74,low,mixed
148,2024-05-09 09:43:48.424492,37,high,mixed
148,2024-05-10 09:12:10.869688,35,high,aerobic
148,2024-05-18 13:16:51.235481,43,low,aerobic
148,2024-05-28 19:00:50.208337,45,low,mixed
148,2024-06-01 10:00:52.639269,31,high,anaerobic
148,2024-06-05 19:13:43.223741,56,low,anaerobic
148,2024-06-06 12:06:00.416372,33,moderate,anaerobic
148,2024-06-08 20:50:07.419218,70,low,anaerobic
148,2024-06-10 16:05:05.602731,52,moderate,aerobic
148,2024-06-11 11:42:12.303782,33,moderate,aerobic
148,2024-06-11 16:06:52.431547,46,moderate,aerobic
148,2024-06-16 16:49:50.006126,21,low,anaerobic
148,2024-06-19 10:35:04.181075,63,moderate,aerobic
148,2024-06-22 10:01:41.808746,24,low,aerobic
148,2024-06-24 19:26:39.293360,71,moderate,mixed
149,2024-01-04 10:00:00.475687,55,high,aerobic
149,2024-01-08 15:25:45.575085,54,moderate,mixed
149,2024-01-15 12:36:52.755443,75,high,aerobic
149,2024-01-17 12:10:24.329694,77,moderate,mixed
149,2024-01-20 11:37:44.435724,50,moderate,aerobic
149,2024-01-23 20:12:57.061213,26,moderate,aerobic
149,2024-01-25 19:23:18.946150,71,low,aerobic
149,2024-02-02 09:35:49.889998,68,low,mixed
149,2024-02-03 12:07:36.234513,70,low,aerobic
149,2024-02-08 20:15:24.837294,65,high,aerobic
149,2024-02-10 12:14:25.829489,50,high,anaerobic
149,2024-02-15 19:04:23.182544,25,moderate,anaerobic
149,2024-02-19 18:06:02.622970,32,low,anaerobic
149,2024-02-24 17:55:43.139388,58,high,anaerobic
149,2024-02-29 16:37:42.611717,72,low,aerobic
149,2024-02-29 20:42:42.239542,52,moderate,aerobic
149,2024-03-04 14:39:04.575455,65,moderate,mixed
149,2024-03-05 17:53:06.449552,20,high,aerobic
149,2024-03-11 12:33:51.404018,44,low,mixed
149,2024-03-12 17:20:05.912413,63,moderate,aerobic
149,2024-03-13 16:55:20.056572,76,moderate,aerobic
149,2024-03-17 14:56:44.672034,45,high,aerobic
149,2024-03-21 18:48:52.329697,75,low,aerobic
149,2024-03-22 12:32:57.390503,57,low,anaerobic
149,2024-03-27 17:21:26.039043,47,moderate,aerobic
149,2024-03-29 09:08:52.693076,38,moderate,aerobic
149,2024-03-29 13:20:41.160533,54,moderate,aerobic
149,2024-03-31 16:46:55.623628,41,low,aerobic
149,2024-04-02 17:13:14.359533,41,high,mixed
149,2024-04-04 13:35:16.050697,58,moderate,anaerobic
149,2024-04-06 10:36:35.095234,65,high,aerobic
149,2024-04-07 09:19:47.010730,29,low,anaerobic
149,2024-04-12 09:47:12.027560,71,moderate,aerobic
149,2024-04-14 20:27:32.914335,58,low,aerobic
149,2024-04-15 19:58:58.360068,39,high,mixed
149,2024-04-25 17:58:51.755519,52,low,aerobic
149,2024-04-27 19:33:21.237275,33,moderate,aerobic
149,2024-04-28 08:51:32.826788,31,moderate,anaerobic
149,2024-04-29 10:35:46.036292,59,moderate,aerobic
149,2024-04-30 19:22:29.959916,60,low,aerobic
149,2024-05-08 10:31:46.972182,71,moderate,anaerobic
149,2024-05-08 17:59:01.587582,36,low,aerobic
149,2024-05-09 08:52:15.772362,40,moderate,aerobic
149,2024-05-11 18:25:49.511434,79,moderate,aerobic
149,2024-05-12 18:07:34.995128,27,moderate,aerobic
149,2024-05-16 09:10:38.046156,50,low,aerobic
149,2024-05-18 17:51:21.236503,76,high,aerobic
149,2024-05-20 14:27:20.919886,47,moderate,mixed
149,2024-05-22 09:39:01.480048,32,moderate,aerobic
149,2024-05-29 15:44:54.404805,23,moderate,anaerobic
149,2024-06-01 11:35:47.612595,74,moderate,anaerobic
149,2024-06-04 19:27:38.902399,27,moderate,aerobic
149,2024-06-10 08:25:59.964416,55,low,aerobic
149,2024-06-12 14:46:49.898824,55,moderate,aerobic
149,2024-06-18 16:29:05.055096,73,moderate,anaerobic
149,2024-06-18 18:44:28.221992,25,moderate,aerobic
149,2024-06-22 12:33:05.829342,74,high,aerobic
149,2024-06-22 15:54:27.265717,31,moderate,aerobic
149,2024-06-27 11:13:00.519043,47,moderate,aerobic
149,2024-06-28 07:30:02.614036,38,moderate,mixed
150,2024-01-04 08:59:39.042035,27,low,aerobic
150,2024-01-05 18:25:47.223444,43,moderate,mixed
150,2024-01-09 10:27:30.150166,40,moderate,mixed
150,2024-01-09 16:05:04.981303,51,low,mixed
150,2024-01-24 19:20:56.137377,51,low,mixed
150,2024-01-25 18:48:52.710660,76,moderate,aerobic
150,2024-01-25 18:44:58.219548,66,moderate,anaerobic
150,2024-01-26 15:12:30.694252,52,moderate,anaerobic
150,2024-01-30 11:14:55.087800,62,moderate,anaerobic
150,2024-01-31 16:16:25.862133,44,high,aerobic
150,2024-02-08 07:23:41.910496,62,moderate,anaerobic
150,2024-02-14 12:07:42.803026,39,low,aerobic
150,2024-02-14 14:36:27.102661,72,low,mixed
150,2024-02-15 07:40:27.883843,34,high,aerobic
150,2024-02-18 16:26:00.963974,23,moderate,anaerobic
150,2024-02-23 12:07:58.361254,23,moderate,mixed
150,2024-02-27 08:41:24.789258,27,moderate,aerobic
150,2024-02-28 09:39:43.554225,73,low,aerobic
150,2024-02-28 17:57:43.226904,22,high,aerobic
150,2024-02-29 13:04:59.246660,28,low,aerobic
150,2024-03-15 20:23:36.731157,35,low,anaerobic
150,2024-03-18 12:19:00.768951,56,low,mixed
150,2024-03-22 07:39:36.187148,52,moderate,anaerobic
150,2024-03-28 14:13:59.476922,76,low,aerobic
150,2024-04-01 17:12:09.803538,72,moderate,aerobic
150,2024-04-05 09:34:25.389148,59,moderate,mixed
150,2024-04-11 14:32:01.968789,65,high,aerobic
150,2024-04-13 18:18:10.145494,54,high,aerobic
150,2024-04-22 12:29:33.471351,47,high,anaerobic
150,2024-04-24 15:21:40.601170,36,low,anaerobic
150,2024-04-25 19:59:25.185527,64,low,mixed
150,2024-04-29 10:12:26.179913,69,moderate,mixed
150,2024-05-12 18:42:59.982712,74,moderate,anaerobic
150,2024-05-21 20:36:08.952894,49,high,aerobic
150,2024-05-27 18:29:43.973079,66,low,mixed
150,2024-05-28 08:49:54.265275,23,high,mixed
150,2024-05-29 07:42:19.775003,60,low,aerobic
150,2024-06-11 14:07:38.586323,29,moderate,anaerobic
150,2024-06-14 20:28:43.967263,65,low,aerobic
150,2024-06-17 19:20:28.251477,69,moderate,aerobic
150,2024-06-23 18:34:20.578011,44,moderate,mixed
151,2024-01-01 16:37:33.890971,39,moderate,anaerobic
151,2024-01-04 17:03:34.401840,23,low,aerobic
151,2024-01-06 15:12:31.564195,35,moderate,mixed
151,2024-01-06 16:31:27.738413,38,high,anaerobic
151,2024-01-07 12:26:23.680499,57,moderate,mixed
151,2024-01-10 08:07:44.818553,20,moderate,aerobic
151,2024-01-10 11:26:32.774620,66,moderate,anaerobic
151,2024-01-16 19:11:20.486114,45,moderate,aerobic
151,2024-01-17 15:06:15.816372,40,moderate,aerobic
151,2024-01-17 19:59:23.641747,24,moderate,aerobic
151,2024-01-18 08:17:24.868007,66,low,aerobic
151,2024-01-18 11:44:41.587766,79,low,mixed
151,2024-01-19 10:44:20.018819,48,low,anaerobic
151,2024-01-19 20:47:40.211236,54,moderate,anaerobic
151,2024-01-21 11:34:19.226438,70,moderate,anaerobic
151,2024-01-26 17:44:10.089117,66,moderate,aerobic
151,2024-01-28 15:31:33.098006,34,moderate,aerobic
151,2024-01-30 20:41:59.216968,49,high,mixed
151,2024-02-03 20:33:21.702938,63,low,aerobic
151,2024-02-07 16:25:31.250251,79,moderate,mixed
151,2024-02-09 15:59:33.905459,38,moderate,aerobic
151,2024-02-11 13:22:33.723842,71,moderate,aerobic
151,2024-02-17 15:48:12.565789,30,low,aerobic
151,2024-02-20 18:09:00.421381,60,high,aerobic
151,2024-02-25 16:17:58.862597,54,moderate,mixed
151,2024-02-28 15:29:21.758058,21,moderate,aerobic
151,2024-02-28 19:00:30.619273,59,moderate,anaerobic
151,2024-03-05 20:01:28.104956,49,moderate,aerobic
151,2024-03-06 08:41:44.419848,42,low,aerobic
151,2024-03-07 19:18:04.119093,37,low,aerobic
151,2024-03-10 21:23:22.812172,43,low,aerobic
151,2024-03-12 16:33:33.984599,23,high,aerobic
151,2024-03-13 12:54:52.566479,38,high,anaerobic
151,2024-03-17 12:46:58.421543,31,low,aerobic
151,2024-03-17 12:56:55.212521,49,high,aerobic
151,2024-03-19 16:28:12.209760,62,low,mixed
151,2024-03-23 07:51:09.651090,52,high,anaerobic
151,2024-03-24 13:04:42.153794,26,low,aerobic
151,2024-03-24 19:08:56.368318,39,moderate,anaerobic
151,2024-03-29 11:58:18.863132,48,low,anaerobic
151,2024-03-31 17:46:33.142185,69,low,aerobic
151,2024-04-01 15:21:32.734262,46,moderate,anaerobic
151,2024-04-01 19:20:20.515186,33,high,aerobic
151,2024-04-06 15:20:50.408048,51,low,aerobic
151,2024-04-07 14:02:27.810069,26,high,anaerobic
151,2024-04-09 14:49:28.220298,30,high,aerobic
151,2024-04-12 18:36:55.776935,61,moderate,anaerobic
151,2024-04-14 11:27:20.282985,59,moderate,aerobic
151,2024-04-15 10:16:14.720784,54,high,aerobic
151,2024-04-16 16:03:28.967832,78,high,aerobic
151,2024-04-22 17:33:37.854477,60,moderate,aerobic
151,2024-04-24 17:35:49.891937,75,moderate,aerobic
151,2024-04-25 18:43:55.236923,28,high,anaerobic
151,2024-04-26 08:23:31.824969,26,high,anaerobic
151,2024-04-28 18:14:11.002544,46,low,aerobic
151,2024-04-30 07:34:39.418990,61,moderate,aerobic
151,2024-04-30 08:43:59.333178,34,moderate,aerobic
151,2024-05-02 07:36:21.912745,30,low,mixed
151,2024-05-03 13:15:22.170920,26,low,anaerobic
151,2024-05-03 15:46:40.512317,30,moderate,aerobic
151,2024-05-04 20:59:35.391994,28,moderate,aerobic
151,2024-05-07 20:30:20.124885,56,high,mixed
151,2024-05-08 07:15:35.077869,59,high,aerobic
151,2024-05-09 20:54:07.626412,47,moderate,aerobic
151,2024-05-10 19:18:28.214995,72,moderate,aerobic
151,2024-05-11 07:25:07.999052,64,high,anaerobic
151,2024-05-15 13:57:00.497398,31,low,mixed
151,2024-05-16 12:59:13.033576,55,moderate,mixed
151,2024-05-17 20:34:46.863553,24,low,aerobic
151,2024-05-22 08:49:14.895642,26,high,aerobic
151,2024-05-25 20:11:03.921216,26,high,anaerobic
151,2024-05-27 10:41:06.533564,42,moderate,aerobic
151,2024-05-28 18:52:46.203839,35,moderate,anaerobic
151,2024-05-30 16:30:31.215559,79,low,aerobic
151,2024-05-31 13:05:43.349293,47,high,aerobic
151,2024-06-01 13:31:10.516743,45,moderate,mixed
151,2024-06-08 17:49:19.670444,52,low,aerobic
151,2024-06-13 08:37:02.062334,44,moderate,anaerobic
151,2024-06-17 09:51:41.915714,59,moderate,aerobic
151,2024-06-17 16:56:15.298911,29,moderate,aerobic
151,2024-06-19 20:17:08.529256,64,low,aerobic
151,2024-06-26 08:32:13.164018,56,low,anaerobic
151,2024-06-26 13:00:40.873500,41,low,mixed
151,2024-06-28 10:56:27.000809,73,low,aerobic
151,2024-06-28 19:57:44.930904,39,low,mixed
152,2024-01-03 14:45:52.586969,23,high,aerobic
152,2024-01-07 08:20:40.902888,43,low,anaerobic
152,2024-01-07 13:47:25.641986,79,high,aerobic
152,2024-01-17 15:45:55.947264,38,moderate,mixed
152,2024-01-23 16:42:40.248165,75,moderate,anaerobic
152,2024-01-25 16:24:27.431621,52,high,mixed
152,2024-01-26 20:56:15.677565,44,moderate,aerobic
152,2024-01-26 20:59:02.055867,54,high,mixed
152,2024-01-28 07:46:27.769569,51,low,anaerobic
152,2024-02-03 11:29:04.694208,74,moderate,aerobic
152,2024-02-06 16:38:25.776952,61,high,anaerobic
152,2024-02-06 19:36:58.153259,64,moderate,anaerobic
152,2024-02-10 10:38:16.832629,62,moderate,aerobic
152,2024-02-11 11:04:59.820443,34,moderate,anaerobic
152,2024-02-12 09:45:14.017959,64,moderate,aerobic
152,2024-02-12 20:57:44.397501,23,low,anaerobic
152,2024-02-20 07:11:34.804618,56,high,aerobic
152,2024-02-25 10:03:41.659142,68,low,mixed
152,2024-02-28 19:27:42.144860,67,moderate,aerobic
152,2024-03-01 18:54:23.510497,35,moderate,anaerobic
152,2024-03-12 13:02:02.496651,31,moderate,aerobic
152,2024-03-12 20:07:49.441565,34,low,aerobic
152,2024-03-13 13:02:03.941800,66,low,mixed
152,2024-03-16 20:28:06.227514,70,moderate,aerobic
152,2024-03-23 20:59:19.627547,53,low,aerobic
152,2024-03-24 09:14:04.030297,75,moderate,aerobic
152,2024-04-02 20:09:22.940928,22,low,anaerobic
152,2024-04-03 16:41:50.052909,50,moderate,mixed
152,2024-04-09 18:24:22.974719,59,moderate,aerobic
152,2024-04-11 16:57:17.249728,74,moderate,anaerobic
152,2024-04-14 17:13:24.448791,71,moderate,mixed
152,2024-04-15 16:45:25.925432,43,high,anaerobic
152,2024-04-24 10:05:14.602965,35,low,anaerobic
152,2024-05-07 20:14:25.197173,60,moderate,aerobic
152,2024-05-08 20:01:01.917580,57,low,mixed
152,2024-05-14 07:55:19.972776,76,low,aerobic
152,2024-05-14 18:17:30.214562,49,low,aerobic
152,2024-05-17 09:40:10.245313,45,low,aerobic
152,2024-05-18 19:22:18.447790,40,moderate,aerobic
152,2024-05-19 08:44:52.926818,74,low,aerobic
152,2024-05-20 19:35:21.462454,27,low,mixed
152,2024-05-24 07:48:30.531197,72,low,mixed
152,2024-05-28 11:07:12.439896,69,low,mixed
152,2024-06-01 13:10:13.045111,60,low,aerobic
152,2024-06-04 15:33:48.374874,20,moderate,anaerobic
152,2024-06-11 07:50:40.608867,64,moderate,anaerobic
152,2024-06-20 09:05:12.494362,78,moderate,anaerobic
152,2024-06-23 12:21:01.431101,31,moderate,mixed
152,2024-06-27 09:46:09.352931,24,high,aerobic
152,2024-06-28 20:20:40.700210,72,moderate,anaerobic
153,2024-01-01 20:30:20.302673,64,low,anaerobic
153,2024-01-02 12:19:56.674230,38,low,mixed
153,2024-01-03 14:57:12.080147,63,moderate,mixed
153,2024-01-05 17:46:05.710533,40,moderate,aerobic
153,2024-01-07 11:41:10.674636,32,high,anaerobic
153,2024-01-17 19:31:42.507912,45,low,aerobic
153,2024-01-22 10:10:43.925761,72,moderate,aerobic
153,2024-01-23 20:28:38.639556,64,low,aerobic
153,2024-01-30 20:28:44.007295,48,low,anaerobic
153,2024-02-01 18:47:43.566319,57,moderate,aerobic
153,2024-02-04 19:35:59.217691,24,moderate,anaerobic
153,2024-02-09 20:10:42.382930,71,moderate,aerobic
153,2024-02-17 14:33:31.758443,22,low,mixed
153,2024-02-18 08:20:39.883839,67,high,anaerobic
153,2024-02-20 19:05:28.408850,39,moderate,anaerobic
153,2024-02-22 13:34:40.347208,37,moderate,aerobic
153,2024-02-23 10:58:05.979414,37,moderate,aerobic
153,2024-02-26 12:42:50.159792,78,high,anaerobic
153,2024-03-07 08:58:53.982083,75,moderate,anaerobic
153,2024-03-12 15:14:09.233396,65,low,aerobic
153,2024-03-17 20:15:39.307357,22,high,aerobic
153,2024-03-20 20:29:24.482348,56,high,anaerobic
153,2024-03-24 13:55:01.151325,78,low,mixed
153,2024-03-24 14:07:21.199968,56,low,aerobic
153,2024-03-31 14:40:51.989694,30,moderate,aerobic
153,2024-04-03 13:40:40.025011,52,high,aerobic
153,2024-04-03 14:57:32.320466,35,low,anaerobic
153,2024-04-08 18:03:21.386582,22,high,aerobic
153,2024-04-11 14:21:45.734733,45,moderate,anaerobic
153,2024-04-15 09:55:13.247053,43,moderate,aerobic
153,2024-04-20 07:55:50.807065,64,moderate,aerobic
153,2024-04-20 12:25:23.354636,30,low,mixed
153,2024-04-27 18:07:30.912727,30,moderate,mixed
153,2024-05-04 09:41:14.751873,44,low,aerobic
153,2024-05-05 18:08:26.181968,34,moderate,mixed
153,2024-05-08 09:45:10.332187,48,high,anaerobic
153,2024-05-09 20:14:05.902717,50,low,anaerobic
153,2024-05-10 09:59:19.718331,46,moderate,aerobic
153,2024-05-13 07:05:02.811393,74,high,mixed
153,2024-05-19 20:29:10.501876,23,moderate,aerobic
153,2024-06-04 08:52:59.016151,67,moderate,mixed
153,2024-06-06 16:09:50.831265,22,moderate,anaerobic
153,2024-06-13 08:49:17.670430,40,high,mixed
153,2024-06-16 12:58:44.553945,55,low,aerobic
153,2024-06-16 19:57:51.726051,24,moderate,aerobic
153,2024-06-27 20:52:12.048667,20,high,aerobic
154,2024-01-02 07:33:03.594799,61,moderate,aerobic
154,2024-01-03 08:22:17.950644,73,moderate,mixed
154,2024-01-03 09:01:40.325188,21,low,aerobic
154,2024-01-05 08:22:10.478877,73,high,anaerobic
154,2024-01-05 14:16:33.011171,28,moderate,aerobic
154,2024-01-07 17:37:38.987942,45,moderate,anaerobic
154,2024-01-10 14:58:14.648588,20,moderate,aerobic
154,2024-01-11 15:13:51.781018,55,low,mixed
154,2024-01-11 15:26:10.874936,36,moderate,mixed
154,2024-01-13 19:59:35.212387,58,moderate,anaerobic
154,2024-01-14 17:14:19.210623,49,moderate,mixed
154,2024-01-16 20:48:03.327701,70,moderate,aerobic
154,2024-01-17 12:26:29.913173,60,high,mixed
154,2024-01-23 19:44:41.338285,38,moderate,mixed
154,2024-01-24 10:16:09.125944,71,moderate,aerobic
154,2024-01-25 07:54:45.549759,69,low,aerobic
154,2024-01-28 19:37:41.704644,42,high,aerobic
154,2024-01-29 12:21:42.531875,47,low,anaerobic
154,2024-01-29 16:56:51.239008,44,high,mixed
154,2024-01-30 10:15:15.520307,39,high,aerobic
154,2024-01-31 09:44:05.821295,35,moderate,anaerobic
154,2024-01-31 16:46:46.401205,28,low,aerobic
154,2024-02-02 07:49:22.304448,21,low,aerobic
154,2024-02-03 20:31:58.115386,61,low,anaerobic
154,2024-02-04 12:52:51.302310,73,high,mixed
154,2024-02-07 17:23:10.678338,31,low,aerobic
154,2024-02-07 19:32:56.395136,35,moderate,aerobic
154,2024-02-10 16:56:10.842119,44,moderate,mixed
154,2024-02-11 07:58:17.649046,76,moderate,anaerobic
154,2024-02-13 19:18:04.917654,33,moderate,anaerobic
154,2024-02-20 11:23:04.979081,63,high,mixed
154,2024-02-23 16:25:57.428117,77,high,aerobic
154,2024-02-26 14:35:38.705723,26,moderate,mixed
154,2024-02-28 09:39:54.095629,31,low,aerobic
154,2024-02-28 16:38:59.125798,75,moderate,anaerobic
154,2024-03-01 19:47:13.451148,36,high,aerobic
154,2024-03-06 15:33:52.616123,37,high,anaerobic
154,2024-03-07 20:56:55.034961,77,moderate,mixed
154,2024-03-12 08:31:29.764904,36,low,mixed
154,2024-03-15 10:42:15.930738,43,low,aerobic
154,2024-03-15 12:22:08.258032,23,low,mixed
154,2024-03-16 15:37:09.979377,60,high,anaerobic
154,2024-03-20 18:43:31.720187,70,high,aerobic
154,2024-03-21 10:39:09.230361,48,high,aerobic
154,2024-03-22 15:39:18.420960,44,moderate,aerobic
154,2024-03-24 17:33:36.786067,58,moderate,anaerobic
154,2024-03-25 17:50:30.881580,29,moderate,aerobic
154,2024-03-25 19:53:26.571340,54,moderate,anaerobic
154,2024-03-30 18:32:32.839136,38,moderate,aerobic
154,2024-03-31 20:00:33.644848,63,moderate,anaerobic
154,2024-04-01 15:54:26.948012,34,high,anaerobic
154,2024-04-04 17:24:12.765697,63,moderate,aerobic
154,2024-04-08 20:19:27.198192,24,high,aerobic
154,2024-04-09 12:49:22.165489,56,moderate,anaerobic
154,2024-04-10 20:24:55.589599,33,high,anaerobic
154,2024-04-12 15:24:38.866720,41,moderate,aerobic
154,2024-04-28 14:37:57.608519,52,moderate,anaerobic
154,2024-04-29 16:57:50.296817,52,moderate,anaerobic
154,2024-05-01 10:08:15.708354,40,low,aerobic
154,2024-05-02 19:01:20.565839,34,moderate,aerobic
154,2024-05-05 11:27:44.461898,53,low,aerobic
154,2024-05-07 16:19:44.817592,26,low,anaerobic
154,2024-05-08 19:20:00.597387,33,moderate,anaerobic
154,2024-05-10 15:01:41.055117,79,low,aerobic
154,2024-05-12 17:30:17.653392,21,moderate,aerobic
154,2024-05-13 17:28:05.161692,26,high,anaerobic
154,2024-05-14 10:43:00.777850,31,moderate,aerobic
154,2024-05-14 14:25:09.726163,44,low,mixed
154,2024-05-17 12:59:52.998193,64,high,aerobic
154,2024-05-18 19:26:27.432057,30,low,anaerobic
154,2024-05-21 12:08:49.122609,45,low,aerobic
154,2024-05-22 07:51:08.116602,45,high,aerobic
154,2024-05-22 10:16:06.659075,78,high,aerobic
154,2024-05-25 17:01:27.372195,35,moderate,anaerobic
154,2024-05-30 09:12:38.215163,54,moderate,anaerobic
154,2024-05-31 11:25:51.862329,79,moderate,anaerobic
154,2024-06-01 19:54:47.753014,41,low,mixed
154,2024-06-03 20:11:19.229638,66,high,aerobic
154,2024-06-09 07:39:37.516934,37,low,anaerobic
154,2024-06-11 10:05:49.075422,63,low,aerobic
154,2024-06-13 12:30:12.673083,34,low,aerobic
154,2024-06-14 08:01:08.304694,43,low,aerobic
154,2024-06-19 11:23:20.858495,78,high,aerobic
154,2024-06-21 18:36:17.547134,53,moderate,aerobic
154,2024-06-23 11:55:02.938531,22,high,mixed
155,2024-01-01 07:32:06.048490,39,high,anaerobic
155,2024-01-01 18:11:55.962103,70,low,mixed
155,2024-01-03 19:44:08.754118,51,low,mixed
155,2024-01-04 17:50:03.480040,33,moderate,aerobic
155,2024-01-05 11:35:26.248084,73,moderate,anaerobic
155,2024-01-07 12:05:46.851249,33,low,aerobic
155,2024-01-07 14:32:20.243340,51,low,aerobic
155,2024-01-12 08:43:43.712261,27,low,anaerobic
155,2024-01-14 13:50:50.694576,77,high,mixed
155,2024-01-16 10:08:43.178597,50,moderate,mixed
155,2024-01-18 08:20:02.165377,27,low,mixed
155,2024-01-21 08:21:50.935069,54,high,aerobic
155,2024-01-24 16:58:12.971608,28,low,aerobic
155,2024-01-25 07:31:22.156651,37,high,aerobic
155,2024-01-25 15:36:50.485213,33,high,aerobic
155,2024-01-27 19:42:58.567679,78,moderate,anaerobic
155,2024-01-29 10:17:25.602412,37,low,aerobic
155,2024-02-08 11:11:09.951153,22,moderate,anaerobic
155,2024-02-11 13:29:54.601046,69,low,mixed
155,2024-02-11 15:59:33.906631,25,moderate,aerobic
155,2024-02-13 14:52:11.200017,34,moderate,aerobic
155,2024-02-14 16:34:17.870821,41,moderate,aerobic
155,2024-02-16 14:50:47.068789,24,moderate,mixed
155,2024-02-16 16:44:57.317276,48,high,aerobic
155,2024-02-17 13:02:14.609968,62,low,anaerobic
155,2024-02-17 18:14:47.645404,45,moderate,aerobic
155,2024-02-18 12:51:50.201475,65,moderate,aerobic
155,2024-02-20 14:37:33.131990,60,moderate,aerobic
155,2024-02-21 20:41:53.122325,75,moderate,anaerobic
155,2024-02-23 07:42:54.071724,20,low,anaerobic
155,2024-02-24 15:15:06.208360,64,moderate,anaerobic
155,2024-02-28 17:35:31.808221,58,moderate,aerobic
155,2024-03-06 16:03:01.410411,43,moderate,anaerobic
155,2024-03-08 16:06:22.849963,39,moderate,aerobic
155,2024-03-08 17:02:48.537282,66,moderate,mixed
155,2024-03-09 20:09:05.770224,58,moderate,anaerobic
155,2024-03-11 08:51:00.358445,38,moderate,aerobic
155,2024-03-13 19:45:47.953362,48,moderate,aerobic
155,2024-03-14 13:26:56.071743,77,moderate,anaerobic
155,2024-03-18 20:47:16.575406,55,low,mixed
155,2024-03-19 12:26:34.500752,22,moderate,mixed
155,2024-03-22 16:21:43.775519,53,moderate,mixed
155,2024-03-23 18:04:50.793427,50,moderate,mixed
155,2024-03-26 15:06:42.693615,30,low,aerobic
155,2024-03-28 17:01:23.072898,46,low,anaerobic
155,2024-03-30 08:54:48.866418,61,moderate,mixed
155,2024-04-01 19:24:15.426608,63,moderate,mixed
155,2024-04-04 15:39:12.240583,78,moderate,mixed
155,2024-04-05 08:37:23.917289,63,low,aerobic
155,2024-04-07 08:18:22.963358,38,moderate,mixed
155,2024-04-07 16:31:50.837616,26,moderate,anaerobic
155,2024-04-19 20:24:31.355773,59,high,aerobic
155,2024-04-21 18:37:45.530994,72,high,anaerobic
155,2024-04-25 08:30:46.920546,62,low,aerobic
155,2024-04-25 10:23:14.173652,48,low,aerobic
155,2024-04-26 20:38:15.104248,31,low,anaerobic
155,2024-05-02 09:35:16.205716,46,moderate,aerobic
155,2024-05-02 16:14:55.383038,51,moderate,aerobic
155,2024-05-04 20:16:14.633480,43,low,aerobic
155,2024-05-05 15:10:24.168050,62,low,anaerobic
155,2024-05-10 19:54:43.052499,58,moderate,aerobic
155,2024-05-12 12:05:13.267576,71,moderate,aerobic
155,2024-05-13 15:02:09.419496,40,high,aerobic
155,2024-05-18 17:51:35.507369,33,moderate,aerobic
155,2024-05-19 13:39:08.563271,45,moderate,aerobic
155,2024-05-23 18:25:19.886052,73,moderate,aerobic
155,2024-05-27 07:37:08.257121,31,high,anaerobic
155,2024-05-27 14:44:47.995665,47,moderate,aerobic
155,2024-05-29 21:01:24.239175,78,moderate,mixed
155,2024-05-31 18:56:42.051198,30,moderate,aerobic
155,2024-06-01 16:15:22.414755,76,high,aerobic
155,2024-06-02 09:55:51.196062,52,moderate,aerobic
155,2024-06-09 20:18:02.329773,47,moderate,aerobic
155,2024-06-10 11:53:31.078055,71,moderate,mixed
155,2024-06-12 09:46:27.244470,68,moderate,mixed
155,2024-06-13 13:58:30.861463,32,low,anaerobic
155,2024-06-14 20:11:45.279806,25,high,aerobic
155,2024-06-15 13:53:58.803680,33,moderate,mixed
155,2024-06-15 18:49:57.671701,25,low,aerobic
155,2024-06-17 09:57:48.529984,38,high,anaerobic
155,2024-06-18 15:23:57.830225,42,moderate,anaerobic
155,2024-06-21 13:21:32.904204,66,low,mixed
155,2024-06-26 13:53:59.814005,53,low,anaerobic
155,2024-06-28 13:35:12.736860,45,low,aerobic
156,2024-01-02 19:44:47.711211,27,high,anaerobic
156,2024-01-04 13:49:45.448414,78,moderate,anaerobic
156,2024-01-10 12:32:15.558974,70,moderate,anaerobic
156,2024-01-11 11:56:02.074434,27,high,aerobic
156,2024-01-12 12:28:34.038586,34,moderate,mixed
156,2024-01-27 18:20:49.312507,48,low,mixed
156,2024-01-29 10:23:20.766721,68,high,anaerobic
156,2024-02-01 10:00:12.253407,48,high,anaerobic
156,2024-02-05 11:38:13.002344,44,low,aerobic
156,2024-02-13 13:28:50.790957,20,low,anaerobic
156,2024-02-13 13:39:48.997683,45,moderate,aerobic
156,2024-02-14 10:45:28.330035,40,moderate,aerobic
156,2024-02-18 09:44:24.136051,73,low,anaerobic
156,2024-02-21 10:45:02.884218,21,moderate,mixed
156,2024-02-24 13:38:46.443180,30,low,anaerobic
156,2024-02-26 20:13:40.738411,66,high,aerobic
156,2024-03-04 10:44:12.220478,73,low,anaerobic
156,2024-03-04 15:18:59.355635,72,moderate,aerobic
156,2024-03-05 10:22:57.131442,40,high,mixed
156,2024-03-06 10:50:35.540660,65,moderate,aerobic
156,2024-03-06 11:27:49.971257,77,high,mixed
156,2024-03-09 15:15:21.615053,52,high,aerobic
156,2024-03-11 16:17:09.581815,74,moderate,mixed
156,2024-03-12 20:10:55.705121,69,high,aerobic
156,2024-03-13 09:26:36.632609,27,moderate,anaerobic
156,2024-03-22 10:16:37.908770,22,high,anaerobic
156,2024-03-25 08:44:58.223704,33,moderate,aerobic
156,2024-03-25 09:39:09.238162,37,moderate,aerobic
156,2024-03-26 09:09:02.815280,57,moderate,aerobic
156,2024-03-26 18:10:24.418082,77,moderate,aerobic
156,2024-03-27 17:44:43.538562,70,moderate,aerobic
156,2024-03-28 20:19:46.960501,69,low,aerobic
156,2024-04-12 15:13:00.048333,49,low,aerobic
156,2024-04-14 13:04:54.625459,45,moderate,aerobic
156,2024-04-15 20:19:29.389195,29,moderate,aerobic
156,2024-04-16 10:37:22.936240,63,low,mixed
156,2024-04-28 20:54:26.286090,59,moderate,mixed
156,2024-04-30 09:52:26.288632,55,moderate,aerobic
156,2024-05-04 07:46:13.911480,54,moderate,aerobic
156,2024-05-04 17:23:53.983745,36,high,aerobic
156,2024-05-07 09:27:49.748656,74,moderate,aerobic
156,2024-05-09 13:52:09.625059,52,moderate,aerobic
156,2024-05-10 08:07:49.197961,69,moderate,aerobic
156,2024-05-15 13:21:20.470395,21,low,anaerobic
156,2024-05-17 09:58:32.881940,52,low,aerobic
156,2024-05-17 11:27:58.775463,48,low,anaerobic
156,2024-05-24 09:31:58.625213,76,low,aerobic
156,2024-05-29 11:58:19.771375,49,moderate,mixed
156,2024-05-30 08:32:10.506731,30,moderate,mixed
156,2024-06-07 20:04:34.474605,42,moderate,aerobic
156,2024-06-08 15:13:17.116394,47,moderate,aerobic
156,2024-06-09 13:06:32.755939,64,low,anaerobic
156,2024-06-11 20:37:00.995084,46,low,mixed
156,2024-06-12 10:34:10.903552,25,low,anaerobic
156,2024-06-17 16:36:51.417987,25,low,anaerobic
156,2024-06-18 09:40:52.360417,56,moderate,mixed
156,2024-06-21 11:07:53.567005,24,moderate,aerobic
156,2024-06-25 10:28:36.864947,49,moderate,anaerobic
156,2024-06-28 10:13:11.975042,65,moderate,anaerobic
157,2024-01-01 16:36:47.165323,63,moderate,mixed
157,2024-01-03 13:21:49.233649,22,moderate,mixed
157,2024-01-03 15:20:53.536194,62,moderate,anaerobic
157,2024-01-04 07:49:01.138030,24,moderate,anaerobic
157,2024-01-09 19:00:29.710389,62,moderate,aerobic
157,2024-01-11 09:41:15.325963,27,moderate,aerobic
157,2024-01-15 20:43:16.713136,33,high,aerobic
157,2024-01-18 13:06:21.695439,77,high,mixed
157,2024-01-20 18:46:34.162788,59,low,aerobic
157,2024-01-31 13:23:12.176138,27,moderate,aerobic
157,2024-02-02 17:30:17.681008,28,low,aerobic
157,2024-02-07 09:23:20.210622,33,high,aerobic
157,2024-02-10 18:58:27.891466,42,low,anaerobic
157,2024-02-17 14:52:10.570278,44,moderate,mixed
157,2024-02-18 08:05:47.869892,21,low,aerobic
157,2024-02-25 12:54:49.810675,44,moderate,anaerobic
157,2024-02-29 13:41:15.323811,79,moderate,aerobic
157,2024-03-02 12:12:19.879158,73,high,mixed
157,2024-03-06 11:51:56.631412,53,low,aerobic
157,2024-03-12 19:08:53.210568,60,moderate,mixed
157,2024-03-14 12:20:14.621646,56,low,anaerobic
157,2024-03-19 20:39:45.595361,38,moderate,anaerobic
157,2024-03-20 19:39:44.618673,72,moderate,anaerobic
157,2024-03-23 07:43:58.315533,30,low,aerobic
157,2024-03-26 17:45:56.169581,32,low,aerobic
157,2024-04-09 12:40:42.722528,21,moderate,aerobic
157,2024-04-10 16:07:14.957197,72,low,mixed
157,2024-04-14 15:52:24.486935,67,high,aerobic
157,2024-04-15 18:42:38.537713,42,moderate,aerobic
157,2024-04-16 17:26:21.868318,27,high,anaerobic
157,2024-04-18 12:51:28.776416,35,moderate,aerobic
157,2024-04-19 12:36:09.993712,53,moderate,aerobic
157,2024-04-21 14:12:02.381131,43,low,aerobic
157,2024-04-24 10:47:54.388158,22,high,mixed
157,2024-04-25 16:16:30.707907,27,high,anaerobic
157,2024-05-02 15:27:54.145766,47,moderate,anaerobic
157,2024-05-08 11:21:17.187867,76,low,mixed
157,2024-05-08 16:45:25.739363,29,moderate,aerobic
157,2024-05-20 07:43:17.188099,56,low,mixed
157,2024-05-22 14:29:56.592294,52,low,mixed
157,2024-05-24 08:58:26.558668,26,low,mixed
157,2024-05-25 15:21:21.020887,21,low,anaerobic
157,2024-06-01 17:05:21.926824,73,moderate,anaerobic
157,2024-06-07 07:08:29.429718,29,moderate,aerobic
157,2024-06-15 19:12:05.113956,60,low,aerobic
157,2024-06-16 20:31:49.855603,43,moderate,mixed
157,2024-06-17 17:54:47.411454,74,moderate,mixed
157,2024-06-20 14:39:47.469330,60,high,aerobic
157,2024-06-21 11:03:13.459960,69,moderate,aerobic
158,2024-01-12 15:42:57.533524,54,moderate,aerobic
158,2024-01-13 17:35:16.063654,59,moderate,anaerobic
158,2024-01-13 19:40:45.650354,64,moderate,aerobic
158,2024-01-14 18:39:59.922687,29,low,anaerobic
158,2024-01-15 13:38:38.115990,23,moderate,aerobic
158,2024-01-19 17:48:57.675439,43,moderate,aerobic
158,2024-01-22 09:12:45.999578,64,moderate,aerobic
158,2024-01-23 17:47:20.267206,74,moderate,aerobic
158,2024-02-11 07:40:56.728762,43,low,aerobic
158,2024-02-15 11:01:25.091477,66,low,mixed
158,2024-02-16 19:24:07.583287,35,moderate,mixed
158,2024-02-18 19:47:07.800289,33,high,mixed
158,2024-02-22 12:45:32.354094,76,high,anaerobic
158,2024-02-29 17:29:44.080648,25,high,aerobic
158,2024-03-01 09:45:36.912335,20,moderate,anaerobic
158,2024-03-13 08:06:30.524518,33,low,aerobic
158,2024-03-19 15:40:18.857540,57,moderate,aerobic
158,2024-03-21 20:16:27.832473,67,low,mixed
158,2024-03-31 13:15:19.655822,54,moderate,aerobic
158,2024-04-10 10:02:28.290963,58,high,anaerobic
158,2024-04-24 21:28:35.080843,79,moderate,anaerobic
158,2024-04-26 11:01:00.694710,23,low,mixed
158,2024-04-29 20:12:16.938728,27,moderate,mixed
158,2024-05-05 17:18:15.741296,56,high,aerobic
158,2024-05-17 12:25:48.708223,30,moderate,aerobic
158,2024-05-23 18:42:37.012378,68,high,aerobic
158,2024-05-27 08:52:38.785439,73,moderate,anaerobic
158,2024-05-28 17:59:17.545476,48,moderate,aerobic
158,2024-05-30 19:08:19.001457,31,moderate,mixed
158,2024-06-04 13:16:58.881196,29,low,aerobic
158,2024-06-10 15:38:22.228485,69,moderate,mixed
158,2024-06-18 16:28:59.208172,28,high,anaerobic
158,2024-06-23 17:41:18.524644,44,moderate,mixed
158,2024-06-25 10:33:39.737542,27,moderate,anaerobic
159,2024-01-06 20:13:15.914585,29,moderate,mixed
159,2024-01-14 15:28:47.946342,48,moderate,aerobic
159,2024-01-15 12:34:32.865941,75,high,aerobic
159,2024-01-19 10:51:22.112416,53,high,mixed
159,2024-01-19 19:10:44.109343,37,high,anaerobic
159,2024-01-26 12:39:44.592563,52,moderate,anaerobic
159,2024-01-30 09:53:47.045292,25,low,mixed
159,2024-01-31 13:06:52.526218,27,moderate,anaerobic
159,2024-02-04 19:41:46.719500,47,moderate,aerobic
159,2024-02-05 10:36:06.546247,55,low,aerobic
159,2024-02-07 19:07:37.335691,21,moderate,anaerobic
159,2024-02-08 11:25:03.200348,23,moderate,aerobic
159,2024-02-11 08:44:43.169233,41,low,anaerobic
159,2024-02-11 20:22:48.074489,37,low,aerobic
159,2024-02-12 10:36:50.687536,70,moderate,aerobic
159,2024-02-13 08:57:25.080314,22,high,aerobic
159,2024-02-14 15:39:39.190038,29,high,anaerobic
159,2024-02-27 13:48:54.138133,51,high,mixed
159,2024-02-28 13:44:44.608918,21,moderate,mixed
159,2024-02-29 19:24:05.034404,57,moderate,aerobic
159,2024-03-02 15:10:30.005436,50,moderate,aerobic
159,2024-03-04 13:57:18.592025,32,moderate,anaerobic
159,2024-03-11 09:50:00.232482,29,high,anaerobic
159,2024-03-11 20:26:37.038649,75,moderate,aerobic
159,2024-03-14 20:33:03.477178,66,low,aerobic
159,2024-03-21 12:42:04.228010,65,moderate,anaerobic
159,2024-03-26 13:10:24.788916,43,moderate,anaerobic
159,2024-03-27 08:04:11.208807,76,high,anaerobic
159,2024-03-31 21:03:22.753200,63,moderate,anaerobic
159,2024-04-03 07:44:04.231829,73,moderate,aerobic
159,2024-04-03 13:58:45.579962,33,moderate,mixed
159,2024-04-05 12:46:55.809174,74,low,mixed
159,2024-04-07 08:33:54.400808,40,moderate,anaerobic
159,2024-04-09 13:20:18.146582,51,moderate,aerobic
159,2024-04-10 10:51:39.279389,61,low,aerobic
159,2024-04-11 19:57:40.001547,67,moderate,aerobic
159,2024-04-14 13:13:37.502330,40,moderate,anaerobic
159,2024-04-24 09:19:39.592732,31,low,aerobic
159,2024-05-02 19:05:50.215627,45,moderate,anaerobic
159,2024-05-07 11:50:03.833847,34,moderate,aerobic
159,2024-05-11 12:26:19.653298,55,low,mixed
159,2024-05-14 17:54:17.710809,49,moderate,anaerobic
159,2024-05-17 07:31:17.596899,45,moderate,aerobic
159,2024-05-18 17:16:44.881432,39,low,aerobic
159,2024-05-19 09:52:32.131311,22,low,aerobic
159,2024-05-23 10:14:04.503389,70,high,mixed
159,2024-05-27 19:39:20.283798,55,moderate,aerobic
159,2024-05-28 16:44:57.371215,56,high,mixed
159,2024-05-30 09:19:18.194412,30,low,mixed
159,2024-06-04 14:25:53.671745,26,low,anaerobic
159,2024-06-08 14:41:13.744755,35,moderate,anaerobic
159,2024-06-10 09:00:28.816548,69,high,aerobic
159,2024-06-15 08:49:50.319344,35,moderate,aerobic
159,2024-06-19 17:56:50.772571,28,moderate,mixed
159,2024-06-20 20:17:57.171115,27,moderate,anaerobic
159,2024-06-21 19:36:53.266334,21,moderate,mixed
159,2024-06-24 11:34:32.354866,76,low,aerobic
160,2024-01-03 18:46:48.655278,27,low,aerobic
160,2024-01-06 17:03:24.997835,34,low,aerobic
160,2024-01-07 07:34:25.519083,73,low,mixed
160,2024-01-09 17:57:42.098622,67,low,aerobic
160,2024-01-09 19:16:04.969892,54,high,aerobic
160,2024-01-12 16:17:24.093577,74,low,mixed
160,2024-01-17 12:18:54.768248,78,low,aerobic
160,2024-01-23 09:21:17.893763,47,low,anaerobic
160,2024-01-24 18:18:01.629482,29,low,aerobic
160,2024-01-25 20:46:30.263729,21,low,anaerobic
160,2024-01-26 07:42:13.679527,59,moderate,aerobic
160,2024-02-04 16:25:27.947591,48,moderate,mixed
160,2024-02-06 11:33:56.657418,28,high,aerobic
160,2024-02-07 20:42:39.953622,22,low,aerobic
160,2024-02-08 13:03:59.196675,73,high,aerobic
160,2024-02-11 19:19:40.173251,26,moderate,aerobic
160,2024-02-12 20:32:36.663283,74,moderate,aerobic
160,2024-02-18 15:52:35.315445,79,moderate,mixed
160,2024-02-19 11:28:07.390515,21,moderate,anaerobic
160,2024-02-24 12:36:42.593698,71,low,mixed
160,2024-02-25 12:28:38.876040,49,moderate,aerobic
160,2024-02-27 08:54:51.062918,78,high,mixed
160,2024-03-04 11:45:10.982073,22,low,aerobic
160,2024-03-04 15:44:13.914309,45,low,aerobic
160,2024-03-06 08:22:52.072762,42,moderate,aerobic
160,2024-03-07 15:30:24.281660,73,moderate,aerobic
160,2024-03-12 21:01:18.683827,57,moderate,aerobic
160,2024-03-17 07:53:24.876354,41,high,aerobic
160,2024-03-20 09:22:36.643533,51,high,aerobic
160,2024-03-21 14:34:56.420240,27,moderate,anaerobic
160,2024-03-28 15:27:19.842870,37,moderate,aerobic
160,2024-03-29 17:13:51.933158,72,low,aerobic
160,2024-03-31 15:56:56.688105,73,low,anaerobic
160,2024-04-03 14:25:40.062027,71,low,aerobic
160,2024-04-07 15:10:57.618894,67,low,aerobic
160,2024-04-09 13:25:55.582811,49,moderate,anaerobic
160,2024-04-12 15:39:11.861556,30,high,anaerobic
160,2024-04-15 20:06:56.057830,69,low,aerobic
160,2024-04-22 12:15:08.480463,60,moderate,anaerobic
160,2024-04-24 13:55:34.150228,24,high,anaerobic
160,2024-05-01 19:44:21.009640,37,low,aerobic
160,2024-05-03 13:36:14.254860,23,high,aerobic
160,2024-05-06 17:24:03.654333,36,high,mixed
160,2024-05-07 11:19:56.172516,73,moderate,aerobic
160,2024-05-10 14:40:44.589043,27,low,mixed
160,2024-05-17 12:43:29.788393,55,low,aerobic
160,2024-05-18 13:47:37.003113,70,low,mixed
160,2024-05-24 13:45:55.337778,54,moderate,mixed
160,2024-05-26 08:25:22.561949,61,high,aerobic
160,2024-05-28 08:30:31.665309,53,low,aerobic
160,2024-05-29 20:25:24.501072,65,high,aerobic
160,2024-06-05 08:00:54.535611,42,high,aerobic
160,2024-06-07 19:52:41.139408,23,moderate,anaerobic
160,2024-06-16 20:17:34.908422,20,high,aerobic
160,2024-06-20 07:22:16.254256,74,high,aerobic
160,2024-06-21 16:08:48.947760,63,moderate,aerobic
160,2024-06-26 10:29:55.947835,52,moderate,mixed
160,2024-06-27 09:35:46.196792,64,moderate,aerobic
160,2024-06-27 10:00:36.664768,56,moderate,aerobic
161,2024-01-03 14:47:08.070002,70,moderate,aerobic
161,2024-01-03 19:14:20.846770,79,moderate,anaerobic
161,2024-01-06 14:22:36.687101,54,moderate,anaerobic
161,2024-01-12 18:44:04.980701,45,high,anaerobic
161,2024-01-14 08:16:32.544687,64,high,aerobic
161,2024-01-14 10:42:45.586292,44,low,anaerobic
161,2024-01-16 11:54:11.016278,28,high,aerobic
161,2024-01-18 18:36:58.912551,59,low,anaerobic
161,2024-01-19 14:32:59.124328,36,moderate,anaerobic
161,2024-01-21 20:12:33.386076,54,moderate,aerobic
161,2024-01-24 11:56:58.321983,48,moderate,mixed
161,2024-01-25 12:36:11.690195,58,high,anaerobic
161,2024-01-27 12:14:07.830374,71,low,mixed
161,2024-02-01 12:27:19.305680,38,low,anaerobic
161,2024-02-02 10:49:09.050413,31,low,aerobic
161,2024-02-10 15:02:59.539315,63,low,aerobic
161,2024-02-10 16:32:46.669123,31,moderate,aerobic
161,2024-02-14 21:08:39.245291,26,low,aerobic
161,2024-02-21 08:28:34.206605,22,high,anaerobic
161,2024-02-21 18:57:19.871294,34,high,mixed
161,2024-02-25 12:15:16.570642,36,low,aerobic
161,2024-02-26 07:55:36.465937,20,low,aerobic
161,2024-03-01 07:52:30.116606,45,moderate,aerobic
161,2024-03-01 09:23:49.005449,66,moderate,aerobic
161,2024-03-03 13:59:58.239742,69,moderate,aerobic
161,2024-03-11 08:21:59.022398,43,low,mixed
161,2024-03-11 20:36:06.656816,48,low,aerobic
161,2024-03-16 19:52:15.003787,30,high,aerobic
161,2024-03-17 13:26:40.892485,65,moderate,aerobic
161,2024-03-19 13:06:16.311126,78,moderate,anaerobic
161,2024-03-22 16:24:32.468004,41,high,anaerobic
161,2024-03-24 13:59:23.252278,73,high,aerobic
161,2024-03-29 11:41:40.515029,54,moderate,aerobic
161,2024-03-31 18:07:34.750843,66,moderate,mixed
161,2024-04-05 19:13:49.237873,73,moderate,mixed
161,2024-04-10 08:19:50.641251,67,high,mixed
161,2024-04-10 15:36:56.582513,36,low,anaerobic
161,2024-04-13 11:08:46.856667,68,moderate,aerobic
161,2024-04-15 14:24:01.978534,24,moderate,aerobic
161,2024-04-18 08:04:50.830447,23,low,aerobic
161,2024-04-19 11:11:47.271347,64,low,anaerobic
161,2024-04-19 20:44:24.408027,47,low,anaerobic
161,2024-04-21 09:48:24.440198,25,low,aerobic
161,2024-04-21 18:51:18.965037,42,moderate,aerobic
161,2024-04-28 09:57:03.787588,46,low,anaerobic
161,2024-04-28 18:24:41.878050,79,moderate,anaerobic
161,2024-05-01 18:38:08.505431,50,moderate,aerobic
161,2024-05-02 09:10:08.021142,53,moderate,aerobic
161,2024-05-04 10:26:18.353368,47,low,anaerobic
161,2024-05-08 14:45:30.283885,40,low,anaerobic
161,2024-05-18 19:30:56.034517,61,low,mixed
161,2024-05-21 18:19:22.659846,52,moderate,mixed
161,2024-05-31 19:29:37.668482,69,moderate,mixed
161,2024-06-04 07:51:14.489531,76,low,mixed
161,2024-06-05 20:09:52.162433,51,moderate,aerobic
161,2024-06-09 17:00:49.583104,77,low,aerobic
161,2024-06-09 17:31:05.667053,67,low,aerobic
161,2024-06-12 12:06:46.569189,25,low,aerobic
161,2024-06-14 08:59:20.788585,72,moderate,mixed
161,2024-06-18 20:11:12.813000,33,moderate,mixed
161,2024-06-19 09:56:28.785079,76,low,mixed
161,2024-06-21 11:49:14.935879,68,moderate,anaerobic
161,2024-06-22 14:04:25.886675,48,moderate,aerobic
161,2024-06-26 14:05:58.095131,79,moderate,aerobic
161,2024-06-27 16:07:22.400271,29,moderate,mixed
161,2024-06-28 09:15:36.556728,67,high,mixed
161,2024-06-28 18:17:52.071996,62,moderate,aerobic
162,2024-01-01 19:33:54.227926,78,moderate,mixed
162,2024-01-03 17:31:24.210184,30,moderate,aerobic
162,2024-01-14 18:47:57.793805,69,high,aerobic
162,2024-01-25 15:35:11.942846,38,high,mixed
162,2024-01-30 12:54:51.928674,30,moderate,aerobic
162,2024-02-02 13:55:22.741940,31,low,anaerobic
162,2024-02-04 08:32:21.595970,79,moderate,aerobic
162,2024-02-06 11:44:58.977317,27,moderate,aerobic
162,2024-02-07 14:30:12.807220,42,high,mixed
162,2024-02-14 14:50:33.925163,58,low,mixed
162,2024-02-14 17:43:15.238126,65,moderate,anaerobic
162,2024-02-16 12:23:41.488998,23,moderate,aerobic
162,2024-02-18 11:37:26.328586,73,low,aerobic
162,2024-02-21 16:33:55.993026,25,moderate,mixed
162,2024-02-22 09:42:26.428274,44,moderate,mixed
162,2024-02-23 07:53:18.967624,60,moderate,aerobic
162,2024-02-23 15:42:20.381505,47,low,mixed
162,2024-02-24 13:59:36.395612,27,low,anaerobic
162,2024-02-25 11:13:56.096516,38,moderate,mixed
162,2024-02-27 19:37:30.296151,26,low,mixed
162,2024-02-28 10:14:08.122845,50,moderate,mixed
162,2024-03-01 18:55:08.229647,65,high,aerobic
162,2024-03-02 17:39:02.794367,20,moderate,mixed
162,2024-03-05 09:26:46.647536,73,high,aerobic
162,2024-03-08 10:54:41.287562,46,moderate,anaerobic
162,2024-03-11 07:24:17.060422,53,low,mixed
162,2024-03-11 12:03:38.109437,55,low,anaerobic
162,2024-03-12 07:35:41.438959,39,high,mixed
162,2024-03-16 14:44:05.350745,21,moderate,aerobic
162,2024-04-05 19:29:29.807261,68,low,mixed
162,2024-04-15 12:49:26.400915,42,high,mixed
162,2024-04-24 18:07:11.977943,76,low,mixed
162,2024-04-26 07:01:46.181619,72,moderate,aerobic
162,2024-04-30 19:26:34.537796,73,high,mixed
162,2024-05-02 18:20:28.313311,76,low,aerobic
162,2024-05-09 15:17:00.799688,56,moderate,aerobic
162,2024-05-11 16:26:06.793166,68,low,aerobic
162,2024-05-13 19:21:19.776153,55,moderate,anaerobic
162,2024-05-15 07:39:08.265437,29,moderate,aerobic
162,2024-05-24 18:36:09.472989,34,low,aerobic
162,2024-05-27 12:09:30.004845,62,high,mixed
162,2024-05-30 07:59:01.591993,42,low,mixed
162,2024-05-31 13:35:23.041000,62,low,mixed
162,2024-06-06 20:28:50.398163,46,high,aerobic
162,2024-06-07 08:43:59.237031,58,low,aerobic
162,2024-06-13 18:30:05.801908,36,low,mixed
162,2024-06-15 08:27:05.817111,71,moderate,aerobic
162,2024-06-16 14:44:20.602942,24,moderate,mixed
162,2024-06-18 10:56:57.827834,79,low,aerobic
162,2024-06-18 16:19:33.878520,73,moderate,aerobic
162,2024-06-19 18:09:19.181519,75,high,mixed
162,2024-06-26 13:52:05.879925,53,moderate,aerobic
162,2024-06-28 11:10:45.585235,43,low,aerobic
163,2024-01-02 15:30:21.283570,47,moderate,mixed
163,2024-01-04 12:16:56.605113,27,moderate,aerobic
163,2024-01-07 18:55:21.450444,77,low,anaerobic
163,2024-01-07 20:52:45.553047,41,low,anaerobic
163,2024-01-08 18:07:27.950923,55,low,mixed
163,2024-01-15 20:29:29.955065,23,moderate,anaerobic
163,2024-01-23 15:57:58.398204,75,low,aerobic
163,2024-01-24 13:56:26.711061,60,moderate,anaerobic
163,2024-01-26 17:58:07.286556,25,moderate,mixed
163,2024-01-30 18:17:00.557214,34,moderate,aerobic
163,2024-02-08 10:40:11.036312,40,high,anaerobic
163,2024-02-08 20:58:30.002279,22,moderate,mixed
163,2024-02-09 07:46:30.561347,59,high,aerobic
163,2024-02-09 20:24:33.504719,73,high,mixed
163,2024-02-10 20:53:12.045432,36,low,anaerobic
163,2024-02-18 13:40:12.825485,20,moderate,aerobic
163,2024-02-20 11:30:34.612755,48,moderate,mixed
163,2024-02-22 20:29:38.960872,25,moderate,aerobic
163,2024-02-23 08:55:47.568026,50,low,anaerobic
163,2024-02-28 16:28:11.271466,36,moderate,mixed
163,2024-03-01 13:35:56.555221,43,high,anaerobic
163,2024-03-02 19:06:08.924686,44,moderate,anaerobic
163,2024-03-06 19:22:32.060280,76,high,aerobic
163,2024-03-11 10:53:53.164755,36,low,aerobic
163,2024-03-12 14:41:23.508097,61,moderate,mixed
163,2024-03-25 07:03:29.427414,49,low,aerobic
163,2024-04-01 18:56:36.191368,23,moderate,anaerobic
163,2024-04-02 16:06:36.789941,52,high,aerobic
163,2024-04-07 15:06:44.538671,60,high,aerobic
163,2024-04-07 18:21:02.087519,39,high,aerobic
163,2024-04-12 17:15:39.635840,77,moderate,mixed
163,2024-04-13 09:43:41.933686,35,moderate,mixed
163,2024-04-15 10:14:25.085773,67,moderate,mixed
163,2024-04-17 13:53:41.654251,25,low,aerobic
163,2024-04-18 18:47:36.356471,74,moderate,aerobic
163,2024-04-20 14:42:26.911945,72,moderate,anaerobic
163,2024-04-24 13:08:07.417086,39,high,aerobic
163,2024-04-24 16:09:10.925611,52,high,anaerobic
163,2024-04-25 09:10:04.929343,74,high,aerobic
163,2024-04-26 15:50:33.162207,61,high,aerobic
163,2024-04-30 10:13:34.349233,74,high,aerobic
163,2024-05-01 13:18:53.115775,41,moderate,mixed
163,2024-05-01 17:00:49.831254,58,moderate,mixed
163,2024-05-02 07:57:27.634651,31,moderate,anaerobic
163,2024-05-04 10:11:44.367178,69,moderate,anaerobic
163,2024-05-05 18:59:51.253681,70,moderate,anaerobic
163,2024-05-06 08:48:41.703833,54,low,aerobic
163,2024-05-10 12:11:05.607886,58,low,aerobic
163,2024-05-17 09:21:05.067472,73,moderate,mixed
163,2024-05-18 10:25:06.824436,69,moderate,aerobic
163,2024-05-22 12:54:38.993258,52,moderate,aerobic
163,2024-05-22 14:08:40.855723,28,moderate,aerobic
163,2024-05-26 12:13:36.334618,37,high,aerobic
163,2024-05-28 20:59:58.874750,25,high,mixed
163,2024-05-29 13:20:55.151708,42,low,mixed
163,2024-05-30 07:54:23.389347,71,moderate,mixed
163,2024-06-03 18:35:23.213066,42,low,aerobic
163,2024-06-06 12:30:38.964955,74,moderate,aerobic
163,2024-06-06 19:49:36.026300,40,high,aerobic
163,2024-06-13 11:40:38.717505,74,low,aerobic
163,2024-06-15 21:07:37.185315,37,moderate,anaerobic
163,2024-06-18 18:04:38.618010,79,high,aerobic
163,2024-06-23 09:54:17.331609,40,high,mixed
163,2024-06-27 16:38:03.414939,55,low,anaerobic
164,2024-01-02 15:48:30.877353,52,moderate,mixed
164,2024-01-06 13:22:46.687931,52,low,aerobic
164,2024-01-10 14:28:08.747906,40,low,aerobic
164,2024-01-11 18:01:22.867928,29,moderate,aerobic
164,2024-01-12 20:27:03.595977,68,high,aerobic
164,2024-01-13 11:04:48.042202,53,moderate,aerobic
164,2024-01-14 19:16:47.055378,64,low,aerobic
164,2024-01-14 19:15:28.469586,25,high,anaerobic
164,2024-01-17 20:09:18.311033,54,low,anaerobic
164,2024-01-23 07:57:50.099036,37,moderate,aerobic
164,2024-01-27 20:26:01.412146,22,low,mixed
164,2024-01-28 16:48:23.429491,77,low,anaerobic
164,2024-01-28 18:52:08.481619,38,moderate,aerobic
164,2024-01-29 09:54:05.951796,70,low,aerobic
164,2024-02-04 07:22:19.575596,58,moderate,mixed
164,2024-02-14 14:13:13.938304,25,moderate,anaerobic
164,2024-02-15 14:32:34.697365,23,low,anaerobic
164,2024-02-16 09:12:22.477893,57,high,mixed
164,2024-02-18 09:55:25.775040,65,moderate,anaerobic
164,2024-02-18 18:20:57.733896,21,moderate,aerobic
164,2024-02-20 15:49:17.623048,51,moderate,anaerobic
164,2024-02-21 08:09:47.556385,22,moderate,mixed
164,2024-02-28 08:32:58.452944,49,moderate,mixed
164,2024-02-29 17:21:01.488163,63,high,mixed
164,2024-03-05 08:28:33.090324,75,low,anaerobic
164,2024-03-08 13:24:12.667673,70,moderate,aerobic
164,2024-03-11 17:32:33.191286,39,high,anaerobic
164,2024-03-14 17:02:58.109440,67,moderate,aerobic
164,2024-03-15 09:33:24.461724,76,moderate,mixed
164,2024-03-18 07:23:10.926713,29,low,aerobic
164,2024-03-21 11:32:04.578848,35,low,anaerobic
164,2024-03-26 13:57:06.644945,74,moderate,aerobic
164,2024-03-27 13:46:11.574001,37,moderate,mixed
164,2024-03-27 15:59:27.504881,48,moderate,aerobic
164,2024-04-03 11:53:11.089792,22,moderate,aerobic
164,2024-04-04 07:47:46.326928,79,low,anaerobic
164,2024-04-05 13:11:43.219399,51,high,mixed
164,2024-04-11 10:42:42.518232,40,low,mixed
164,2024-04-13 20:43:56.702103,53,high,aerobic
164,2024-04-16 12:36:56.301683,28,moderate,aerobic
164,2024-04-18 15:01:11.235272,33,moderate,anaerobic
164,2024-04-19 20:03:16.720465,40,low,aerobic
164,2024-04-24 07:49:58.726293,75,moderate,anaerobic
164,2024-04-26 18:31:44.404909,63,moderate,mixed
164,2024-04-28 14:36:17.402244,77,moderate,aerobic
164,2024-04-29 11:14:22.903524,22,moderate,mixed
164,2024-04-30 13:18:06.122693,64,moderate,aerobic
164,2024-04-30 16:05:10.125481,61,high,aerobic
164,2024-05-07 20:44:36.563583,23,high,anaerobic
164,2024-05-08 14:34:48.116674,51,moderate,aerobic
164,2024-05-09 18:56:28.727222,66,high,mixed
164,2024-05-12 17:44:47.775377,65,moderate,aerobic
164,2024-05-13 07:38:03.862913,65,moderate,aerobic
164,2024-05-15 19:36:31.420826,36,moderate,aerobic
164,2024-05-16 12:41:32.232988,31,moderate,aerobic
164,2024-05-18 10:52:43.558105,49,low,anaerobic
164,2024-05-19 20:11:18.502523,56,moderate,aerobic
164,2024-05-20 08:55:34.078876,40,low,aerobic
164,2024-05-20 20:28:39.033059,50,moderate,anaerobic
164,2024-05-21 13:04:24.687531,72,moderate,mixed
164,2024-05-21 16:37:47.255803,55,moderate,anaerobic
164,2024-05-22 17:51:46.239233,67,low,aerobic
164,2024-05-25 14:20:35.677685,43,moderate,aerobic
164,2024-05-30 16:03:02.329589,56,high,aerobic
164,2024-06-01 16:37:39.428127,66,moderate,aerobic
164,2024-06-07 11:59:59.439016,61,moderate,mixed
164,2024-06-07 15:22:54.121459,43,low,aerobic
164,2024-06-12 11:55:11.445835,43,moderate,mixed
164,2024-06-13 08:29:05.147357,71,low,mixed
164,2024-06-13 12:33:35.130091,47,high,aerobic
164,2024-06-15 11:30:14.664435,71,moderate,aerobic
164,2024-06-16 08:54:47.663559,60,moderate,aerobic
164,2024-06-17 07:24:16.481358,42,low,aerobic
164,2024-06-18 09:08:22.751090,42,moderate,aerobic
164,2024-06-19 10:37:35.305596,33,moderate,aerobic
164,2024-06-22 08:52:29.020931,64,low,aerobic
164,2024-06-24 07:25:26.488104,57,low,aerobic
164,2024-06-25 14:08:09.367459,32,moderate,aerobic
164,2024-06-27 11:36:01.640408,72,high,aerobic
165,2024-01-01 11:27:38.193204,34,moderate,aerobic
165,2024-01-07 17:04:46.704402,53,low,anaerobic
165,2024-01-16 11:32:15.199444,76,low,aerobic
165,2024-01-20 21:06:43.537348,24,low,anaerobic
165,2024-01-21 17:10:37.095094,29,high,aerobic
165,2024-01-29 07:42:52.024461,45,moderate,mixed
165,2024-01-31 15:19:54.095588,23,moderate,anaerobic
165,2024-02-08 20:45:20.909005,38,moderate,mixed
165,2024-02-16 11:52:56.182257,43,moderate,anaerobic
165,2024-02-17 13:55:30.528577,55,low,aerobic
165,2024-02-29 10:55:10.038692,57,moderate,anaerobic
165,2024-03-05 09:17:02.581295,65,moderate,aerobic
165,2024-03-06 14:16:37.049921,65,moderate,aerobic
165,2024-03-09 13:08:18.702308,57,moderate,mixed
165,2024-03-11 07:51:32.399470,73,moderate,mixed
165,2024-03-17 11:25:02.523347,64,moderate,aerobic
165,2024-03-18 18:27:44.190272,60,moderate,aerobic
165,2024-03-22 19:43:32.620998,39,moderate,aerobic
165,2024-03-25 20:10:00.983727,42,moderate,aerobic
165,2024-04-02 14:15:39.653363,48,moderate,mixed
165,2024-04-04 10:33:35.016778,61,moderate,mixed
165,2024-04-04 15:23:37.228825,39,low,anaerobic
165,2024-04-07 19:30:27.566602,50,moderate,aerobic
165,2024-04-12 07:51:24.145228,57,low,anaerobic
165,2024-04-13 17:30:17.469302,66,moderate,aerobic
165,2024-04-16 11:12:12.603940,23,low,anaerobic
165,2024-04-17 09:27:33.920654,68,high,aerobic
165,2024-04-17 12:09:16.359304,36,low,aerobic
165,2024-04-18 15:27:35.729986,69,moderate,aerobic
165,2024-04-19 11:37:53.126468,28,moderate,anaerobic
165,2024-04-20 11:42:01.684462,61,moderate,aerobic
165,2024-04-27 19:31:10.588955,70,high,anaerobic
165,2024-05-08 10:01:13.489041,48,low,aerobic
165,2024-05-10 12:19:32.238680,38,high,aerobic
165,2024-05-16 08:20:36.998166,58,high,mixed
165,2024-05-19 13:23:30.660347,35,moderate,anaerobic
165,2024-05-23 18:50:05.876460,52,high,aerobic
165,2024-05-24 09:34:05.550016,30,low,anaerobic
165,2024-05-25 18:45:51.775350,78,moderate,anaerobic
165,2024-05-29 15:09:44.561568,42,moderate,aerobic
165,2024-05-30 07:23:50.210402,23,low,anaerobic
165,2024-05-30 12:36:26.145622,55,moderate,anaerobic
165,2024-05-31 07:32:55.744111,60,high,mixed
165,2024-06-02 09:56:15.938943,68,moderate,aerobic
165,2024-06-04 11:24:28.684572,70,low,mixed
165,2024-06-05 09:48:57.211393,26,high,aerobic
165,2024-06-05 19:06:43.572486,42,low,mixed
165,2024-06-06 16:21:53.146960,34,low,anaerobic
165,2024-06-06 21:37:02.775972,34,high,aerobic
165,2024-06-07 13:54:16.405712,72,low,aerobic
165,2024-06-14 07:38:42.732951,36,high,aerobic
165,2024-06-16 13:08:57.217484,77,low,aerobic
165,2024-06-18 19:34:46.472442,41,moderate,aerobic
165,2024-06-25 12:38:10.010035,63,moderate,aerobic
165,2024-06-26 09:07:50.453991,38,moderate,anaerobic
165,2024-06-28 12:54:50.410051,28,low,anaerobic
166,2024-01-01 08:49:16.054228,29,high,mixed
166,2024-01-02 18:55:43.277830,31,high,anaerobic
166,2024-01-03 07:59:01.814335,78,moderate,mixed
166,2024-01-04 08:23:44.533692,66,moderate,aerobic
166,2024-01-06 12:57:25.012561,78,low,aerobic
166,2024-01-06 15:24:32.827071,58,low,anaerobic
166,2024-01-14 20:44:06.329946,65,low,aerobic
166,2024-01-17 11:03:16.789109,71,high,mixed
166,2024-01-20 08:49:30.965487,70,moderate,mixed
166,2024-01-21 09:54:39.262394,22,moderate,aerobic
166,2024-01-23 16:02:07.176131,65,moderate,mixed
166,2024-01-24 20:56:02.150850,23,low,mixed
166,2024-01-26 10:54:18.902016,57,moderate,aerobic
166,2024-01-27 11:48:08.199943,41,moderate,mixed
166,2024-02-02 20:35:37.061364,24,low,mixed
166,2024-02-03 13:30:06.486339,24,moderate,mixed
166,2024-02-04 19:47:23.503641,77,low,anaerobic
166,2024-02-05 07:47:17.887821,27,high,mixed
166,2024-02-11 20:52:23.971503,72,high,anaerobic
166,2024-02-14 09:54:57.449944,66,high,mixed
166,2024-02-14 20:06:49.835205,57,low,aerobic
166,2024-02-22 18:02:46.575113,65,low,aerobic
166,2024-02-25 15:13:53.839121,22,moderate,aerobic
166,2024-02-26 08:23:23.871063,49,moderate,anaerobic
166,2024-02-26 12:41:36.392905,69,low,anaerobic
166,2024-02-27 08:01:26.899589,50,moderate,anaerobic
166,2024-02-27 11:40:48.562869,71,moderate,aerobic
166,2024-02-29 09:43:21.519584,34,low,anaerobic
166,2024-03-10 10:25:44.438826,76,low,aerobic
166,2024-03-12 13:58:44.163850,22,low,anaerobic
166,2024-03-13 16:19:01.982396,27,high,aerobic
166,2024-03-15 12:06:56.313949,68,moderate,aerobic
166,2024-03-17 12:04:07.585734,65,moderate,aerobic
166,2024-03-22 15:46:21.435456,54,moderate,aerobic
166,2024-03-24 19:31:58.877350,28,high,anaerobic
166,2024-03-27 16:13:41.639774,26,low,aerobic
166,2024-03-30 10:29:00.992604,20,moderate,aerobic
166,2024-03-31 08:11:37.780611,35,moderate,mixed
166,2024-04-03 17:56:25.137878,37,moderate,aerobic
166,2024-04-10 14:24:39.751467,24,high,aerobic
166,2024-04-11 11:08:13.485533,52,high,anaerobic
166,2024-04-12 13:32:47.260847,73,low,aerobic
166,2024-04-16 20:09:49.008069,49,moderate,aerobic
166,2024-04-17 15:04:03.877801,50,low,anaerobic
166,2024-04-17 18:35:59.304263,39,moderate,aerobic
166,2024-04-18 11:42:10.611801,30,moderate,aerobic
166,2024-04-19 19:43:14.356437,52,low,mixed
166,2024-04-20 15:53:35.562047,64,low,aerobic
166,2024-04-21 20:30:16.611210,74,low,aerobic
166,2024-04-23 11:33:21.707523,65,moderate,mixed
166,2024-04-24 12:50:11.482577,25,high,anaerobic
166,2024-04-24 14:01:48.953347,74,moderate,aerobic
166,2024-04-25 09:54:25.836827,62,low,anaerobic
166,2024-04-25 13:17:22.199864,38,low,aerobic
166,2024-04-26 18:53:14.625920,78,moderate,aerobic
166,2024-04-27 09:32:18.277997,36,high,aerobic
166,2024-05-04 15:52:18.151993,53,moderate,aerobic
166,2024-05-06 19:17:13.564896,41,moderate,aerobic
166,2024-05-06 19:18:09.698375,32,high,aerobic
166,2024-05-11 15:37:20.704490,38,high,aerobic
166,2024-05-14 17:43:56.669152,64,moderate,aerobic
166,2024-05-15 11:37:10.664300,73,high,anaerobic
166,2024-05-16 12:44:24.117779,21,moderate,aerobic
166,2024-05-21 16:09:34.957232,41,moderate,aerobic
166,2024-05-23 14:13:47.503173,22,moderate,aerobic
166,2024-05-27 10:12:20.865034,49,low,mixed
166,2024-05-30 15:59:36.596979,78,low,anaerobic
166,2024-05-31 10:27:26.693023,63,low,anaerobic
166,2024-06-01 14:45:33.901154,40,moderate,mixed
166,2024-06-02 16:53:45.971513,23,low,aerobic
166,2024-06-04 11:38:56.514404,60,moderate,aerobic
166,2024-06-06 18:23:39.107119,69,moderate,aerobic
166,2024-06-08 15:48:35.385581,76,low,aerobic
166,2024-06-09 19:15:54.981414,77,moderate,aerobic
166,2024-06-11 11:41:58.775123,48,low,aerobic
166,2024-06-12 18:07:59.428395,22,moderate,aerobic
166,2024-06-20 16:33:18.873212,32,low,aerobic
167,2024-01-01 07:58:12.724097,79,moderate,aerobic
167,2024-01-05 11:26:32.662737,46,moderate,mixed
167,2024-01-10 20:16:57.665823,72,low,aerobic
167,2024-01-12 19:52:21.139990,42,moderate,aerobic
167,2024-01-15 08:34:09.307474,33,moderate,anaerobic
167,2024-01-15 16:07:58.452851,55,moderate,aerobic
167,2024-01-16 19:40:50.580127,56,moderate,aerobic
167,2024-01-21 13:16:42.618932,60,low,anaerobic
167,2024-01-25 08:42:50.810282,49,moderate,aerobic
167,2024-01-29 20:29:25.507321,69,high,anaerobic
167,2024-02-06 15:09:16.715356,75,moderate,anaerobic
167,2024-02-07 13:01:31.715631,42,moderate,anaerobic
167,2024-02-08 15:02:12.446024,30,high,mixed
167,2024-02-08 20:25:37.583680,31,high,mixed
167,2024-02-09 14:10:31.247732,71,moderate,mixed
167,2024-02-13 08:54:32.778995,55,high,aerobic
167,2024-02-18 11:39:58.445478,77,moderate,anaerobic
167,2024-02-20 15:31:40.048908,62,high,aerobic
167,2024-02-21 07:57:15.809001,45,high,aerobic
167,2024-02-21 12:14:28.739979,51,high,aerobic
167,2024-02-23 11:39:06.699154,42,high,anaerobic
167,2024-03-02 07:35:08.365121,53,moderate,aerobic
167,2024-03-03 10:17:05.406675,21,high,aerobic
167,2024-03-06 10:42:13.944640,61,high,mixed
167,2024-03-08 18:55:18.605197,22,high,aerobic
167,2024-03-17 08:53:31.823859,52,high,anaerobic
167,2024-03-24 09:51:55.926007,59,high,aerobic
167,2024-04-01 10:27:35.407784,26,moderate,aerobic
167,2024-04-02 10:19:59.264405,61,low,mixed
167,2024-04-03 18:32:50.357626,25,moderate,aerobic
167,2024-04-04 14:15:48.775620,55,low,aerobic
167,2024-04-06 17:33:59.915617,24,moderate,aerobic
167,2024-04-09 18:38:44.603451,79,low,anaerobic
167,2024-04-15 14:04:23.063892,27,low,aerobic
167,2024-04-16 19:04:47.881913,30,moderate,aerobic
167,2024-04-18 13:20:02.360538,41,low,aerobic
167,2024-04-20 14:43:36.928764,38,moderate,aerobic
167,2024-04-20 18:11:51.315877,26,moderate,anaerobic
167,2024-04-23 18:47:36.202808,51,low,mixed
167,2024-05-02 18:58:32.551639,67,low,anaerobic
167,2024-05-04 15:30:14.432392,49,high,anaerobic
167,2024-05-06 13:01:51.227178,74,moderate,mixed
167,2024-05-08 16:41:05.525200,59,moderate,aerobic
167,2024-05-10 20:15:01.528858,47,low,aerobic
167,2024-05-15 15:01:49.051551,32,moderate,aerobic
167,2024-05-16 18:44:49.237664,59,low,aerobic
167,2024-05-25 20:02:22.958749,55,low,aerobic
167,2024-05-26 12:35:34.388116,25,high,aerobic
167,2024-05-26 13:04:05.762132,39,low,aerobic
167,2024-05-31 15:00:35.533622,64,moderate,aerobic
167,2024-06-03 15:49:59.136092,36,low,anaerobic
167,2024-06-05 15:58:40.060806,58,low,aerobic
167,2024-06-06 15:01:38.124240,64,moderate,mixed
167,2024-06-12 18:46:21.494560,77,moderate,mixed
167,2024-06-15 21:06:44.524591,25,high,anaerobic
167,2024-06-16 12:30:23.766435,24,moderate,mixed
167,2024-06-21 13:50:27.994951,53,high,aerobic
167,2024-06-23 10:15:45.799269,36,moderate,aerobic
167,2024-06-24 17:13:13.708735,30,low,aerobic
167,2024-06-25 09:11:09.651737,72,low,aerobic
167,2024-06-26 11:12:46.312726,78,low,aerobic
168,2024-01-02 07:09:55.248226,67,moderate,aerobic
168,2024-01-06 16:54:51.511861,52,high,aerobic
168,2024-01-09 09:56:26.755341,66,moderate,anaerobic
168,2024-01-16 15:49:36.307339,75,low,anaerobic
168,2024-01-18 10:50:32.512820,50,moderate,anaerobic
168,2024-01-20 19:31:58.350195,40,moderate,mixed
168,2024-01-25 10:37:26.222947,24,low,mixed
168,2024-01-25 19:59:26.860789,44,moderate,anaerobic
168,2024-01-27 08:46:38.961344,29,moderate,anaerobic
168,2024-01-31 18:33:54.291435,42,low,mixed
168,2024-02-02 20:07:24.621708,30,low,mixed
168,2024-02-12 13:56:49.780376,22,low,anaerobic
168,2024-02-12 14:39:10.902894,51,moderate,mixed
168,2024-02-15 12:19:23.065229,47,moderate,mixed
168,2024-02-17 21:04:32.594329,30,low,mixed
168,2024-02-17 21:06:31.794756,27,high,anaerobic
168,2024-02-22 18:16:09.322324,75,moderate,anaerobic
168,2024-02-23 16:26:51.260729,70,moderate,aerobic
168,2024-03-01 11:07:26.738747,69,low,anaerobic
168,2024-03-02 18:38:03.151550,25,low,mixed
168,2024-03-02 20:12:06.170654,51,moderate,aerobic
168,2024-03-03 16:01:12.904379,74,moderate,aerobic
168,2024-03-04 12:09:15.800167,77,low,mixed
168,2024-03-05 08:08:30.820387,72,low,aerobic
168,2024-03-06 20:50:35.997763,71,moderate,aerobic
168,2024-03-13 11:15:11.557449,63,low,aerobic
168,2024-03-15 12:36:36.885894,21,moderate,mixed
168,2024-03-16 08:12:18.931483,75,moderate,aerobic
168,2024-03-16 10:33:00.976815,78,moderate,aerobic
168,2024-03-17 14:18:06.977405,75,high,aerobic
168,2024-03-21 08:37:43.322184,34,high,aerobic
168,2024-03-27 17:29:45.793596,73,moderate,aerobic
168,2024-03-30 14:27:33.825613,39,moderate,mixed
168,2024-04-03 11:28:50.214042,62,moderate,aerobic
168,2024-04-04 08:10:45.549387,55,low,aerobic
168,2024-04-06 16:42:14.247893,66,low,mixed
168,2024-04-07 19:06:41.200109,57,moderate,aerobic
168,2024-04-08 15:39:16.927438,75,low,mixed
168,2024-04-12 11:37:40.443585,63,moderate,aerobic
168,2024-04-12 20:59:29.058633,28,low,anaerobic
168,2024-04-16 09:21:43.356554,70,moderate,anaerobic
168,2024-04-17 10:45:11.569555,38,low,anaerobic
168,2024-04-22 12:44:39.338948,75,moderate,mixed
168,2024-04-24 17:59:33.646140,48,low,aerobic
168,2024-04-25 10:02:58.865293,37,moderate,aerobic
168,2024-04-28 16:06:04.798335,51,moderate,aerobic
168,2024-05-08 15:18:19.541168,76,moderate,mixed
168,2024-05-08 16:56:50.780669,74,low,aerobic
168,2024-05-13 16:58:52.324624,74,low,aerobic
168,2024-05-16 11:41:46.053163,57,moderate,mixed
168,2024-05-23 16:03:12.629836,26,moderate,aerobic
168,2024-05-24 07:17:46.454483,77,moderate,anaerobic
168,2024-05-27 08:01:51.035393,55,low,mixed
168,2024-05-28 20:18:07.774702,32,low,aerobic
168,2024-06-01 17:29:54.565267,51,low,aerobic
168,2024-06-02 19:19:14.039743,71,high,aerobic
168,2024-06-04 14:52:02.300615,31,moderate,mixed
168,2024-06-05 13:40:27.204941,33,low,anaerobic
168,2024-06-09 20:20:10.963524,36,low,mixed
168,2024-06-13 13:21:35.683376,61,moderate,aerobic
168,2024-06-14 19:46:04.959158,78,low,aerobic
168,2024-06-18 21:02:02.308967,38,low,mixed
168,2024-06-22 12:43:03.536684,39,moderate,aerobic
168,2024-06-24 16:39:29.860511,60,moderate,aerobic
168,2024-06-26 10:04:40.831231,33,moderate,mixed
168,2024-06-28 16:36:52.809458,55,low,anaerobic
169,2024-01-01 16:25:14.981929,77,moderate,mixed
169,2024-01-03 15:14:45.435610,51,high,aerobic
169,2024-01-04 17:02:59.099371,68,moderate,anaerobic
169,2024-01-10 20:36:36.918172,28,moderate,aerobic
169,2024-01-13 20:14:19.267076,36,low,aerobic
169,2024-01-15 16:49:08.126920,21,moderate,anaerobic
169,2024-01-20 14:45:53.009635,33,moderate,aerobic
169,2024-01-26 11:12:41.604837,34,high,anaerobic
169,2024-01-27 10:37:29.693842,60,moderate,anaerobic
169,2024-02-10 14:34:53.968140,62,moderate,anaerobic
169,2024-02-12 12:46:38.960860,61,moderate,mixed
169,2024-02-17 15:27:00.905354,74,high,aerobic
169,2024-02-18 07:34:32.344934,66,moderate,mixed
169,2024-03-03 21:22:53.051506,62,high,aerobic
169,2024-03-04 18:22:45.352463,71,low,aerobic
169,2024-03-05 10:07:02.817633,28,moderate,mixed
169,2024-03-06 14:00:24.054970,72,high,anaerobic
169,2024-03-17 17:46:27.030623,24,low,aerobic
169,2024-03-22 13:33:07.611941,38,low,mixed
169,2024-03-27 15:43:45.801524,54,high,aerobic
169,2024-03-31 12:14:26.031511,43,moderate,aerobic
169,2024-04-01 14:09:01.357709,69,low,anaerobic
169,2024-04-06 19:06:48.720881,77,moderate,aerobic
169,2024-04-10 07:28:33.484808,26,moderate,aerobic
169,2024-04-10 20:20:16.556378,71,moderate,anaerobic
169,2024-04-11 09:13:29.303175,27,moderate,aerobic
169,2024-04-13 08:09:54.659445,49,moderate,mixed
169,2024-04-13 17:23:21.446233,33,moderate,anaerobic
169,2024-04-22 16:55:49.439366,37,low,anaerobic
169,2024-04-29 10:24:09.285243,62,low,aerobic
169,2024-04-29 19:44:32.858895,57,high,aerobic
169,2024-05-02 12:27:01.158350,57,high,aerobic
169,2024-05-03 08:15:06.454824,74,moderate,aerobic
169,2024-05-03 10:26:27.211822,50,low,anaerobic
169,2024-05-04 17:52:15.556454,30,moderate,anaerobic
169,2024-05-11 18:57:01.595845,60,low,aerobic
169,2024-05-12 07:44:47.494103,22,moderate,aerobic
169,2024-05-12 09:31:59.179867,76,low,aerobic
169,2024-05-13 11:17:05.553526,34,low,aerobic
169,2024-05-19 14:09:04.942039,46,high,aerobic
169,2024-05-24 15:25:48.846181,48,low,mixed
169,2024-05-26 07:03:25.396038,53,moderate,anaerobic
169,2024-06-01 17:37:54.278463,23,moderate,mixed
169,2024-06-03 15:16:09.579505,24,low,anaerobic
169,2024-06-03 18:06:49.787169,35,moderate,anaerobic
169,2024-06-12 13:57:24.342427,22,moderate,anaerobic
169,2024-06-14 17:10:32.104774,41,low,aerobic
169,2024-06-15 07:55:00.548085,42,low,aerobic
169,2024-06-15 09:54:10.415451,60,moderate,aerobic
169,2024-06-17 08:51:33.461775,20,low,aerobic
169,2024-06-18 13:57:10.968108,53,low,anaerobic
169,2024-06-19 11:26:58.415296,55,moderate,mixed
169,2024-06-19 14:16:23.025049,38,low,aerobic
169,2024-06-20 20:02:46.276002,47,moderate,aerobic
169,2024-06-22 08:07:53.455027,56,high,anaerobic
169,2024-06-28 13:02:46.787053,27,moderate,anaerobic
170,2024-01-03 17:41:44.256367,65,moderate,anaerobic
170,2024-01-04 19:13:16.802430,59,low,anaerobic
170,2024-01-06 15:27:15.209592,48,moderate,anaerobic
170,2024-01-11 19:56:52.524276,68,moderate,aerobic
170,2024-01-15 20:28:52.701746,32,high,mixed
170,2024-01-18 18:34:35.320232,36,moderate,mixed
170,2024-01-20 11:39:40.623795,35,low,aerobic
170,2024-01-20 20:14:00.022611,33,high,mixed
170,2024-01-27 15:19:00.343760,33,moderate,anaerobic
170,2024-02-01 13:52:02.359780,55,low,aerobic
170,2024-02-03 10:05:53.377983,40,moderate,mixed
170,2024-02-05 10:04:23.745041,63,low,anaerobic
170,2024-02-07 13:43:15.938233,36,low,anaerobic
170,2024-02-09 21:15:53.297983,58,low,aerobic
170,2024-02-13 14:01:32.800356,72,moderate,aerobic
170,2024-02-17 15:45:55.022942,61,moderate,aerobic
170,2024-02-17 18:06:15.206650,78,low,aerobic
170,2024-02-20 08:34:38.027097,33,low,mixed
170,2024-02-24 14:15:36.621241,60,low,aerobic
170,2024-03-05 16:11:22.323822,43,moderate,aerobic
170,2024-03-07 09:58:51.057533,74,moderate,aerobic
170,2024-03-13 07:42:30.146047,42,moderate,aerobic
170,2024-03-27 18:32:26.500406,32,moderate,aerobic
170,2024-03-31 13:57:52.317105,71,moderate,aerobic
170,2024-04-01 09:23:50.113450,31,moderate,anaerobic
170,2024-04-05 07:35:48.092558,69,moderate,mixed
170,2024-04-07 11:15:13.968812,73,low,aerobic
170,2024-04-11 14:10:17.987626,64,moderate,mixed
170,2024-04-13 20:32:32.082496,79,moderate,anaerobic
170,2024-04-19 17:47:26.424769,44,high,aerobic
170,2024-04-28 19:10:57.715462,38,moderate,anaerobic
170,2024-04-29 10:04:10.654217,60,high,aerobic
170,2024-04-30 12:33:23.769168,61,moderate,anaerobic
170,2024-05-04 08:26:37.869303,36,moderate,aerobic
170,2024-05-07 15:44:53.117365,44,low,mixed
170,2024-05-10 13:02:56.252936,20,high,anaerobic
170,2024-05-21 12:00:11.320376,29,moderate,aerobic
170,2024-05-28 09:34:18.910938,70,moderate,mixed
170,2024-05-28 15:18:48.086555,70,moderate,mixed
170,2024-06-02 19:32:51.295237,46,moderate,aerobic
170,2024-06-10 15:24:37.742773,28,high,aerobic
170,2024-06-10 19:40:35.347388,74,high,aerobic
170,2024-06-13 15:49:15.946435,26,low,aerobic
170,2024-06-17 10:53:42.962219,36,high,aerobic
170,2024-06-23 20:29:42.407455,48,high,mixed
170,2024-06-25 18:28:07.043758,51,moderate,aerobic
170,2024-06-26 14:09:25.339254,42,moderate,mixed
171,2024-01-03 13:58:24.164397,74,moderate,mixed
171,2024-01-07 07:34:25.084870,69,low,anaerobic
171,2024-01-08 10:59:07.379597,30,moderate,anaerobic
171,2024-01-10 13:01:50.869876,56,high,anaerobic
171,2024-01-12 13:47:31.486278,74,high,mixed
171,2024-02-06 18:42:15.967755,36,moderate,aerobic
171,2024-02-07 20:41:05.766147,78,moderate,aerobic
171,2024-02-10 09:50:49.098091,44,moderate,mixed
171,2024-02-17 09:34:04.603743,29,moderate,aerobic
171,2024-02-22 18:53:05.915889,49,moderate,mixed
171,2024-02-24 09:07:57.642427,63,low,anaerobic
171,2024-02-25 20:57:28.716959,56,high,mixed
171,2024-02-26 15:22:52.242859,37,low,aerobic
171,2024-02-29 15:33:53.808576,30,low,aerobic
171,2024-03-01 19:04:41.814948,28,high,aerobic
171,2024-03-07 17:19:09.004958,56,moderate,aerobic
171,2024-03-10 13:18:56.633057,69,low,aerobic
171,2024-03-12 10:39:16.948393,65,low,aerobic
171,2024-03-12 14:25:01.237022,36,high,aerobic
171,2024-03-16 16:22:08.220819,64,low,anaerobic
171,2024-03-20 13:16:56.049035,68,low,aerobic
171,2024-03-24 09:46:17.511776,59,moderate,mixed
171,2024-03-25 19:53:57.249018,68,high,aerobic
171,2024-03-29 19:45:52.598694,36,moderate,mixed
171,2024-04-03 15:31:34.704614,42,high,aerobic
171,2024-04-06 12:43:04.904200,66,low,aerobic
171,2024-04-06 19:35:13.952983,23,high,aerobic
171,2024-04-09 13:24:21.461585,69,moderate,anaerobic
171,2024-04-11 13:42:06.502229,78,low,mixed
171,2024-04-15 15:31:27.879921,26,high,aerobic
171,2024-04-17 07:03:37.263874,52,moderate,aerobic
171,2024-04-20 16:19:37.521517,52,low,aerobic
171,2024-04-27 09:09:35.615793,67,high,aerobic
171,2024-04-30 09:30:03.520147,48,high,aerobic
171,2024-05-01 08:52:06.925733,59,low,mixed
171,2024-05-04 17:00:46.761331,73,high,anaerobic
171,2024-05-06 08:53:30.652929,27,moderate,mixed
171,2024-05-07 12:25:16.154966,25,moderate,anaerobic
171,2024-05-08 16:40:51.545851,24,low,mixed
171,2024-05-08 20:19:34.395017,67,low,aerobic
171,2024-05-13 11:35:40.040085,71,low,aerobic
171,2024-05-13 12:01:17.298717,22,moderate,aerobic
171,2024-05-15 11:27:27.598427,53,low,mixed
171,2024-05-15 14:45:53.646331,65,low,mixed
171,2024-05-16 17:06:59.723777,69,low,anaerobic
171,2024-05-19 20:38:37.974207,33,moderate,anaerobic
171,2024-05-22 10:12:18.075666,47,low,anaerobic
171,2024-05-23 20:33:56.135721,40,moderate,aerobic
171,2024-05-24 09:07:51.339099,35,moderate,aerobic
171,2024-05-28 15:26:24.834632,79,high,aerobic
171,2024-05-30 15:14:54.939958,40,high,aerobic
171,2024-05-30 19:17:34.377905,23,moderate,anaerobic
171,2024-06-03 13:48:44.161922,54,moderate,anaerobic
171,2024-06-04 20:44:56.656056,38,low,mixed
171,2024-06-08 13:43:23.455429,41,low,mixed
171,2024-06-14 15:03:11.864772,69,high,aerobic
171,2024-06-18 16:48:15.220480,50,moderate,mixed
171,2024-06-23 15:54:23.605878,55,moderate,aerobic
171,2024-06-28 18:02:35.279757,33,moderate,anaerobic
172,2024-01-05 10:21:18.398357,61,low,anaerobic
172,2024-01-07 14:32:14.782179,73,moderate,aerobic
172,2024-01-08 17:11:12.213862,57,high,aerobic
172,2024-01-11 12:49:26.669653,74,moderate,aerobic
172,2024-01-20 09:34:33.470962,50,moderate,mixed
172,2024-01-21 14:36:19.256842,54,high,anaerobic
172,2024-01-23 16:27:49.167204,68,high,anaerobic
172,2024-01-30 14:09:54.068167,78,high,anaerobic
172,2024-02-01 19:03:47.521102,30,low,aerobic
172,2024-02-04 11:25:09.566952,52,moderate,aerobic
172,2024-02-05 15:03:45.577663,74,low,aerobic
172,2024-02-07 16:38:29.616245,30,low,aerobic
172,2024-02-08 07:21:21.276712,79,high,aerobic
172,2024-02-23 08:02:57.409357,48,high,anaerobic
172,2024-02-27 11:34:05.764207,48,moderate,anaerobic
172,2024-03-13 18:35:39.883381,47,high,aerobic
172,2024-03-21 08:14:37.237045,59,low,aerobic
172,2024-03-26 08:58:32.840827,55,moderate,aerobic
172,2024-03-29 11:01:58.538169,40,low,aerobic
172,2024-03-31 07:15:31.403702,74,high,aerobic
172,2024-04-01 13:04:15.010125,76,high,aerobic
172,2024-04-03 11:42:09.778179,64,low,anaerobic
172,2024-04-05 08:39:31.751739,72,low,mixed
172,2024-04-08 07:50:00.142078,62,moderate,anaerobic
172,2024-04-09 18:01:22.131532,78,low,aerobic
172,2024-04-14 12:26:36.809200,33,moderate,aerobic
172,2024-04-15 13:58:52.250553,57,moderate,mixed
172,2024-04-17 09:01:14.215754,77,low,aerobic
172,2024-04-19 07:15:52.895456,25,low,aerobic
172,2024-04-24 12:01:24.959274,75,low,mixed
172,2024-04-24 19:28:35.382846,33,moderate,mixed
172,2024-05-01 08:19:36.859199,28,moderate,aerobic
172,2024-05-10 07:09:43.887483,69,low,mixed
172,2024-05-16 20:48:53.677531,67,moderate,mixed
172,2024-05-17 12:05:28.687102,33,moderate,mixed
172,2024-05-20 11:37:04.132646,22,moderate,anaerobic
172,2024-05-20 13:41:33.539098,55,moderate,anaerobic
172,2024-05-21 14:46:25.066350,69,moderate,aerobic
172,2024-05-22 20:23:41.458154,79,moderate,aerobic
172,2024-05-23 10:31:59.498775,27,moderate,mixed
172,2024-05-28 10:23:33.042256,22,moderate,anaerobic
172,2024-05-29 18:06:32.217846,38,moderate,mixed
172,2024-05-29 21:11:55.751755,55,moderate,aerobic
172,2024-05-30 09:56:00.553252,53,high,aerobic
172,2024-06-01 08:55:18.936872,51,high,aerobic
172,2024-06-07 21:00:31.738991,38,high,mixed
172,2024-06-09 13:06:59.319626,38,low,anaerobic
172,2024-06-18 08:59:48.261596,59,high,anaerobic
172,2024-06-20 18:26:08.117501,45,moderate,mixed
172,2024-06-25 10:13:22.002598,72,moderate,anaerobic
172,2024-06-26 13:13:53.758389,62,moderate,anaerobic
172,2024-06-27 10:09:31.629433,70,low,mixed
173,2024-01-02 20:54:37.669325,35,low,aerobic
173,2024-01-11 15:00:21.788223,53,moderate,aerobic
173,2024-01-13 07:54:51.683264,44,moderate,aerobic
173,2024-01-20 17:40:54.116918,64,moderate,aerobic
173,2024-01-22 14:07:09.108983,47,low,anaerobic
173,2024-01-28 08:45:53.651024,52,moderate,aerobic
173,2024-02-03 18:46:40.602442,28,moderate,mixed
173,2024-02-06 11:58:59.543312,24,moderate,mixed
173,2024-02-09 20:43:55.143130,69,low,mixed
173,2024-02-15 16:14:37.996143,47,moderate,aerobic
173,2024-02-21 19:16:19.428488,47,low,mixed
173,2024-02-23 16:15:03.563656,79,high,aerobic
173,2024-03-01 08:37:13.942357,45,high,aerobic
173,2024-03-03 08:39:07.891249,43,moderate,aerobic
173,2024-03-13 20:39:28.780372,36,low,mixed
173,2024-03-15 18:09:08.627039,34,moderate,anaerobic
173,2024-03-18 09:09:55.663457,43,high,anaerobic
173,2024-03-21 09:52:06.295638,79,moderate,mixed
173,2024-03-26 15:29:07.106282,59,high,mixed
173,2024-03-30 19:08:42.199856,29,moderate,anaerobic
173,2024-04-09 11:56:51.573503,28,high,aerobic
173,2024-04-19 15:56:34.952750,32,moderate,anaerobic
173,2024-04-27 15:49:17.891783,63,high,anaerobic
173,2024-04-30 15:32:08.137660,31,moderate,aerobic
173,2024-05-04 18:51:48.648082,72,low,anaerobic
173,2024-05-05 14:31:49.673256,66,low,aerobic
173,2024-05-11 12:59:54.964262,75,high,mixed
173,2024-05-12 14:30:46.839296,67,moderate,aerobic
173,2024-05-15 21:06:07.435462,42,moderate,aerobic
173,2024-05-19 12:39:25.931921,78,low,aerobic
173,2024-05-22 13:22:27.847623,28,moderate,mixed
173,2024-05-24 07:48:01.831533,31,moderate,mixed
173,2024-05-24 16:52:23.236306,28,high,aerobic
173,2024-05-27 09:09:02.317984,79,moderate,aerobic
173,2024-05-28 16:02:21.260453,51,moderate,aerobic
173,2024-06-03 17:26:58.029193,25,low,mixed
173,2024-06-06 16:10:12.398603,30,low,aerobic
173,2024-06-09 12:54:21.841648,20,low,mixed
173,2024-06-10 09:44:53.941205,21,low,mixed
173,2024-06-12 11:28:36.829793,38,low,mixed
173,2024-06-15 20:24:56.473116,48,moderate,mixed
173,2024-06-20 17:49:15.150257,45,moderate,anaerobic
173,2024-06-21 20:35:06.768887,37,moderate,aerobic
174,2024-01-03 08:59:12.896231,35,moderate,mixed
174,2024-01-06 09:46:19.788603,45,low,anaerobic
174,2024-01-11 18:33:58.099392,67,moderate,aerobic
174,2024-01-14 17:10:33.250976,48,moderate,aerobic
174,2024-01-15 14:41:34.705618,76,low,aerobic
174,2024-01-18 14:55:02.077547,27,low,mixed
174,2024-01-20 14:08:08.390660,32,low,anaerobic
174,2024-01-25 08:06:02.445079,78,low,mixed
174,2024-01-25 10:12:20.341813,67,high,anaerobic
174,2024-01-26 12:37:46.003251,42,low,aerobic
174,2024-01-27 16:36:11.657721,56,moderate,mixed
174,2024-01-28 10:07:19.607993,21,high,aerobic
174,2024-01-29 17:19:39.296868,61,high,anaerobic
174,2024-01-30 11:43:09.214358,37,moderate,aerobic
174,2024-02-05 16:08:10.186186,38,high,mixed
174,2024-02-06 08:22:19.797880,49,high,mixed
174,2024-02-06 13:46:07.235011,36,moderate,anaerobic
174,2024-02-09 09:31:15.499072,60,low,mixed
174,2024-02-10 18:46:40.529430,35,moderate,mixed
174,2024-02-10 19:18:22.984128,63,low,anaerobic
174,2024-02-14 09:52:46.059965,33,high,mixed
174,2024-02-23 11:28:26.126822,68,moderate,aerobic
174,2024-02-27 10:58:29.955009,71,moderate,aerobic
174,2024-02-28 08:51:20.452636,49,low,aerobic
174,2024-03-01 09:51:52.419090,23,moderate,anaerobic
174,2024-03-03 07:21:04.730119,40,low,aerobic
174,2024-03-07 07:59:45.308448,73,moderate,aerobic
174,2024-03-08 10:04:46.055010,58,high,aerobic
174,2024-03-13 21:05:10.433639,47,moderate,aerobic
174,2024-03-14 14:12:06.448311,24,high,aerobic
174,2024-03-22 19:18:44.658826,75,low,mixed
174,2024-03-26 11:01:19.593375,58,moderate,mixed
174,2024-03-29 12:41:26.643209,73,moderate,aerobic
174,2024-03-31 13:32:22.854013,57,low,mixed
174,2024-03-31 14:02:53.876486,30,high,anaerobic
174,2024-04-01 10:39:07.348943,30,moderate,anaerobic
174,2024-04-05 08:22:11.838150,65,moderate,mixed
174,2024-04-07 16:01:05.308288,67,moderate,aerobic
174,2024-04-08 15:07:14.198101,73,high,aerobic
174,2024-04-11 07:39:00.069553,37,high,anaerobic
174,2024-04-12 18:22:00.074287,25,low,aerobic
174,2024-04-13 07:51:15.142548,48,moderate,mixed
174,2024-04-13 11:41:35.188322,48,moderate,anaerobic
174,2024-04-20 13:45:12.148091,75,low,aerobic
174,2024-04-21 10:15:35.698307,39,moderate,aerobic
174,2024-04-25 17:52:59.120411,30,low,aerobic
174,2024-05-01 09:43:38.026717,36,low,anaerobic
174,2024-05-01 11:46:16.854030,65,moderate,anaerobic
174,2024-05-02 09:06:01.846889,43,low,anaerobic
174,2024-05-04 19:37:55.671403,52,moderate,aerobic
174,2024-05-05 12:15:13.551887,71,moderate,aerobic
174,2024-05-08 19:27:12.569717,43,moderate,aerobic
174,2024-05-10 08:41:39.792871,66,high,mixed
174,2024-05-16 07:42:08.590978,69,low,mixed
174,2024-05-20 20:52:13.000696,60,moderate,anaerobic
174,2024-05-22 17:33:57.474824,61,moderate,aerobic
174,2024-05-23 16:18:48.983966,59,high,mixed
174,2024-06-01 07:58:58.447085,29,high,aerobic
174,2024-06-03 10:41:04.667546,30,moderate,anaerobic
174,2024-06-11 10:58:47.216048,61,moderate,aerobic
174,2024-06-11 19:23:24.243476,56,low,anaerobic
174,2024-06-14 11:21:17.063610,77,moderate,mixed
174,2024-06-16 16:40:27.558805,22,moderate,aerobic
174,2024-06-16 19:30:59.160534,71,high,aerobic
174,2024-06-20 13:04:35.655871,68,moderate,aerobic
175,2024-01-02 13:02:34.328794,74,moderate,aerobic
175,2024-01-05 09:54:54.491262,38,low,anaerobic
175,2024-01-12 09:18:00.010839,54,high,anaerobic
175,2024-01-15 17:08:30.708705,56,high,aerobic
175,2024-01-18 15:11:20.029065,73,moderate,aerobic
175,2024-01-21 07:40:55.766030,29,low,mixed
175,2024-01-21 12:46:51.387874,67,low,aerobic
175,2024-01-23 12:28:41.295203,73,low,mixed
175,2024-01-26 11:33:49.905089,55,low,anaerobic
175,2024-01-31 20:12:38.931357,39,high,mixed
175,2024-02-02 19:51:29.385475,35,low,mixed
175,2024-02-04 14:21:17.314929,72,moderate,anaerobic
175,2024-02-06 10:43:29.496166,43,moderate,mixed
175,2024-02-08 14:52:46.542886,21,low,aerobic
175,2024-02-11 15:43:35.374290,60,high,aerobic
175,2024-02-18 12:03:43.017711,21,moderate,aerobic
175,2024-02-19 17:50:16.253029,30,moderate,mixed
175,2024-02-20 19:14:39.428622,54,moderate,mixed
175,2024-02-21 11:03:13.297958,65,low,aerobic
175,2024-02-22 12:42:17.372753,58,moderate,anaerobic
175,2024-02-23 10:06:39.910727,40,moderate,aerobic
175,2024-02-23 12:38:16.600516,23,low,aerobic
175,2024-02-26 09:34:07.799451,39,high,mixed
175,2024-02-26 14:57:10.589868,77,moderate,mixed
175,2024-03-01 20:32:31.430294,61,low,mixed
175,2024-03-08 10:57:56.229201,31,high,mixed
175,2024-03-08 12:59:59.805290,29,high,anaerobic
175,2024-03-12 12:38:56.439621,31,low,aerobic
175,2024-03-15 19:34:16.011756,38,low,mixed
175,2024-03-18 13:41:26.682425,37,moderate,aerobic
175,2024-03-20 17:09:59.375950,36,moderate,anaerobic
175,2024-03-21 13:30:26.061334,49,high,aerobic
175,2024-03-22 19:48:52.504934,63,moderate,aerobic
175,2024-03-25 12:30:17.804590,48,moderate,mixed
175,2024-03-28 13:08:32.007816,49,low,anaerobic
175,2024-04-04 07:46:54.199596,36,moderate,mixed
175,2024-04-04 08:31:21.389006,24,moderate,mixed
175,2024-04-06 14:18:28.052060,66,moderate,aerobic
175,2024-04-08 09:42:59.656103,42,moderate,aerobic
175,2024-04-14 17:20:17.633217,60,high,mixed
175,2024-04-20 08:28:02.527422,29,high,aerobic
175,2024-04-21 08:29:44.115134,79,moderate,aerobic
175,2024-04-22 14:21:42.400069,64,moderate,aerobic
175,2024-04-24 07:07:18.709412,20,moderate,aerobic
175,2024-04-25 18:04:01.195693,21,moderate,mixed
175,2024-04-28 12:29:03.589616,55,low,aerobic
175,2024-04-30 08:23:50.597857,61,moderate,mixed
175,2024-05-03 18:20:09.575921,68,low,mixed
175,2024-05-05 08:23:14.928466,24,moderate,aerobic
175,2024-05-05 14:47:34.843200,53,high,aerobic
175,2024-05-08 16:35:56.215682,52,low,anaerobic
175,2024-05-14 19:12:16.527409,74,low,aerobic
175,2024-05-19 15:18:30.420088,56,high,anaerobic
175,2024-05-27 08:45:08.373212,26,moderate,aerobic
175,2024-06-03 09:33:19.674125,78,low,aerobic
175,2024-06-06 18:21:57.761848,59,low,aerobic
175,2024-06-12 07:34:48.766788,52,high,aerobic
175,2024-06-13 08:42:24.612697,66,moderate,aerobic
175,2024-06-18 11:42:07.978551,57,moderate,aerobic
175,2024-06-20 12:51:36.163276,33,low,aerobic
175,2024-06-22 17:17:03.046168,74,low,aerobic
175,2024-06-24 13:10:38.277430,78,moderate,mixed
175,2024-06-27 07:26:48.415396,24,low,aerobic
176,2024-01-05 14:14:37.939071,67,low,anaerobic
176,2024-01-08 18:09:43.578211,70,high,aerobic
176,2024-01-10 10:01:16.868610,52,low,aerobic
176,2024-01-21 19:51:03.637541,46,high,mixed
176,2024-01-22 10:30:58.251989,24,high,aerobic
176,2024-01-23 08:39:47.518111,45,moderate,aerobic
176,2024-01-24 15:47:52.234973,72,moderate,mixed
176,2024-01-25 18:38:36.945131,38,low,anaerobic
176,2024-01-29 20:35:05.240063,22,low,anaerobic
176,2024-02-03 17:52:22.906637,54,high,mixed
176,2024-02-04 10:52:05.189624,38,low,mixed
176,2024-02-04 11:15:16.598922,62,moderate,aerobic
176,2024-02-08 15:37:08.974635,49,low,mixed
176,2024-02-23 18:58:02.583818,78,low,aerobic
176,2024-02-26 18:31:07.131217,67,moderate,aerobic
176,2024-03-02 14:22:47.362945,45,high,mixed
176,2024-03-05 07:28:11.583464,63,low,mixed
176,2024-03-06 18:26:39.298579,42,low,anaerobic
176,2024-03-08 20:51:56.933951,44,low,mixed
176,2024-03-09 14:51:32.352692,47,high,aerobic
176,2024-03-15 11:17:13.831634,76,low,aerobic
176,2024-03-18 16:14:33.010482,46,moderate,aerobic
176,2024-03-20 08:46:14.596176,22,moderate,anaerobic
176,2024-03-20 18:21:40.726187,68,low,aerobic
176,2024-03-21 19:31:17.514045,33,low,mixed
176,2024-03-22 20:56:56.431043,66,moderate,mixed
176,2024-03-25 14:33:48.531271,22,moderate,mixed
176,2024-03-25 19:01:56.069043,68,low,aerobic
176,2024-03-30 19:46:13.747011,44,moderate,aerobic
176,2024-04-01 10:50:49.905091,41,moderate,aerobic
176,2024-04-10 18:12:57.327341,65,low,aerobic
176,2024-04-12 21:13:24.486691,21,high,aerobic
176,2024-04-18 12:17:49.154602,59,moderate,mixed
176,2024-04-21 15:20:00.097586,28,moderate,aerobic
176,2024-04-22 18:50:05.291341,38,moderate,mixed
176,2024-04-24 17:03:08.273187,31,low,aerobic
176,2024-05-09 11:39:16.836003,32,high,mixed
176,2024-05-10 09:06:52.777436,70,moderate,aerobic
176,2024-05-13 13:36:28.357483,35,low,anaerobic
176,2024-05-17 11:00:40.597699,22,moderate,aerobic
176,2024-05-17 16:04:53.072217,54,moderate,anaerobic
176,2024-05-20 09:42:26.410623,45,low,mixed
176,2024-05-23 14:08:17.282495,55,low,anaerobic
176,2024-05-25 18:30:04.379013,38,moderate,anaerobic
176,2024-05-28 10:18:09.503108,29,high,mixed
176,2024-05-29 08:18:57.697087,41,low,anaerobic
176,2024-06-06 19:18:38.869806,46,low,aerobic
176,2024-06-08 14:31:34.884893,56,moderate,mixed
176,2024-06-10 08:38:55.674025,68,high,aerobic
176,2024-06-13 11:32:10.860795,61,moderate,anaerobic
176,2024-06-23 08:28:16.628808,52,moderate,aerobic
176,2024-06-24 09:40:47.157495,41,high,aerobic
176,2024-06-25 13:09:36.168429,57,moderate,mixed
177,2024-01-01 10:20:22.511309,78,high,aerobic
177,2024-01-10 13:00:19.743963,79,moderate,mixed
177,2024-01-10 16:58:11.754791,34,high,mixed
177,2024-01-12 16:01:27.788255,77,moderate,aerobic
177,2024-01-13 10:20:32.259868,77,moderate,anaerobic
177,2024-01-18 13:40:59.471983,69,low,mixed
177,2024-01-18 15:13:23.202617,61,moderate,aerobic
177,2024-01-19 13:39:31.825464,25,high,aerobic
177,2024-01-22 08:24:08.312517,43,high,anaerobic
177,2024-01-26 09:52:19.753056,33,high,aerobic
177,2024-01-26 10:24:47.200559,28,moderate,anaerobic
177,2024-01-28 16:19:48.007562,71,high,anaerobic
177,2024-02-02 08:28:58.194658,69,moderate,anaerobic
177,2024-02-03 12:34:23.885686,53,moderate,aerobic
177,2024-02-08 12:24:23.653546,68,high,aerobic
177,2024-02-09 11:40:47.868414,64,low,aerobic
177,2024-02-10 16:16:55.443653,33,moderate,aerobic
177,2024-02-14 16:20:17.708827,50,low,anaerobic
177,2024-02-19 13:55:42.373399,33,low,mixed
177,2024-02-19 19:36:56.672075,77,moderate,anaerobic
177,2024-02-26 19:08:37.473312,78,low,anaerobic
177,2024-03-02 10:32:32.201720,72,moderate,aerobic
177,2024-03-04 14:16:05.946110,46,low,aerobic
177,2024-03-09 09:05:19.168416,77,moderate,anaerobic
177,2024-03-11 17:35:20.508557,44,low,aerobic
177,2024-03-13 17:40:58.835735,47,moderate,aerobic
177,2024-03-14 19:55:40.538117,47,high,mixed
177,2024-03-15 10:18:23.154650,23,moderate,mixed
177,2024-03-21 16:50:19.176472,36,low,mixed
177,2024-03-22 20:46:37.467625,20,low,aerobic
177,2024-03-25 12:42:42.869645,50,moderate,mixed
177,2024-04-05 17:15:33.925734,50,low,anaerobic
177,2024-04-11 09:23:37.845713,39,high,mixed
177,2024-04-21 14:20:32.299570,66,low,mixed
177,2024-04-21 16:15:42.892598,56,low,mixed
177,2024-04-22 19:23:16.915913,41,low,aerobic
177,2024-04-26 08:14:46.082565,26,low,aerobic
177,2024-04-30 20:10:34.371843,34,high,aerobic
177,2024-05-07 20:02:05.941139,68,moderate,anaerobic
177,2024-05-10 13:54:14.714845,26,high,mixed
177,2024-05-16 20:08:03.462990,39,low,aerobic
177,2024-05-17 20:04:15.584979,29,high,anaerobic
177,2024-05-25 20:50:15.942111,43,high,mixed
177,2024-05-26 12:57:38.353125,36,low,anaerobic
177,2024-05-31 14:06:40.466300,26,moderate,aerobic
177,2024-06-02 18:06:46.550583,29,low,anaerobic
177,2024-06-03 20:13:28.239353,32,high,aerobic
177,2024-06-10 15:00:18.804652,55,low,anaerobic
177,2024-06-16 14:33:39.916004,24,moderate,mixed
177,2024-06-17 15:49:22.953499,32,moderate,aerobic
177,2024-06-19 13:32:16.659282,20,moderate,aerobic
177,2024-06-21 19:54:24.036845,43,low,aerobic
177,2024-06-23 07:49:43.928501,46,high,aerobic
177,2024-06-25 20:02:17.674492,23,moderate,aerobic
177,2024-06-26 09:26:13.804375,59,low,mixed
177,2024-06-26 16:33:32.722054,71,moderate,mixed
178,2024-01-03 08:49:05.041320,28,moderate,aerobic
178,2024-01-06 07:19:07.244305,28,moderate,mixed
178,2024-01-07 14:11:41.460603,51,low,aerobic
178,2024-01-08 17:23:46.002486,39,low,mixed
178,2024-01-10 12:10:12.979249,58,high,mixed
178,2024-01-12 17:21:03.033582,60,moderate,mixed
178,2024-01-16 11:26:49.279538,49,moderate,aerobic
178,2024-01-17 15:13:23.629233,55,moderate,mixed
178,2024-01-19 11:10:39.837254,51,moderate,aerobic
178,2024-01-23 18:34:21.385603,45,moderate,aerobic
178,2024-01-24 20:00:16.533128,64,low,anaerobic
178,2024-01-25 09:49:05.699717,41,moderate,aerobic
178,2024-01-29 20:52:49.413631,65,high,mixed
178,2024-02-02 17:50:28.527039,49,low,mixed
178,2024-02-07 18:48:10.142578,28,moderate,mixed
178,2024-02-08 10:35:13.204346,61,moderate,anaerobic
178,2024-02-13 12:59:09.605430,49,low,anaerobic
178,2024-02-17 09:35:59.562206,24,high,mixed
178,2024-02-17 14:28:36.658228,70,high,aerobic
178,2024-02-19 13:12:48.455867,50,low,mixed
178,2024-02-20 15:11:47.044859,60,moderate,anaerobic
178,2024-02-23 10:04:28.259653,70,high,aerobic
178,2024-02-27 11:45:04.693930,29,high,aerobic
178,2024-02-29 16:37:17.407121,71,moderate,aerobic
178,2024-03-01 13:06:55.291390,63,moderate,aerobic
178,2024-03-03 11:23:58.882339,20,low,mixed
178,2024-03-03 19:04:20.548126,27,moderate,aerobic
178,2024-03-04 10:49:12.948480,68,moderate,aerobic
178,2024-03-07 19:18:07.200665,29,low,aerobic
178,2024-03-08 15:08:22.705874,21,moderate,aerobic
178,2024-03-18 16:22:35.432887,37,high,mixed
178,2024-03-19 07:21:45.712447,56,moderate,aerobic
178,2024-03-20 15:42:31.051034,79,low,aerobic
178,2024-03-21 08:12:02.455334,74,moderate,aerobic
178,2024-03-23 09:14:39.887756,73,moderate,mixed
178,2024-03-23 08:50:17.338789,57,low,mixed
178,2024-03-24 07:43:37.584390,50,moderate,aerobic
178,2024-03-26 09:29:21.199121,69,moderate,aerobic
178,2024-03-26 20:56:06.451713,49,moderate,mixed
178,2024-03-29 20:27:53.326929,65,moderate,aerobic
178,2024-03-30 09:06:56.040919,52,high,aerobic
178,2024-03-31 12:32:58.879925,66,low,aerobic
178,2024-04-04 19:19:44.907735,71,low,aerobic
178,2024-04-06 16:43:57.408656,24,moderate,aerobic
178,2024-04-10 19:48:45.914126,47,moderate,mixed
178,2024-04-11 08:38:42.477562,68,low,aerobic
178,2024-04-13 14:16:06.224327,52,moderate,aerobic
178,2024-04-15 12:24:07.162340,41,low,aerobic
178,2024-04-15 19:01:10.098262,54,high,anaerobic
178,2024-04-23 18:06:11.862367,49,high,mixed
178,2024-04-25 07:58:47.571032,51,moderate,aerobic
178,2024-04-25 13:15:03.862266,76,moderate,mixed
178,2024-04-29 07:47:36.406446,43,high,anaerobic
178,2024-05-02 09:25:33.855949,34,high,anaerobic
178,2024-05-04 16:06:49.275783,75,moderate,aerobic
178,2024-05-05 08:38:00.631908,54,high,anaerobic
178,2024-05-14 11:26:18.792424,64,high,aerobic
178,2024-05-19 12:24:47.956300,24,low,aerobic
178,2024-05-20 11:29:29.413353,54,moderate,mixed
178,2024-05-22 09:02:36.561023,52,high,mixed
178,2024-05-25 18:40:18.415671,77,high,anaerobic
178,2024-05-26 08:04:12.028856,45,moderate,aerobic
178,2024-06-02 11:45:46.926840,71,moderate,mixed
178,2024-06-02 14:49:30.766112,73,low,aerobic
178,2024-06-04 08:11:29.857156,41,moderate,mixed
178,2024-06-09 20:35:03.012859,31,moderate,aerobic
178,2024-06-10 18:18:33.870194,46,high,mixed
178,2024-06-11 16:52:57.204700,72,low,aerobic
178,2024-06-17 11:24:39.516764,51,moderate,anaerobic
178,2024-06-20 08:35:57.929282,43,moderate,aerobic
178,2024-06-27 11:09:08.033374,57,moderate,anaerobic
178,2024-06-28 11:06:21.239051,65,low,aerobic
178,2024-06-28 15:14:35.347463,22,moderate,anaerobic
179,2024-01-01 18:58:46.232812,22,moderate,aerobic
179,2024-01-03 19:25:03.491014,59,moderate,aerobic
179,2024-01-04 07:06:29.175289,72,moderate,aerobic
179,2024-01-05 13:49:17.660526,68,moderate,aerobic
179,2024-01-05 20:07:06.652429,61,moderate,anaerobic
179,2024-01-11 11:21:10.055934,75,low,aerobic
179,2024-01-12 09:20:15.418013,54,low,anaerobic
179,2024-01-14 16:00:59.444109,28,moderate,anaerobic
179,2024-01-16 21:45:48.920543,68,moderate,anaerobic
179,2024-01-17 09:27:22.071480,20,moderate,aerobic
179,2024-01-18 15:18:45.307332,72,low,aerobic
179,2024-01-18 17:49:25.405783,24,high,aerobic
179,2024-01-22 10:58:08.402940,23,moderate,anaerobic
179,2024-01-22 14:14:16.617511,55,moderate,anaerobic
179,2024-01-27 11:43:06.271138,56,low,anaerobic
179,2024-01-28 20:37:17.042428,26,moderate,mixed
179,2024-01-31 08:52:28.954913,60,low,mixed
179,2024-02-04 17:25:13.150401,30,moderate,aerobic
179,2024-02-05 18:04:50.736236,75,high,mixed
179,2024-02-09 12:08:03.033738,56,high,anaerobic
179,2024-02-10 19:00:15.433419,62,moderate,anaerobic
179,2024-02-11 09:50:57.402092,56,moderate,aerobic
179,2024-02-14 16:58:30.546091,38,high,aerobic
179,2024-02-15 18:14:18.349460,61,low,anaerobic
179,2024-02-16 08:23:45.188297,45,high,anaerobic
179,2024-02-17 20:19:10.541781,32,moderate,mixed
179,2024-02-21 15:08:33.776382,25,low,anaerobic
179,2024-02-22 08:28:19.084941,26,moderate,anaerobic
179,2024-02-22 19:22:22.400019,65,low,mixed
179,2024-02-26 15:47:32.557023,70,low,aerobic
179,2024-02-26 16:27:27.246399,52,low,mixed
179,2024-03-02 21:08:30.011385,35,moderate,mixed
179,2024-03-10 14:43:59.167613,25,moderate,aerobic
179,2024-03-11 21:02:48.637565,73,low,aerobic
179,2024-03-14 20:55:16.338081,28,low,aerobic
179,2024-03-15 16:05:08.017189,44,moderate,mixed
179,2024-03-18 10:12:38.853233,54,low,mixed
179,2024-03-19 07:55:32.308820,24,moderate,anaerobic
179,2024-03-22 16:41:54.624570,59,moderate,aerobic
179,2024-03-30 20:50:57.860573,28,high,anaerobic
179,2024-04-03 20:02:25.191160,33,low,aerobic
179,2024-04-11 11:57:46.672967,70,high,aerobic
179,2024-04-15 13:01:07.535137,43,high,aerobic
179,2024-04-15 16:35:17.649429,74,low,aerobic
179,2024-04-17 19:31:27.258378,61,low,mixed
179,2024-04-18 18:55:41.935752,69,moderate,aerobic
179,2024-04-19 15:07:25.984724,74,low,anaerobic
179,2024-04-19 19:49:38.562954,45,low,aerobic
179,2024-04-24 12:36:02.885153,74,high,mixed
179,2024-04-25 20:39:41.241662,32,moderate,anaerobic
179,2024-04-26 07:04:22.428841,63,moderate,aerobic
179,2024-04-28 17:03:55.847152,60,high,aerobic
179,2024-05-05 13:05:40.859483,22,moderate,mixed
179,2024-05-05 16:06:46.611731,38,moderate,mixed
179,2024-05-06 20:41:22.475688,33,moderate,mixed
179,2024-05-09 07:43:21.752903,78,moderate,aerobic
179,2024-05-09 12:03:34.279640,70,high,anaerobic
179,2024-05-10 07:18:03.527779,68,low,aerobic
179,2024-05-13 14:28:21.676708,23,moderate,anaerobic
179,2024-05-14 17:14:29.438746,24,moderate,aerobic
179,2024-05-17 20:47:51.451461,67,high,anaerobic
179,2024-05-22 08:18:45.966758,47,moderate,mixed
179,2024-05-24 15:10:39.935989,65,high,mixed
179,2024-05-25 13:31:57.878526,69,high,mixed
179,2024-05-28 11:23:49.940915,49,low,aerobic
179,2024-05-29 20:16:50.265063,20,moderate,anaerobic
179,2024-06-02 14:42:28.297294,47,moderate,aerobic
179,2024-06-05 17:53:55.836200,73,low,aerobic
179,2024-06-11 12:51:50.061895,32,low,anaerobic
179,2024-06-11 17:45:07.020019,47,high,anaerobic
179,2024-06-14 20:59:35.677190,57,moderate,aerobic
179,2024-06-20 13:35:59.723508,67,moderate,anaerobic
179,2024-06-21 18:06:13.047880,53,moderate,mixed
179,2024-06-22 19:15:27.993286,77,moderate,mixed
179,2024-06-26 11:07:48.827465,21,high,anaerobic
179,2024-06-26 14:59:42.424090,76,high,mixed
179,2024-06-27 17:42:37.894110,30,moderate,aerobic
180,2024-01-01 09:16:37.006314,40,moderate,aerobic
180,2024-01-01 14:46:45.024092,42,high,aerobic
180,2024-01-02 12:27:10.212416,63,low,aerobic
180,2024-01-03 09:46:19.702832,78,low,mixed
180,2024-01-04 17:56:17.206078,54,high,anaerobic
180,2024-01-05 16:27:39.989798,24,moderate,anaerobic
180,2024-01-14 12:57:24.861282,24,moderate,aerobic
180,2024-01-24 09:43:47.502484,24,high,mixed
180,2024-02-03 15:29:42.391569,22,high,aerobic
180,2024-02-05 10:50:49.864394,77,high,aerobic
180,2024-02-07 15:22:27.790179,41,high,mixed
180,2024-02-08 11:27:43.256239,44,low,aerobic
180,2024-02-08 15:15:55.589521,71,low,aerobic
180,2024-02-10 13:52:54.744838,63,moderate,anaerobic
180,2024-02-13 19:11:06.506265,77,moderate,aerobic
180,2024-02-15 11:20:38.727562,68,low,aerobic
180,2024-02-18 10:12:03.785091,38,high,aerobic
180,2024-02-19 07:26:14.122224,50,low,aerobic
180,2024-02-21 17:11:02.146269,53,moderate,aerobic
180,2024-02-28 09:09:42.113249,20,moderate,aerobic
180,2024-02-28 18:09:22.206825,39,low,mixed
180,2024-03-04 07:44:25.683671,31,moderate,aerobic
180,2024-03-04 14:51:26.711042,60,low,aerobic
180,2024-03-06 11:03:19.889691,25,moderate,aerobic
180,2024-03-08 19:37:52.164678,61,low,aerobic
180,2024-03-11 08:31:41.370033,42,moderate,aerobic
180,2024-03-19 07:47:44.980347,63,moderate,aerobic
180,2024-03-22 11:39:02.074742,61,high,anaerobic
180,2024-04-24 16:14:06.696720,72,low,aerobic
180,2024-04-28 08:59:03.481823,29,high,aerobic
180,2024-05-09 08:39:23.172385,79,low,mixed
180,2024-05-09 09:11:53.396583,70,moderate,anaerobic
180,2024-05-13 09:46:57.932132,76,moderate,aerobic
180,2024-05-16 15:53:47.917897,59,low,mixed
180,2024-05-24 08:34:35.887746,20,moderate,aerobic
180,2024-06-03 09:50:04.902670,23,moderate,aerobic
180,2024-06-05 14:21:21.398047,68,moderate,aerobic
180,2024-06-07 13:10:12.260993,61,moderate,aerobic
180,2024-06-08 08:55:42.932181,75,low,aerobic
180,2024-06-14 19:14:28.007026,45,moderate,mixed
180,2024-06-17 11:33:40.149762,28,moderate,mixed
180,2024-06-17 16:15:04.481047,59,moderate,anaerobic
180,2024-06-23 12:24:10.890355,35,moderate,aerobic
180,2024-06-24 09:04:29.160700,77,low,aerobic
180,2024-06-25 09:55:56.530280,49,low,aerobic
180,2024-06-25 15:38:28.371533,74,low,anaerobic
180,2024-06-26 13:54:34.444296,59,moderate,mixed
181,2024-01-01 18:57:38.881356,40,moderate,mixed
181,2024-01-03 16:19:44.792705,23,moderate,aerobic
181,2024-01-07 15:07:24.699608,75,low,anaerobic
181,2024-01-08 18:59:18.935344,71,low,aerobic
181,2024-01-09 15:35:14.936797,60,low,aerobic
181,2024-01-10 10:17:12.687600,28,moderate,mixed
181,2024-01-11 08:50:45.512390,58,low,aerobic
181,2024-01-17 13:46:55.876343,70,moderate,aerobic
181,2024-01-19 18:53:41.092533,61,high,mixed
181,2024-01-20 13:57:42.107832,46,moderate,mixed
181,2024-01-21 16:40:39.653920,39,low,aerobic
181,2024-01-24 15:15:24.228027,58,moderate,anaerobic
181,2024-01-25 12:52:39.860069,71,moderate,anaerobic
181,2024-01-26 16:52:42.028359,58,high,aerobic
181,2024-01-27 16:47:02.834563,75,moderate,aerobic
181,2024-01-30 11:04:16.701003,75,moderate,aerobic
181,2024-01-31 18:43:49.774336,47,moderate,aerobic
181,2024-02-02 08:29:08.501174,25,moderate,aerobic
181,2024-02-04 19:02:51.663423,70,high,mixed
181,2024-02-05 10:32:35.325337,54,low,aerobic
181,2024-02-06 20:02:15.834070,79,low,anaerobic
181,2024-02-06 21:06:50.943140,63,moderate,mixed
181,2024-02-10 20:24:01.491628,57,moderate,aerobic
181,2024-02-12 16:27:36.600560,47,low,aerobic
181,2024-02-14 18:33:54.111774,69,moderate,aerobic
181,2024-02-17 11:21:53.114018,34,moderate,aerobic
181,2024-02-20 13:51:37.970655,41,low,aerobic
181,2024-02-23 09:24:54.650053,64,moderate,aerobic
181,2024-02-23 19:11:36.841975,50,low,aerobic
181,2024-02-24 20:12:39.445866,41,moderate,mixed
181,2024-02-27 12:14:10.208717,68,moderate,anaerobic
181,2024-02-28 20:29:59.797633,72,low,aerobic
181,2024-02-29 14:08:26.068615,21,low,aerobic
181,2024-03-01 17:52:33.596730,63,moderate,anaerobic
181,2024-03-08 17:43:29.335566,79,high,aerobic
181,2024-03-10 14:22:55.249563,33,low,aerobic
181,2024-03-14 08:21:48.221373,61,high,anaerobic
181,2024-03-16 14:24:13.199328,79,moderate,anaerobic
181,2024-03-18 16:30:32.190187,20,moderate,aerobic
181,2024-03-19 19:44:44.969118,33,moderate,mixed
181,2024-03-25 09:16:33.250867,79,moderate,aerobic
181,2024-03-28 11:03:47.152221,72,low,anaerobic
181,2024-04-03 10:26:16.086423,57,moderate,mixed
181,2024-04-07 13:42:49.179297,24,low,aerobic
181,2024-04-10 12:03:32.807402,35,low,anaerobic
181,2024-04-13 18:13:21.191390,21,low,aerobic
181,2024-04-14 21:22:54.724932,79,high,aerobic
181,2024-04-16 10:49:08.043062,56,moderate,anaerobic
181,2024-04-16 13:18:12.057165,48,low,aerobic
181,2024-04-19 08:58:17.762930,56,moderate,aerobic
181,2024-04-21 17:05:14.062664,74,moderate,aerobic
181,2024-04-23 09:56:38.366645,51,low,aerobic
181,2024-04-26 16:35:43.748536,56,high,aerobic
181,2024-04-27 18:45:41.548065,26,high,aerobic
181,2024-05-02 13:25:55.300228,35,low,anaerobic
181,2024-05-02 18:47:18.501266,46,moderate,mixed
181,2024-05-09 14:38:34.328300,52,low,mixed
181,2024-05-12 15:31:04.465719,27,low,mixed
181,2024-05-12 20:34:42.291452,73,moderate,anaerobic
181,2024-05-17 10:37:56.585620,49,high,mixed
181,2024-05-25 15:17:47.081824,28,high,anaerobic
181,2024-05-27 09:38:18.204573,24,moderate,aerobic
181,2024-05-30 20:39:00.662761,44,low,anaerobic
181,2024-06-03 14:43:19.322668,36,moderate,anaerobic
181,2024-06-07 09:29:04.649731,55,moderate,mixed
181,2024-06-09 07:06:18.706123,73,moderate,aerobic
181,2024-06-11 12:11:47.457043,21,low,anaerobic
181,2024-06-11 20:59:47.742017,60,moderate,aerobic
181,2024-06-19 15:46:49.026926,27,moderate,mixed
181,2024-06-20 14:25:14.727496,24,high,aerobic
181,2024-06-20 20:48:59.371383,33,high,aerobic
181,2024-06-24 12:29:16.718574,44,moderate,aerobic
181,2024-06-28 09:59:05.367298,42,high,mixed
182,2024-01-04 11:25:57.153828,42,moderate,aerobic
182,2024-01-05 10:01:22.577011,26,moderate,aerobic
182,2024-01-11 09:46:47.891911,44,low,aerobic
182,2024-01-12 15:22:16.045070,50,high,aerobic
182,2024-01-16 16:59:29.859173,71,moderate,aerobic
182,2024-01-19 09:33:04.208680,40,moderate,mixed
182,2024-01-21 09:06:03.630885,39,high,aerobic
182,2024-02-02 08:18:49.117150,44,high,mixed
182,2024-02-02 09:19:53.175367,56,high,mixed
182,2024-02-03 08:42:42.006881,59,moderate,aerobic
182,2024-02-09 10:16:50.149731,35,high,aerobic
182,2024-02-12 19:53:29.195100,45,moderate,anaerobic
182,2024-02-13 13:24:24.379053,39,moderate,mixed
182,2024-02-14 08:02:46.702582,36,low,mixed
182,2024-02-17 11:26:49.772118,71,moderate,aerobic
182,2024-02-18 11:26:12.165641,41,moderate,anaerobic
182,2024-02-19 18:06:37.787225,73,moderate,aerobic
182,2024-02-20 14:34:28.084864,29,moderate,aerobic
182,2024-02-20 19:38:37.302358,71,high,aerobic
182,2024-02-28 13:00:24.901691,61,moderate,aerobic
182,2024-02-28 14:54:48.711692,51,moderate,mixed
182,2024-03-10 10:45:39.035567,76,high,anaerobic
182,2024-03-22 19:48:13.232511,33,low,aerobic
182,2024-03-26 11:35:59.109728,21,moderate,aerobic
182,2024-03-26 14:48:06.672898,72,moderate,anaerobic
182,2024-04-01 20:21:21.364179,33,moderate,aerobic
182,2024-04-09 11:17:50.821979,22,high,mixed
182,2024-04-11 11:25:40.544030,72,moderate,aerobic
182,2024-04-12 09:21:56.747213,53,moderate,mixed
182,2024-04-13 15:09:27.771605,60,moderate,mixed
182,2024-04-17 08:08:58.122433,70,moderate,mixed
182,2024-04-22 08:09:57.919870,38,low,aerobic
182,2024-04-23 13:58:05.956542,52,low,aerobic
182,2024-04-26 16:01:23.224328,21,moderate,anaerobic
182,2024-04-27 10:21:42.584234,60,low,mixed
182,2024-05-03 13:24:03.275467,64,moderate,aerobic
182,2024-05-04 09:55:34.619667,26,low,aerobic
182,2024-05-16 19:22:48.831818,24,moderate,anaerobic
182,2024-05-20 15:00:46.678144,31,low,aerobic
182,2024-05-22 10:21:40.988382,20,low,mixed
182,2024-06-02 13:57:13.571773,57,moderate,mixed
182,2024-06-07 07:50:43.850752,24,moderate,anaerobic
182,2024-06-11 08:35:22.022930,72,moderate,aerobic
182,2024-06-15 09:09:03.834566,62,low,aerobic
182,2024-06-21 14:49:43.203463,28,moderate,aerobic
182,2024-06-21 17:17:17.919987,35,moderate,anaerobic
182,2024-06-23 15:28:34.902418,33,moderate,mixed
182,2024-06-24 08:35:07.224304,46,low,aerobic
182,2024-06-25 07:20:56.107884,66,low,aerobic
182,2024-06-25 17:38:59.145950,62,moderate,aerobic
182,2024-06-27 16:23:08.395800,66,moderate,aerobic
182,2024-06-28 15:35:33.860755,23,low,mixed
183,2024-01-22 08:26:18.989176,66,moderate,anaerobic
183,2024-01-29 10:16:36.068947,79,moderate,aerobic
183,2024-02-01 09:47:31.431980,43,moderate,mixed
183,2024-02-01 12:26:43.917031,22,moderate,aerobic
183,2024-02-02 07:38:29.369563,41,high,anaerobic
183,2024-02-03 07:52:49.318872,48,moderate,aerobic
183,2024-02-13 19:09:44.261508,74,moderate,aerobic
183,2024-02-18 13:30:10.069533,39,low,aerobic
183,2024-02-26 10:54:25.691539,67,low,aerobic
183,2024-03-05 12:09:31.918444,56,moderate,anaerobic
183,2024-03-08 09:33:16.814419,29,low,aerobic
183,2024-03-08 15:32:47.566561,34,moderate,aerobic
183,2024-03-11 16:22:41.589347,63,moderate,aerobic
183,2024-03-14 07:31:28.519313,75,moderate,aerobic
183,2024-03-17 11:55:31.602060,73,low,aerobic
183,2024-03-19 16:07:03.812765,54,high,anaerobic
183,2024-03-20 19:25:48.855051,73,moderate,anaerobic
183,2024-03-21 12:28:03.486505,34,high,aerobic
183,2024-03-22 20:43:07.837580,55,high,mixed
183,2024-03-24 18:42:36.280778,22,moderate,aerobic
183,2024-04-01 20:41:32.543526,24,moderate,mixed
183,2024-04-04 10:11:13.331415,55,moderate,mixed
183,2024-04-04 19:56:45.698821,27,high,aerobic
183,2024-04-05 07:20:49.296741,25,moderate,aerobic
183,2024-04-06 07:07:50.859315,24,moderate,mixed
183,2024-04-09 09:11:32.143803,41,moderate,mixed
183,2024-04-19 09:36:49.295556,58,moderate,aerobic
183,2024-04-21 18:29:32.131957,42,moderate,anaerobic
183,2024-04-27 15:36:37.963403,56,moderate,aerobic
183,2024-04-28 15:07:24.631264,53,low,aerobic
183,2024-04-29 18:47:53.694449,61,moderate,mixed
183,2024-04-30 07:04:59.644217,70,low,aerobic
183,2024-05-08 14:41:24.839873,67,low,aerobic
183,2024-05-12 16:16:31.581679,73,moderate,anaerobic
183,2024-05-13 07:19:28.443595,25,moderate,aerobic
183,2024-05-16 19:21:58.377352,29,moderate,aerobic
183,2024-05-19 20:17:23.997194,54,moderate,aerobic
183,2024-05-23 07:20:18.849827,79,moderate,anaerobic
183,2024-05-31 12:28:14.463445,68,high,aerobic
183,2024-06-22 10:40:08.376199,53,low,mixed
183,2024-06-24 20:29:05.696142,32,low,aerobic
183,2024-06-26 18:36:35.923869,71,low,aerobic
184,2024-01-03 15:50:12.900453,34,high,mixed
184,2024-01-09 13:41:53.859124,52,low,anaerobic
184,2024-01-15 10:07:44.388606,23,low,anaerobic
184,2024-01-16 15:29:32.894028,77,moderate,mixed
184,2024-01-20 12:13:30.639968,57,low,mixed
184,2024-01-22 07:29:03.656349,53,high,mixed
184,2024-01-22 14:48:44.410293,53,high,aerobic
184,2024-01-23 19:28:22.996994,45,moderate,aerobic
184,2024-01-24 10:24:24.865324,55,low,aerobic
184,2024-01-25 19:09:29.443545,55,moderate,aerobic
184,2024-01-26 10:56:48.825908,54,low,mixed
184,2024-01-31 16:43:58.481362,54,moderate,aerobic
184,2024-02-02 20:32:35.631772,70,high,anaerobic
184,2024-02-04 13:53:23.184781,21,moderate,aerobic
184,2024-02-10 16:32:04.881541,50,moderate,aerobic
184,2024-02-13 12:34:47.985855,64,moderate,anaerobic
184,2024-02-14 14:26:40.508496,75,low,aerobic
184,2024-02-16 13:13:29.686300,68,moderate,mixed
184,2024-02-16 19:11:33.058873,26,moderate,mixed
184,2024-02-18 17:30:54.961034,75,moderate,mixed
184,2024-02-19 19:22:07.811199,23,moderate,anaerobic
184,2024-02-20 18:17:11.098328,58,moderate,aerobic
184,2024-02-21 20:35:31.591077,46,high,aerobic
184,2024-02-22 14:54:41.379126,32,moderate,anaerobic
184,2024-02-26 12:37:43.456749,31,low,mixed
184,2024-02-27 12:41:27.970898,37,low,aerobic
184,2024-02-28 08:27:54.230873,24,moderate,anaerobic
184,2024-02-29 09:57:21.039271,42,high,anaerobic
184,2024-03-01 18:04:05.625250,53,low,aerobic
184,2024-03-01 18:34:41.756031,72,moderate,anaerobic
184,2024-03-08 10:16:22.478076,59,high,anaerobic
184,2024-03-10 16:15:51.841661,72,moderate,aerobic
184,2024-03-10 16:45:53.434554,35,low,mixed
184,2024-03-11 20:52:02.384636,24,moderate,mixed
184,2024-03-12 18:15:00.231893,22,low,aerobic
184,2024-03-13 18:19:35.770810,26,high,anaerobic
184,2024-03-14 20:32:48.168076,50,moderate,mixed
184,2024-03-15 08:46:14.310532,60,moderate,aerobic
184,2024-03-16 08:30:08.890526,36,moderate,aerobic
184,2024-03-17 16:48:04.493692,31,moderate,aerobic
184,2024-03-19 13:15:47.941980,29,moderate,aerobic
184,2024-03-22 15:22:40.190893,39,low,mixed
184,2024-03-23 14:22:09.461197,37,low,mixed
184,2024-03-25 08:15:27.532683,57,low,anaerobic
184,2024-03-29 09:54:52.888140,25,moderate,aerobic
184,2024-03-30 19:29:24.653865,57,moderate,mixed
184,2024-03-31 11:19:02.076065,31,moderate,aerobic
184,2024-04-02 19:11:45.058626,22,moderate,anaerobic
184,2024-04-05 17:56:16.620735,71,low,mixed
184,2024-04-11 20:22:55.763380,67,moderate,mixed
184,2024-04-13 15:17:40.719962,56,moderate,anaerobic
184,2024-04-15 09:51:29.580581,21,high,aerobic
184,2024-04-20 10:04:22.814270,43,low,aerobic
184,2024-04-22 20:21:08.441443,57,high,anaerobic
184,2024-04-24 08:49:45.366052,48,moderate,mixed
184,2024-04-24 18:21:44.759238,45,low,anaerobic
184,2024-04-27 14:38:24.737688,60,moderate,anaerobic
184,2024-04-28 08:32:33.280118,73,moderate,anaerobic
184,2024-04-30 08:59:25.630776,21,moderate,aerobic
184,2024-04-30 15:48:14.526859,33,low,mixed
184,2024-05-01 09:34:48.467086,79,moderate,aerobic
184,2024-05-03 18:17:58.587774,74,low,mixed
184,2024-05-03 19:19:11.239968,56,low,aerobic
184,2024-05-08 10:55:15.309460,36,moderate,aerobic
184,2024-05-13 17:32:31.281455,44,moderate,anaerobic
184,2024-05-16 19:43:05.099853,77,moderate,anaerobic
184,2024-05-17 13:02:53.133569,56,moderate,aerobic
184,2024-05-18 18:52:51.630832,28,low,aerobic
184,2024-05-27 14:10:12.339527,24,low,aerobic
184,2024-05-29 07:12:00.407744,62,low,aerobic
184,2024-05-30 13:39:55.413796,48,low,anaerobic
184,2024-06-04 10:01:04.323833,58,moderate,anaerobic
184,2024-06-10 15:17:11.576610,49,low,aerobic
184,2024-06-11 15:29:53.475881,37,moderate,anaerobic
184,2024-06-14 11:44:42.436004,78,moderate,aerobic
184,2024-06-14 14:49:41.467317,29,moderate,aerobic
184,2024-06-16 10:10:02.291457,75,low,aerobic
184,2024-06-17 15:14:21.196548,25,high,aerobic
184,2024-06-18 15:02:36.436385,41,low,aerobic
184,2024-06-22 11:09:23.457815,44,high,mixed
184,2024-06-23 17:36:06.367310,22,high,aerobic
184,2024-06-24 12:56:23.609439,77,high,aerobic
184,2024-06-25 07:28:11.510387,62,moderate,anaerobic
185,2024-01-01 17:56:55.191516,47,low,aerobic
185,2024-01-06 13:12:02.209322,60,low,aerobic
185,2024-01-11 12:08:18.861291,44,moderate,mixed
185,2024-01-13 20:28:50.329990,40,high,aerobic
185,2024-01-21 13:26:28.512489,33,low,mixed
185,2024-01-23 20:16:58.829218,48,moderate,mixed
185,2024-01-24 12:16:16.000618,62,moderate,aerobic
185,2024-01-24 16:02:25.168161,44,low,aerobic
185,2024-01-28 20:44:35.422441,40,low,aerobic
185,2024-01-31 08:21:24.855795,53,high,anaerobic
185,2024-02-01 12:23:28.593886,66,moderate,anaerobic
185,2024-02-06 08:32:24.010402,42,moderate,anaerobic
185,2024-02-15 13:31:21.819470,21,moderate,mixed
185,2024-02-22 10:48:42.705595,31,low,anaerobic
185,2024-02-23 07:38:49.715395,71,low,mixed
185,2024-02-27 11:00:27.994925,26,low,mixed
185,2024-03-14 10:20:14.364204,37,moderate,aerobic
185,2024-03-17 20:44:10.721494,41,moderate,aerobic
185,2024-03-21 09:00:12.432040,38,moderate,mixed
185,2024-04-02 11:01:37.442867,70,low,mixed
185,2024-04-10 16:09:05.031095,66,high,mixed
185,2024-04-15 18:15:00.100543,40,moderate,mixed
185,2024-04-21 12:35:19.840120,76,moderate,mixed
185,2024-04-22 14:16:39.358032,69,low,anaerobic
185,2024-04-27 10:49:48.976141,41,low,aerobic
185,2024-04-27 20:39:24.631533,30,moderate,anaerobic
185,2024-05-06 15:24:12.828652,26,moderate,aerobic
185,2024-05-14 18:21:39.909265,41,low,aerobic
185,2024-05-15 07:54:45.660987,41,low,aerobic
185,2024-05-16 10:21:54.429062,69,moderate,mixed
185,2024-05-21 15:34:33.246513,28,moderate,aerobic
185,2024-05-25 15:30:55.808872,38,low,anaerobic
185,2024-05-26 09:54:12.987574,77,low,mixed
185,2024-06-02 09:06:23.084691,71,moderate,aerobic
185,2024-06-06 16:33:31.496147,29,low,anaerobic
185,2024-06-08 13:10:25.531907,36,low,aerobic
185,2024-06-08 20:23:17.813424,42,moderate,aerobic
185,2024-06-12 15:56:28.102188,29,moderate,aerobic
185,2024-06-15 19:01:31.845157,34,high,aerobic
185,2024-06-17 16:48:41.138654,73,low,anaerobic
185,2024-06-25 16:54:54.462517,47,low,aerobic
186,2024-01-09 17:10:28.365153,37,moderate,aerobic
186,2024-01-10 14:07:12.269911,41,moderate,anaerobic
186,2024-01-18 15:17:56.077821,53,moderate,aerobic
186,2024-01-23 09:05:14.674488,79,high,anaerobic
186,2024-01-28 12:21:54.399093,23,moderate,aerobic
186,2024-01-29 12:10:44.504725,75,high,aerobic
186,2024-01-30 07:29:20.820086,69,moderate,aerobic
186,2024-01-30 19:44:10.677494,26,low,aerobic
186,2024-01-31 14:11:24.345596,30,moderate,aerobic
186,2024-02-02 18:53:18.205312,55,low,mixed
186,2024-02-06 11:08:24.747946,70,moderate,aerobic
186,2024-02-07 17:58:20.463887,47,low,mixed
186,2024-02-19 13:21:22.832218,43,moderate,aerobic
186,2024-02-19 19:53:24.185845,43,low,anaerobic
186,2024-02-23 14:25:11.569055,39,high,mixed
186,2024-02-28 12:48:00.216325,77,low,aerobic
186,2024-03-01 11:07:21.334299,26,moderate,anaerobic
186,2024-03-01 18:54:27.288305,42,moderate,aerobic
186,2024-03-02 11:02:53.772074,65,moderate,aerobic
186,2024-03-06 09:53:57.988241,26,low,anaerobic
186,2024-03-09 14:20:32.724133,22,moderate,anaerobic
186,2024-03-12 16:59:51.353322,55,low,aerobic
186,2024-03-12 17:57:10.008867,25,low,aerobic
186,2024-03-14 14:55:17.691724,27,low,anaerobic
186,2024-03-16 20:26:24.309753,28,low,mixed
186,2024-03-25 08:22:48.561851,26,high,mixed
186,2024-03-25 09:30:08.236923,32,low,aerobic
186,2024-03-29 14:22:53.253659,46,moderate,aerobic
186,2024-04-04 14:46:40.316880,68,low,aerobic
186,2024-04-04 15:21:09.839408,66,low,anaerobic
186,2024-04-11 17:18:37.424279,26,moderate,aerobic
186,2024-04-12 17:49:40.669514,58,low,mixed
186,2024-04-15 19:42:47.986590,23,moderate,mixed
186,2024-04-17 09:51:45.395424,35,low,anaerobic
186,2024-04-17 20:39:03.518531,23,low,aerobic
186,2024-04-24 20:25:20.227263,79,low,mixed
186,2024-04-25 07:20:24.165243,75,low,aerobic
186,2024-04-25 12:31:35.167466,58,moderate,anaerobic
186,2024-05-03 11:24:44.388108,20,high,anaerobic
186,2024-05-14 11:20:33.985157,24,moderate,mixed
186,2024-05-16 15:14:18.317842,31,high,aerobic
186,2024-05-27 17:56:53.111413,25,low,anaerobic
186,2024-06-03 13:37:04.541434,52,moderate,mixed
186,2024-06-08 17:05:17.222805,21,moderate,aerobic
186,2024-06-08 18:39:18.297745,45,low,mixed
186,2024-06-12 14:33:31.290829,28,moderate,aerobic
186,2024-06-12 15:46:35.627639,25,moderate,aerobic
186,2024-06-15 17:57:03.767147,50,moderate,mixed
186,2024-06-18 17:24:03.314444,79,low,aerobic
186,2024-06-22 14:43:56.653809,45,low,aerobic
186,2024-06-23 09:05:25.472831,38,high,mixed
186,2024-06-23 18:12:04.805955,20,low,mixed
186,2024-06-28 16:25:22.448571,58,moderate,anaerobic
187,2024-01-01 19:44:24.612326,29,moderate,anaerobic
187,2024-01-04 14:14:22.203592,63,low,aerobic
187,2024-01-04 14:56:09.037603,61,low,mixed
187,2024-01-07 13:33:45.041319,79,low,anaerobic
187,2024-01-08 19:28:50.782440,35,low,anaerobic
187,2024-01-13 13:21:06.897987,21,moderate,aerobic
187,2024-01-14 10:49:05.104079,55,moderate,mixed
187,2024-01-18 07:30:13.327043,39,high,mixed
187,2024-01-19 16:15:59.675192,28,moderate,aerobic
187,2024-01-22 07:13:07.626119,78,low,mixed
187,2024-01-23 16:29:01.751628,37,low,aerobic
187,2024-01-26 15:29:57.182289,68,moderate,aerobic
187,2024-01-27 10:24:59.329542,77,low,mixed
187,2024-02-01 13:43:05.193588,72,moderate,anaerobic
187,2024-02-02 12:56:07.286738,34,low,aerobic
187,2024-02-02 13:49:21.649755,32,moderate,mixed
187,2024-02-03 18:00:01.100187,77,moderate,aerobic
187,2024-02-04 09:29:02.095437,68,high,aerobic
187,2024-02-09 12:32:54.898608,62,low,aerobic
187,2024-02-11 20:13:50.522908,33,moderate,aerobic
187,2024-02-13 15:20:19.286614,61,moderate,aerobic
187,2024-02-15 10:43:48.903749,53,moderate,mixed
187,2024-02-15 13:03:15.115997,24,high,anaerobic
187,2024-02-17 09:46:26.000572,78,low,aerobic
187,2024-02-22 14:31:34.589773,71,moderate,mixed
187,2024-02-25 18:39:29.026464,29,moderate,anaerobic
187,2024-02-25 19:15:30.825171,60,high,aerobic
187,2024-02-27 17:21:22.744485,64,moderate,aerobic
187,2024-02-28 15:41:53.508864,37,moderate,aerobic
187,2024-03-01 10:37:09.688668,22,low,aerobic
187,2024-03-07 10:22:34.689092,78,high,aerobic
187,2024-03-08 12:27:43.973620,46,high,anaerobic
187,2024-03-09 12:26:59.216666,49,moderate,aerobic
187,2024-03-10 11:22:33.503891,55,moderate,mixed
187,2024-03-12 09:49:17.978857,41,high,mixed
187,2024-03-13 15:44:32.731501,33,moderate,anaerobic
187,2024-03-13 21:01:40.776088,28,moderate,aerobic
187,2024-03-19 20:42:28.629499,78,low,aerobic
187,2024-03-20 20:58:08.716073,50,high,aerobic
187,2024-03-26 08:03:42.133113,52,moderate,aerobic
187,2024-03-30 10:48:44.221655,53,moderate,anaerobic
187,2024-04-05 17:29:55.202088,61,high,aerobic
187,2024-04-07 08:17:20.126621,53,low,aerobic
187,2024-04-10 20:20:47.334040,56,moderate,mixed
187,2024-04-14 16:05:57.429647,31,low,aerobic
187,2024-04-20 16:42:21.752813,61,moderate,mixed
187,2024-04-24 16:30:10.878216,20,high,mixed
187,2024-04-26 07:47:18.456501,65,moderate,aerobic
187,2024-04-26 15:26:35.459635,78,moderate,mixed
187,2024-04-27 11:59:28.785907,48,high,mixed
187,2024-04-27 16:26:01.566517,54,low,anaerobic
187,2024-04-28 19:11:23.664983,52,low,aerobic
187,2024-04-29 10:49:33.089202,52,moderate,anaerobic
187,2024-05-02 20:54:35.468362,77,low,aerobic
187,2024-05-04 11:38:32.600420,79,moderate,aerobic
187,2024-05-07 19:18:25.085570,42,high,aerobic
187,2024-05-08 14:41:01.981971,78,moderate,mixed
187,2024-05-09 16:23:40.973032,61,low,aerobic
187,2024-05-10 13:47:32.904488,75,moderate,mixed
187,2024-05-11 20:40:37.455910,21,high,aerobic
187,2024-05-13 10:48:11.856158,42,moderate,aerobic
187,2024-05-13 15:29:37.712869,69,high,anaerobic
187,2024-05-14 07:34:34.401873,75,moderate,mixed
187,2024-05-15 08:38:37.331975,77,moderate,aerobic
187,2024-05-16 13:36:31.329694,64,low,aerobic
187,2024-05-20 11:11:16.383139,26,moderate,anaerobic
187,2024-05-20 13:12:18.244906,79,low,aerobic
187,2024-05-30 08:38:38.764883,53,low,aerobic
187,2024-06-02 17:40:53.510961,31,low,mixed
187,2024-06-03 10:43:35.373723,24,moderate,mixed
187,2024-06-09 12:59:21.264901,68,moderate,mixed
187,2024-06-10 17:17:01.488072,76,moderate,mixed
187,2024-06-15 18:58:11.834941,36,low,anaerobic
187,2024-06-16 10:43:13.756643,51,moderate,aerobic
187,2024-06-18 12:41:46.615930,65,low,aerobic
187,2024-06-19 08:58:42.186653,35,high,aerobic
187,2024-06-20 19:45:30.003857,25,moderate,mixed
188,2024-01-02 14:00:45.499594,27,high,anaerobic
188,2024-01-10 11:04:58.868411,59,moderate,aerobic
188,2024-01-15 07:39:22.437198,58,moderate,aerobic
188,2024-01-16 15:07:38.966643,31,low,mixed
188,2024-01-22 12:10:58.750479,57,moderate,aerobic
188,2024-01-25 09:48:03.839351,27,low,aerobic
188,2024-01-28 10:47:09.260519,29,low,aerobic
188,2024-02-13 15:04:30.031823,29,low,mixed
188,2024-02-14 18:27:51.947336,59,moderate,anaerobic
188,2024-02-26 13:23:54.315271,69,moderate,mixed
188,2024-03-07 18:33:28.909282,67,high,anaerobic
188,2024-03-09 13:37:57.885685,20,moderate,anaerobic
188,2024-03-16 07:52:54.573611,60,high,mixed
188,2024-03-21 12:53:54.641990,59,moderate,mixed
188,2024-03-29 14:00:31.794471,54,low,anaerobic
188,2024-03-30 09:46:48.442331,36,low,aerobic
188,2024-03-31 19:34:33.300136,61,low,aerobic
188,2024-04-06 10:26:35.484339,61,moderate,aerobic
188,2024-04-08 18:12:14.332503,70,low,anaerobic
188,2024-04-09 16:29:03.719605,32,moderate,mixed
188,2024-04-14 14:56:00.440791,44,low,anaerobic
188,2024-04-16 10:05:58.100107,66,low,aerobic
188,2024-05-10 18:49:43.159288,26,moderate,aerobic
188,2024-05-10 20:03:11.790276,52,low,mixed
188,2024-05-11 16:45:12.337059,41,low,aerobic
188,2024-05-21 14:06:55.216338,68,low,aerobic
188,2024-05-22 10:04:18.447852,42,high,aerobic
188,2024-05-22 11:06:57.364932,24,high,aerobic
188,2024-05-25 19:05:20.842412,68,low,aerobic
188,2024-06-07 11:39:25.873474,67,low,mixed
188,2024-06-08 12:29:37.648126,41,high,aerobic
188,2024-06-19 19:50:15.766949,70,low,aerobic
188,2024-06-20 17:21:21.988243,74,high,anaerobic
188,2024-06-23 20:15:17.363526,44,moderate,aerobic
189,2024-01-02 17:20:26.071343,29,moderate,anaerobic
189,2024-01-03 09:40:55.955287,31,low,mixed
189,2024-01-03 18:32:38.603676,33,moderate,aerobic
189,2024-01-08 07:42:39.654518,37,moderate,aerobic
189,2024-01-12 16:43:58.836782,42,high,anaerobic
189,2024-01-13 18:47:25.683959,48,low,aerobic
189,2024-01-18 10:02:24.539862,50,moderate,aerobic
189,2024-01-22 16:23:39.303406,69,moderate,aerobic
189,2024-01-22 17:15:58.040049,54,moderate,mixed
189,2024-01-24 09:47:17.436500,50,moderate,aerobic
189,2024-01-25 20:44:09.164481,35,moderate,mixed
189,2024-01-30 17:54:48.335900,55,moderate,mixed
189,2024-02-07 09:21:48.453169,36,low,aerobic
189,2024-02-08 10:06:27.339907,68,low,aerobic
189,2024-02-12 11:26:41.967861,41,moderate,aerobic
189,2024-02-13 13:22:06.782162,51,moderate,aerobic
189,2024-02-14 10:48:41.035625,44,moderate,anaerobic
189,2024-02-14 16:31:58.237550,65,moderate,aerobic
189,2024-02-17 09:12:20.112489,34,moderate,mixed
189,2024-02-23 19:53:44.163242,46,moderate,aerobic
189,2024-02-24 07:40:59.316591,78,moderate,aerobic
189,2024-02-24 15:17:47.733644,37,high,aerobic
189,2024-02-28 12:26:44.101282,55,low,anaerobic
189,2024-02-29 07:20:22.588468,47,high,aerobic
189,2024-02-29 15:24:37.016458,52,low,anaerobic
189,2024-03-05 20:18:28.497762,25,high,anaerobic
189,2024-03-08 14:35:32.065548,28,moderate,aerobic
189,2024-03-18 13:56:56.714201,51,moderate,anaerobic
189,2024-03-18 15:20:01.866226,34,high,aerobic
189,2024-03-28 15:19:20.167034,55,moderate,anaerobic
189,2024-04-05 09:20:03.000332,35,moderate,mixed
189,2024-04-08 07:17:44.794867,44,moderate,aerobic
189,2024-04-08 17:14:26.286190,67,moderate,aerobic
189,2024-04-09 09:36:03.149722,48,moderate,anaerobic
189,2024-04-12 17:34:46.942794,30,moderate,anaerobic
189,2024-04-14 07:34:40.715393,56,high,aerobic
189,2024-04-14 09:55:35.287479,66,high,aerobic
189,2024-04-17 11:14:00.109000,32,high,anaerobic
189,2024-04-20 11:49:25.020286,58,moderate,aerobic
189,2024-04-20 10:43:52.804562,56,high,mixed
189,2024-04-29 17:50:59.098057,66,moderate,anaerobic
189,2024-04-30 11:32:13.061429,48,moderate,mixed
189,2024-05-04 11:15:15.571967,79,moderate,aerobic
189,2024-05-05 19:47:46.836112,33,low,aerobic
189,2024-05-05 20:41:15.582326,77,high,aerobic
189,2024-05-06 20:46:42.071087,48,moderate,aerobic
189,2024-05-12 13:13:32.661638,56,low,aerobic
189,2024-05-13 17:33:30.369946,63,low,aerobic
189,2024-05-15 19:49:11.390767,46,low,aerobic
189,2024-05-17 16:46:17.212151,69,high,anaerobic
189,2024-05-20 17:05:11.074540,33,low,mixed
189,2024-05-23 10:01:32.679201,43,high,anaerobic
189,2024-05-23 19:36:57.141755,47,low,aerobic
189,2024-05-26 19:22:37.865158,26,moderate,aerobic
189,2024-05-28 09:49:51.730707,46,moderate,aerobic
189,2024-05-30 19:15:31.073069,68,moderate,aerobic
189,2024-05-31 13:57:36.196559,26,high,anaerobic
189,2024-06-01 14:52:20.331763,66,moderate,mixed
189,2024-06-02 07:31:37.015056,64,moderate,aerobic
189,2024-06-02 19:11:46.612856,70,low,mixed
189,2024-06-09 17:46:20.392070,76,high,aerobic
189,2024-06-09 20:20:09.815818,58,moderate,aerobic
189,2024-06-10 17:04:50.712688,64,low,aerobic
189,2024-06-11 10:20:16.640414,48,high,anaerobic
189,2024-06-17 07:12:15.359307,47,low,anaerobic
189,2024-06-17 18:32:42.765013,23,high,aerobic
189,2024-06-21 14:40:00.479150,77,low,mixed
189,2024-06-22 19:12:44.079132,22,moderate,aerobic
189,2024-06-24 10:02:15.080537,42,moderate,aerobic
189,2024-06-26 20:31:50.885830,75,low,aerobic
189,2024-06-28 19:03:46.754635,22,low,aerobic
190,2024-01-05 18:01:38.939906,51,low,aerobic
190,2024-01-07 08:38:50.854419,73,moderate,mixed
190,2024-01-08 20:04:31.344264,61,low,aerobic
190,2024-01-09 19:15:02.841985,44,high,mixed
190,2024-01-13 08:02:32.243284,34,moderate,anaerobic
190,2024-01-14 21:00:04.453134,75,moderate,aerobic
190,2024-01-16 18:18:31.006859,78,high,aerobic
190,2024-01-17 07:13:16.527533,51,low,anaerobic
190,2024-01-20 10:08:27.260483,57,high,aerobic
190,2024-01-20 14:49:44.263171,44,moderate,anaerobic
190,2024-01-22 10:28:38.464074,50,high,anaerobic
190,2024-01-22 11:27:31.115921,53,low,aerobic
190,2024-01-23 13:05:21.411816,79,low,anaerobic
190,2024-01-24 08:31:01.210141,38,moderate,aerobic
190,2024-01-24 13:22:17.804111,26,low,anaerobic
190,2024-01-26 20:07:50.634216,59,moderate,aerobic
190,2024-01-28 15:32:42.561656,35,low,aerobic
190,2024-01-29 11:52:08.399693,62,moderate,aerobic
190,2024-01-30 11:34:55.733265,75,low,aerobic
190,2024-02-08 13:23:55.228597,55,moderate,anaerobic
190,2024-02-09 15:51:43.096826,69,low,mixed
190,2024-02-11 08:44:57.555651,21,high,mixed
190,2024-02-11 12:32:00.084911,58,moderate,aerobic
190,2024-02-12 12:48:14.573961,74,high,anaerobic
190,2024-02-14 09:31:05.956169,21,high,anaerobic
190,2024-02-14 11:30:12.110088,30,moderate,anaerobic
190,2024-02-25 12:53:56.071376,25,high,aerobic
190,2024-02-25 18:25:07.210497,25,moderate,mixed
190,2024-02-26 11:55:37.714653,71,moderate,aerobic
190,2024-02-27 10:46:59.320904,44,moderate,anaerobic
190,2024-02-28 13:07:11.704490,56,low,mixed
190,2024-03-03 13:19:29.464472,69,high,aerobic
190,2024-03-03 14:46:55.128826,38,low,aerobic
190,2024-03-21 18:06:32.028934,42,high,anaerobic
190,2024-03-22 15:02:29.193179,61,moderate,aerobic
190,2024-03-24 20:57:30.394340,36,low,mixed
190,2024-03-25 12:34:18.679328,49,moderate,anaerobic
190,2024-03-26 09:20:05.408063,21,low,mixed
190,2024-03-26 13:30:01.598873,30,low,aerobic
190,2024-03-28 08:54:42.293176,52,moderate,anaerobic
190,2024-04-01 10:25:24.728438,44,moderate,aerobic
190,2024-04-02 10:57:03.634508,64,moderate,mixed
190,2024-04-03 08:00:05.506947,31,high,mixed
190,2024-04-03 16:28:50.907229,28,low,anaerobic
190,2024-04-07 19:08:44.703542,62,low,aerobic
190,2024-04-08 16:09:58.864281,57,moderate,anaerobic
190,2024-04-09 15:21:50.421108,55,low,mixed
190,2024-04-10 13:00:48.237412,76,low,aerobic
190,2024-04-11 20:42:03.529158,30,low,aerobic
190,2024-04-12 07:53:08.282439,21,moderate,aerobic
190,2024-04-15 07:51:08.287701,41,low,mixed
190,2024-04-15 14:24:11.940535,59,moderate,mixed
190,2024-04-16 11:31:45.622805,28,moderate,mixed
190,2024-04-17 12:03:53.261228,34,low,anaerobic
190,2024-04-18 17:32:03.340723,28,high,aerobic
190,2024-04-22 16:07:31.821578,35,moderate,mixed
190,2024-04-23 20:07:00.380615,78,low,anaerobic
190,2024-04-25 12:14:11.482165,59,low,anaerobic
190,2024-04-25 18:16:19.805814,66,low,aerobic
190,2024-04-27 17:51:52.975836,41,low,anaerobic
190,2024-04-30 16:11:37.158645,28,high,aerobic
190,2024-04-30 20:09:14.109851,36,low,mixed
190,2024-05-02 12:02:44.007798,46,moderate,aerobic
190,2024-05-03 19:31:56.999592,36,moderate,aerobic
190,2024-05-04 12:26:25.167149,24,low,anaerobic
190,2024-05-06 18:33:09.778049,25,moderate,mixed
190,2024-05-08 20:50:27.909841,46,low,aerobic
190,2024-05-17 10:25:15.001119,47,moderate,aerobic
190,2024-05-22 16:49:59.131792,20,moderate,aerobic
190,2024-05-23 08:06:47.090914,73,low,anaerobic
190,2024-05-23 13:11:31.652592,27,low,aerobic
190,2024-05-26 12:21:45.854698,65,high,anaerobic
190,2024-05-27 07:25:53.347638,53,low,aerobic
190,2024-05-29 14:55:22.491058,31,moderate,mixed
190,2024-06-01 11:29:02.088495,53,high,anaerobic
190,2024-06-03 11:34:14.292304,59,moderate,anaerobic
190,2024-06-09 12:03:11.913649,20,low,mixed
190,2024-06-10 10:32:53.082783,77,high,mixed
190,2024-06-13 15:47:37.279353,57,moderate,anaerobic
190,2024-06-14 11:21:48.891753,20,low,aerobic
190,2024-06-15 16:21:28.444723,78,moderate,aerobic
190,2024-06-17 20:22:20.228841,67,low,anaerobic
190,2024-06-20 17:47:25.807205,37,moderate,aerobic
190,2024-06-23 10:41:19.695854,74,moderate,mixed
190,2024-06-24 17:43:56.683786,54,moderate,aerobic
190,2024-06-25 11:59:43.706232,70,low,aerobic
190,2024-06-26 12:42:16.778903,39,low,anaerobic
190,2024-06-28 14:59:16.444436,58,low,aerobic
191,2024-01-01 14:25:00.078199,79,moderate,mixed
191,2024-01-01 18:28:20.508981,39,high,aerobic
191,2024-01-04 15:39:08.637630,70,moderate,anaerobic
191,2024-01-04 18:43:59.673861,49,low,anaerobic
191,2024-01-11 17:23:52.450042,70,moderate,aerobic
191,2024-01-11 17:30:00.487823,75,high,aerobic
191,2024-01-13 10:52:50.300150,60,low,aerobic
191,2024-01-14 17:45:28.408924,29,high,aerobic
191,2024-01-20 17:10:45.103262,54,high,mixed
191,2024-01-23 10:50:20.165076,25,moderate,aerobic
191,2024-01-25 09:24:25.106399,72,moderate,mixed
191,2024-01-25 12:33:02.953826,22,high,anaerobic
191,2024-01-29 17:31:03.390737,45,moderate,aerobic
191,2024-01-31 09:52:20.855740,47,moderate,aerobic
191,2024-01-31 15:14:31.761482,57,low,mixed
191,2024-02-01 15:06:30.832633,64,low,mixed
191,2024-02-02 09:44:55.450716,24,low,aerobic
191,2024-02-03 15:51:45.837164,36,moderate,aerobic
191,2024-02-04 09:06:04.050508,70,moderate,anaerobic
191,2024-02-06 12:39:20.446267,47,moderate,mixed
191,2024-02-07 12:31:26.376758,72,low,mixed
191,2024-02-09 08:27:08.436681,24,low,aerobic
191,2024-02-12 11:21:14.973459,69,low,aerobic
191,2024-02-13 13:50:11.119783,26,moderate,aerobic
191,2024-02-17 11:27:53.850241,49,moderate,mixed
191,2024-02-17 18:27:49.031681,44,high,aerobic
191,2024-02-18 11:37:05.223445,39,moderate,aerobic
191,2024-02-19 10:24:19.608005,78,low,aerobic
191,2024-02-19 14:10:05.345028,56,moderate,anaerobic
191,2024-02-21 21:33:05.127898,75,low,aerobic
191,2024-02-22 08:39:38.753866,78,low,aerobic
191,2024-02-25 14:11:21.702423,79,low,anaerobic
191,2024-02-27 15:31:21.602500,27,high,aerobic
191,2024-02-28 15:16:06.650386,42,moderate,mixed
191,2024-02-28 16:04:09.420373,39,moderate,mixed
191,2024-03-02 09:15:50.839276,26,low,mixed
191,2024-03-03 13:03:30.809601,59,moderate,aerobic
191,2024-03-04 15:32:19.058700,44,high,anaerobic
191,2024-03-06 08:34:46.460258,31,moderate,anaerobic
191,2024-03-07 10:34:46.304140,43,high,anaerobic
191,2024-03-08 08:30:29.365704,41,moderate,aerobic
191,2024-03-09 07:34:17.474069,22,moderate,anaerobic
191,2024-03-11 21:00:49.214820,36,moderate,anaerobic
191,2024-03-15 09:50:02.441811,64,high,mixed
191,2024-03-16 07:53:30.631576,55,low,mixed
191,2024-03-21 09:40:21.130667,47,moderate,aerobic
191,2024-03-24 17:27:26.874683,70,moderate,mixed
191,2024-03-29 16:59:29.187222,50,high,mixed
191,2024-03-30 14:22:10.993911,66,high,aerobic
191,2024-03-31 10:51:25.888704,54,high,aerobic
191,2024-03-31 15:55:47.990170,57,moderate,mixed
191,2024-04-01 14:05:00.981520,76,moderate,anaerobic
191,2024-04-03 19:37:13.047194,31,low,aerobic
191,2024-04-04 08:20:00.275030,45,moderate,mixed
191,2024-04-10 16:08:36.307230,20,moderate,aerobic
191,2024-04-11 17:59:59.258721,39,low,aerobic
191,2024-04-17 09:03:13.998457,53,low,anaerobic
191,2024-04-18 11:02:40.128195,25,low,anaerobic
191,2024-04-18 12:06:40.534799,32,low,aerobic
191,2024-04-19 16:54:58.074026,70,high,mixed
191,2024-04-24 18:40:29.053474,62,high,aerobic
191,2024-04-25 14:26:37.705597,70,moderate,aerobic
191,2024-04-27 07:57:45.304193,39,moderate,anaerobic
191,2024-04-30 18:06:30.341427,33,low,aerobic
191,2024-05-01 09:11:14.828620,25,moderate,aerobic
191,2024-05-03 09:21:44.086579,21,high,anaerobic
191,2024-05-04 09:42:36.606323,55,high,anaerobic
191,2024-05-04 15:34:09.340418,54,low,anaerobic
191,2024-05-07 09:35:26.857349,48,moderate,mixed
191,2024-05-08 20:05:51.452190,62,low,anaerobic
191,2024-05-09 11:36:48.110304,31,moderate,anaerobic
191,2024-05-12 19:09:24.817284,58,low,aerobic
191,2024-05-17 08:44:57.548830,54,moderate,mixed
191,2024-05-17 20:25:51.349341,34,low,anaerobic
191,2024-05-18 14:26:46.830569,48,high,mixed
191,2024-05-18 21:03:18.256596,72,moderate,aerobic
191,2024-05-19 10:48:47.693007,52,moderate,mixed
191,2024-05-21 10:31:00.167229,58,moderate,aerobic
191,2024-05-23 16:33:00.979161,49,moderate,mixed
191,2024-05-24 12:24:00.688743,42,low,aerobic
191,2024-05-25 12:10:50.328200,31,moderate,aerobic
191,2024-05-25 15:45:54.489978,31,moderate,aerobic
191,2024-05-29 15:51:50.829853,36,low,anaerobic
191,2024-05-30 15:09:22.889151,44,low,mixed
191,2024-06-02 11:15:45.731966,42,low,mixed
191,2024-06-03 17:38:55.338358,60,high,anaerobic
191,2024-06-04 18:41:47.599971,58,moderate,aerobic
191,2024-06-06 20:51:01.460807,74,moderate,mixed
191,2024-06-08 13:19:33.504248,41,moderate,aerobic
191,2024-06-13 15:48:59.940744,74,low,anaerobic
191,2024-06-15 20:13:58.929661,77,moderate,aerobic
191,2024-06-19 19:16:31.977277,63,low,mixed
191,2024-06-20 20:23:28.687707,74,high,aerobic
191,2024-06-23 16:39:35.487876,53,moderate,aerobic
191,2024-06-24 11:58:15.202550,46,high,aerobic
191,2024-06-25 11:25:30.152533,65,moderate,aerobic
191,2024-06-26 07:22:09.615841,74,moderate,aerobic
191,2024-06-28 10:39:56.726367,33,moderate,aerobic
192,2024-01-03 12:34:09.927562,63,moderate,anaerobic
192,2024-01-05 09:41:38.482914,39,high,aerobic
192,2024-01-06 16:50:24.302263,70,moderate,aerobic
192,2024-01-11 11:00:48.920019,66,moderate,anaerobic
192,2024-01-14 13:40:24.555867,42,high,mixed
192,2024-01-15 15:09:57.423957,72,moderate,anaerobic
192,2024-01-21 08:00:56.040830,23,low,mixed
192,2024-01-22 14:47:04.805098,67,moderate,anaerobic
192,2024-01-23 14:45:15.480528,59,low,aerobic
192,2024-01-31 09:44:25.853443,25,high,mixed
192,2024-02-01 19:40:30.112602,66,high,mixed
192,2024-02-05 14:15:06.092159,64,high,anaerobic
192,2024-02-07 14:45:02.301228,52,moderate,aerobic
192,2024-02-11 14:51:21.290153,78,low,mixed
192,2024-02-15 19:27:54.560079,74,moderate,aerobic
192,2024-02-23 08:04:56.806758,26,moderate,aerobic
192,2024-02-26 16:50:41.482085,52,low,anaerobic
192,2024-03-01 08:56:40.919202,70,moderate,aerobic
192,2024-03-01 17:33:28.568291,73,moderate,aerobic
192,2024-03-02 09:15:38.835640,78,high,aerobic
192,2024-03-03 19:23:22.843567,68,low,anaerobic
192,2024-03-04 07:08:11.727285,42,moderate,mixed
192,2024-03-06 12:59:59.387233,39,low,anaerobic
192,2024-03-07 11:32:33.157947,28,low,aerobic
192,2024-03-10 07:10:45.268921,27,moderate,mixed
192,2024-03-17 16:54:53.342593,30,moderate,anaerobic
192,2024-03-22 15:56:31.271545,65,low,aerobic
192,2024-03-24 12:04:27.920347,22,low,aerobic
192,2024-03-24 18:17:07.946749,49,low,anaerobic
192,2024-03-28 11:19:43.515785,25,high,anaerobic
192,2024-03-28 15:22:14.739455,33,moderate,mixed
192,2024-03-30 21:01:21.249950,48,moderate,mixed
192,2024-03-31 13:38:10.840182,27,high,anaerobic
192,2024-04-03 14:33:49.263597,31,moderate,anaerobic
192,2024-04-22 18:40:28.439852,64,high,anaerobic
192,2024-04-24 08:11:07.682371,34,high,aerobic
192,2024-04-25 09:40:17.245998,22,low,aerobic
192,2024-04-28 10:41:13.713926,28,low,anaerobic
192,2024-04-28 13:10:34.039015,28,moderate,aerobic
192,2024-04-29 07:47:38.005877,73,high,mixed
192,2024-04-29 16:35:10.039083,67,low,aerobic
192,2024-05-12 13:48:25.122610,60,moderate,aerobic
192,2024-05-14 13:12:08.845239,36,high,anaerobic
192,2024-05-15 19:59:11.880787,49,low,aerobic
192,2024-05-18 21:08:01.807651,50,moderate,mixed
192,2024-05-19 16:35:03.190642,67,low,aerobic
192,2024-05-23 20:08:31.206779,62,moderate,anaerobic
192,2024-05-24 07:50:38.406252,42,low,aerobic
192,2024-06-03 19:49:11.744413,72,low,anaerobic
192,2024-06-08 16:37:18.380726,77,moderate,anaerobic
192,2024-06-09 14:27:18.924062,32,moderate,aerobic
192,2024-06-10 20:09:08.492064,68,high,aerobic
192,2024-06-15 16:03:40.032797,59,high,aerobic
193,2024-01-04 09:58:03.755859,23,high,aerobic
193,2024-01-10 08:48:05.991198,35,low,aerobic
193,2024-01-15 09:32:48.721416,72,moderate,anaerobic
193,2024-01-21 11:36:26.897865,68,high,mixed
193,2024-01-22 11:24:16.990048,79,moderate,anaerobic
193,2024-01-27 10:02:12.476109,75,moderate,anaerobic
193,2024-01-29 17:32:23.666020,70,moderate,anaerobic
193,2024-02-05 11:35:48.279251,47,moderate,aerobic
193,2024-02-05 14:03:05.296939,22,high,aerobic
193,2024-02-13 09:21:35.921458,23,high,anaerobic
193,2024-02-16 10:23:27.177671,67,moderate,anaerobic
193,2024-02-19 19:25:20.947268,52,moderate,anaerobic
193,2024-02-21 20:25:56.998338,38,low,anaerobic
193,2024-02-28 18:54:47.835375,35,low,mixed
193,2024-03-01 16:16:19.810589,38,moderate,aerobic
193,2024-03-02 18:30:51.279628,38,moderate,mixed
193,2024-03-03 15:30:42.265970,59,moderate,anaerobic
193,2024-03-10 19:46:39.156583,42,low,aerobic
193,2024-03-14 16:32:41.630181,71,moderate,mixed
193,2024-03-18 13:32:26.550332,78,high,mixed
193,2024-03-21 13:10:20.812449,72,moderate,anaerobic
193,2024-03-24 19:23:19.790174,33,moderate,aerobic
193,2024-03-27 07:41:32.759013,56,high,mixed
193,2024-04-02 07:14:29.717273,74,high,aerobic
193,2024-04-02 09:33:30.339371,33,low,aerobic
193,2024-04-03 19:40:04.919993,28,high,aerobic
193,2024-04-09 10:27:50.893662,45,moderate,aerobic
193,2024-04-12 07:36:18.633146,30,moderate,aerobic
193,2024-04-13 07:56:03.218045,67,high,aerobic
193,2024-04-16 13:55:15.863340,30,moderate,aerobic
193,2024-04-18 10:45:24.975726,26,high,aerobic
193,2024-04-18 19:08:15.267114,59,moderate,aerobic
193,2024-04-22 07:22:19.860094,22,moderate,mixed
193,2024-04-26 16:04:28.236687,51,moderate,aerobic
193,2024-04-30 13:07:42.157363,22,moderate,aerobic
193,2024-05-02 12:34:49.882331,27,moderate,aerobic
193,2024-05-03 17:23:58.201927,50,low,aerobic
193,2024-05-04 14:29:46.567138,60,moderate,aerobic
193,2024-05-05 07:03:39.486739,70,moderate,aerobic
193,2024-05-07 17:24:35.634019,71,high,aerobic
193,2024-05-07 20:05:09.263700,65,moderate,mixed
193,2024-05-08 19:01:25.665522,27,high,aerobic
193,2024-05-10 17:24:10.646136,57,moderate,mixed
193,2024-05-12 10:05:07.877334,46,low,anaerobic
193,2024-05-24 16:22:39.951825,31,moderate,aerobic
193,2024-05-28 20:56:40.084215,35,moderate,aerobic
193,2024-06-07 17:29:03.561124,23,low,aerobic
193,2024-06-08 15:52:27.534747,40,high,anaerobic
193,2024-06-09 16:16:21.661477,29,high,aerobic
193,2024-06-10 18:03:00.493764,74,moderate,anaerobic
193,2024-06-13 16:44:25.797144,61,moderate,anaerobic
193,2024-06-17 16:35:58.934288,52,low,anaerobic
193,2024-06-17 18:15:49.360260,30,moderate,anaerobic
193,2024-06-24 12:31:22.755870,43,low,aerobic
193,2024-06-28 13:44:46.134946,25,moderate,anaerobic
194,2024-01-01 12:03:11.515547,31,moderate,aerobic
194,2024-01-03 08:10:59.445099,56,moderate,aerobic
194,2024-01-05 14:55:38.107772,35,low,aerobic
194,2024-01-06 20:49:37.078166,29,moderate,aerobic
194,2024-01-08 17:44:30.074776,48,moderate,anaerobic
194,2024-01-10 07:46:50.484507,37,low,mixed
194,2024-01-17 15:12:36.367017,52,moderate,anaerobic
194,2024-01-22 12:29:48.834232,29,low,aerobic
194,2024-01-23 20:43:35.248188,77,low,aerobic
194,2024-02-06 18:50:05.770953,21,moderate,aerobic
194,2024-02-08 19:43:26.407090,31,moderate,anaerobic
194,2024-02-10 07:34:03.545024,29,low,aerobic
194,2024-02-10 13:59:44.647890,36,moderate,anaerobic
194,2024-02-18 07:35:47.680639,47,moderate,anaerobic
194,2024-02-20 09:20:53.400315,42,moderate,mixed
194,2024-02-21 10:06:23.895534,52,high,anaerobic
194,2024-02-23 14:00:00.374194,55,high,mixed
194,2024-03-02 13:15:54.654530,70,moderate,mixed
194,2024-03-10 15:01:25.455038,44,moderate,mixed
194,2024-03-13 08:22:51.789488,79,low,anaerobic
194,2024-03-14 19:44:00.865466,64,low,aerobic
194,2024-03-15 14:15:46.482079,20,high,anaerobic
194,2024-03-16 10:19:27.296266,73,moderate,anaerobic
194,2024-03-25 19:51:25.819129,32,moderate,mixed
194,2024-03-29 20:13:29.756769,58,low,anaerobic
194,2024-04-04 10:42:29.260375,49,moderate,aerobic
194,2024-04-07 20:57:40.758904,63,moderate,mixed
194,2024-04-08 09:59:51.247976,39,moderate,anaerobic
194,2024-04-14 13:01:27.686050,35,moderate,mixed
194,2024-04-14 17:44:54.161696,29,moderate,aerobic
194,2024-04-18 08:06:44.608927,69,high,aerobic
194,2024-04-23 17:11:40.813696,73,low,aerobic
194,2024-04-26 21:07:18.731867,56,low,anaerobic
194,2024-05-23 17:19:44.253993,29,high,anaerobic
194,2024-05-23 19:48:06.632698,48,high,aerobic
194,2024-05-26 17:50:49.150619,37,moderate,mixed
194,2024-05-28 16:16:07.711809,21,low,aerobic
194,2024-06-07 19:20:05.095721,65,low,aerobic
194,2024-06-10 12:16:21.543967,22,moderate,aerobic
194,2024-06-13 10:35:46.988875,72,high,aerobic
194,2024-06-14 15:45:06.540481,49,moderate,aerobic
194,2024-06-26 14:59:22.405701,31,moderate,aerobic
195,2024-01-06 15:50:18.827116,51,low,aerobic
195,2024-01-09 14:50:09.685473,58,moderate,mixed
195,2024-01-11 18:58:29.320313,42,low,aerobic
195,2024-01-17 09:33:34.520128,21,moderate,aerobic
195,2024-01-21 09:05:59.887099,35,moderate,aerobic
195,2024-01-21 14:54:47.502407,29,moderate,aerobic
195,2024-02-04 12:13:24.111702,49,high,anaerobic
195,2024-02-05 10:25:47.946946,57,moderate,aerobic
195,2024-02-07 17:04:49.612594,28,moderate,anaerobic
195,2024-02-15 18:53:23.990567,45,high,anaerobic
195,2024-02-17 18:26:32.975332,25,low,aerobic
195,2024-02-21 11:48:19.253088,45,moderate,mixed
195,2024-02-23 10:06:37.912149,59,moderate,aerobic
195,2024-03-02 16:36:18.802477,66,moderate,aerobic
195,2024-03-20 18:45:24.986138,62,low,mixed
195,2024-03-21 17:14:32.043936,35,moderate,mixed
195,2024-03-23 15:21:27.079966,33,high,anaerobic
195,2024-03-24 20:33:36.449926,74,high,anaerobic
195,2024-03-26 18:51:24.313625,76,moderate,aerobic
195,2024-03-27 15:31:26.824366,43,moderate,anaerobic
195,2024-03-27 19:33:36.772611,39,moderate,mixed
195,2024-03-31 17:42:57.184392,57,moderate,mixed
195,2024-04-01 14:16:49.388196,37,moderate,mixed
195,2024-04-01 19:09:32.099251,51,moderate,anaerobic
195,2024-04-02 21:02:52.080421,43,high,aerobic
195,2024-04-06 09:20:49.762394,57,moderate,aerobic
195,2024-04-12 17:22:59.246842,73,high,aerobic
195,2024-04-13 18:16:49.489717,70,moderate,mixed
195,2024-04-24 18:37:30.970747,49,moderate,aerobic
195,2024-04-28 11:00:11.620008,73,moderate,mixed
195,2024-05-06 14:18:31.859856,35,high,aerobic
195,2024-05-06 19:26:38.590753,50,high,aerobic
195,2024-05-09 13:20:32.742278,21,moderate,mixed
195,2024-05-10 11:18:10.174957,77,low,aerobic
195,2024-05-12 19:02:14.502556,47,low,aerobic
195,2024-05-19 09:42:41.383251,47,high,mixed
195,2024-05-25 19:31:57.119646,62,moderate,mixed
195,2024-06-01 17:09:18.234018,50,moderate,aerobic
195,2024-06-05 15:37:52.942791,78,moderate,anaerobic
195,2024-06-08 17:46:34.371476,68,moderate,aerobic
195,2024-06-08 19:45:25.635348,54,moderate,anaerobic
195,2024-06-09 15:36:39.509667,65,high,mixed
195,2024-06-12 13:08:01.824521,76,moderate,aerobic
195,2024-06-12 17:14:12.638767,28,moderate,anaerobic
195,2024-06-19 12:10:06.825182,46,moderate,anaerobic
195,2024-06-22 11:46:01.112090,48,moderate,aerobic
195,2024-06-22 20:22:24.699971,53,moderate,mixed
195,2024-06-23 10:02:02.568191,39,moderate,mixed
195,2024-06-25 16:21:56.002904,47,high,aerobic
195,2024-06-28 14:07:32.988091,42,low,aerobic
196,2024-01-02 09:00:12.600067,62,moderate,aerobic
196,2024-01-03 11:13:58.713013,30,low,aerobic
196,2024-01-05 09:40:45.878550,37,moderate,mixed
196,2024-01-17 20:06:58.475346,27,moderate,aerobic
196,2024-01-22 15:42:29.286847,43,low,anaerobic
196,2024-01-30 08:03:57.435316,77,low,aerobic
196,2024-01-31 18:33:39.100196,74,low,mixed
196,2024-02-02 19:03:11.808998,29,low,mixed
196,2024-02-03 09:59:39.819270,38,high,aerobic
196,2024-02-08 07:03:06.703816,43,low,anaerobic
196,2024-02-12 09:29:45.753425,57,low,aerobic
196,2024-02-14 19:57:00.365805,34,moderate,aerobic
196,2024-02-23 12:15:55.234137,67,moderate,aerobic
196,2024-02-24 14:28:29.182508,33,moderate,anaerobic
196,2024-03-01 10:26:44.824573,65,low,aerobic
196,2024-03-06 11:31:23.450753,79,low,aerobic
196,2024-03-07 07:22:37.878089,38,low,anaerobic
196,2024-03-14 07:40:14.011621,77,moderate,aerobic
196,2024-03-15 18:09:50.243596,76,low,anaerobic
196,2024-03-21 17:44:20.124859,55,high,aerobic
196,2024-04-04 10:18:17.987665,21,moderate,mixed
196,2024-04-05 17:52:31.102351,66,moderate,mixed
196,2024-04-05 19:30:48.015988,43,low,anaerobic
196,2024-04-08 19:06:38.608443,76,moderate,anaerobic
196,2024-04-12 10:47:22.654197,43,low,aerobic
196,2024-04-13 10:35:04.587075,58,moderate,aerobic
196,2024-04-13 14:42:50.271014,39,high,aerobic
196,2024-04-14 12:10:35.687963,22,low,aerobic
196,2024-04-19 11:36:43.055302,53,moderate,aerobic
196,2024-04-21 10:07:34.949337,56,moderate,aerobic
196,2024-04-27 18:25:48.123088,41,low,mixed
196,2024-05-03 19:45:52.346345,75,moderate,aerobic
196,2024-05-05 12:06:57.124152,22,high,aerobic
196,2024-05-09 16:18:44.901408,26,low,aerobic
196,2024-05-10 13:43:26.942084,32,low,aerobic
196,2024-05-14 20:30:53.316932,33,high,aerobic
196,2024-05-18 16:55:57.714128,29,high,anaerobic
196,2024-05-20 17:57:09.551396,52,low,mixed
196,2024-05-26 11:10:30.548212,78,low,aerobic
196,2024-05-29 15:08:38.846308,56,moderate,aerobic
196,2024-06-05 20:49:59.100833,57,low,mixed
196,2024-06-10 16:28:36.896451,59,moderate,mixed
196,2024-06-12 15:25:17.450875,68,low,aerobic
196,2024-06-14 18:10:50.150488,29,low,aerobic
196,2024-06-19 08:53:30.679829,45,moderate,aerobic
196,2024-06-27 08:27:11.759664,23,high,aerobic
196,2024-06-28 11:50:38.965247,65,moderate,aerobic
197,2024-01-01 16:13:02.137352,73,moderate,aerobic
197,2024-01-03 10:32:57.211018,40,low,aerobic
197,2024-01-05 09:02:31.143541,33,high,mixed
197,2024-01-08 11:27:16.692139,60,high,anaerobic
197,2024-01-10 11:11:05.084176,26,low,anaerobic
197,2024-01-15 20:38:53.569560,78,high,aerobic
197,2024-01-17 09:48:23.597566,63,low,aerobic
197,2024-01-22 13:53:13.772615,51,moderate,mixed
197,2024-01-25 11:21:13.098565,31,low,anaerobic
197,2024-01-26 20:23:20.355196,72,low,anaerobic
197,2024-02-06 10:29:05.874343,39,moderate,aerobic
197,2024-02-06 11:36:50.064559,51,moderate,anaerobic
197,2024-02-08 15:30:39.317338,44,moderate,aerobic
197,2024-02-09 08:38:21.923423,24,moderate,aerobic
197,2024-02-10 09:29:01.735465,47,moderate,anaerobic
197,2024-02-14 12:14:26.031767,44,moderate,anaerobic
197,2024-02-15 09:41:31.345705,79,moderate,aerobic
197,2024-02-16 08:24:59.228487,62,moderate,anaerobic
197,2024-02-20 16:41:39.042273,54,moderate,anaerobic
197,2024-02-24 12:27:19.873939,58,low,aerobic
197,2024-02-29 20:08:29.876735,41,low,mixed
197,2024-03-02 08:29:31.762296,77,low,aerobic
197,2024-03-05 16:13:41.661806,27,low,aerobic
197,2024-03-11 18:04:11.640573,67,moderate,aerobic
197,2024-03-13 11:50:06.906278,60,moderate,aerobic
197,2024-03-18 09:59:29.243158,44,high,anaerobic
197,2024-03-19 16:48:21.612696,40,moderate,anaerobic
197,2024-03-20 10:26:28.207699,66,low,aerobic
197,2024-03-27 16:27:39.548539,71,moderate,anaerobic
197,2024-04-03 12:09:55.170535,35,moderate,aerobic
197,2024-04-05 21:39:10.512408,54,low,aerobic
197,2024-04-06 14:07:33.321209,50,moderate,anaerobic
197,2024-04-07 14:54:37.537676,35,moderate,mixed
197,2024-04-09 20:39:36.175152,31,moderate,anaerobic
197,2024-04-12 14:32:06.965257,22,low,anaerobic
197,2024-04-13 11:54:06.510067,61,moderate,mixed
197,2024-04-14 12:16:46.491573,22,low,aerobic
197,2024-04-15 12:40:29.607379,78,low,aerobic
197,2024-04-19 09:13:52.319852,65,low,anaerobic
197,2024-04-19 13:02:42.423175,58,high,aerobic
197,2024-04-21 10:20:30.699966,66,moderate,aerobic
197,2024-04-24 18:45:52.086641,79,moderate,aerobic
197,2024-04-24 18:48:26.874419,67,low,anaerobic
197,2024-05-01 17:47:39.988006,64,high,aerobic
197,2024-05-02 10:37:35.407129,32,moderate,aerobic
197,2024-05-03 17:01:40.872513,67,high,aerobic
197,2024-05-06 17:14:42.450000,77,low,aerobic
197,2024-05-06 19:27:37.214440,32,moderate,mixed
197,2024-05-07 18:40:05.061005,70,moderate,aerobic
197,2024-05-08 16:11:58.342646,54,low,mixed
197,2024-05-12 19:22:44.993599,55,low,aerobic
197,2024-05-13 16:14:56.295284,76,moderate,mixed
197,2024-05-15 14:42:04.817616,25,high,aerobic
197,2024-05-22 20:29:54.647069,58,moderate,aerobic
197,2024-05-23 09:16:03.324991,55,moderate,aerobic
197,2024-05-24 08:23:17.845941,36,high,anaerobic
197,2024-05-27 16:21:03.410224,67,moderate,mixed
197,2024-05-27 17:38:12.682313,34,low,anaerobic
197,2024-05-28 11:55:11.876433,39,low,aerobic
197,2024-05-29 11:00:52.647130,77,moderate,anaerobic
197,2024-05-29 15:01:40.549253,78,low,mixed
197,2024-05-31 07:54:59.636973,39,low,anaerobic
197,2024-06-01 15:09:28.823991,41,moderate,mixed
197,2024-06-01 20:58:07.708487,67,moderate,aerobic
197,2024-06-05 08:03:47.909746,30,high,anaerobic
197,2024-06-08 09:15:16.196058,22,moderate,anaerobic
197,2024-06-10 15:59:30.135089,21,moderate,aerobic
197,2024-06-11 15:18:58.130986,32,low,aerobic
197,2024-06-12 08:10:38.453476,22,moderate,anaerobic
197,2024-06-12 13:01:51.854696,30,moderate,anaerobic
197,2024-06-14 09:51:36.864778,40,moderate,aerobic
197,2024-06-15 11:50:21.864638,27,moderate,aerobic
197,2024-06-19 19:45:30.951352,36,moderate,anaerobic
197,2024-06-24 10:00:44.691220,26,low,mixed
198,2024-01-01 20:38:13.475191,49,low,aerobic
198,2024-01-11 18:29:55.423098,63,high,aerobic
198,2024-01-12 08:29:41.408936,65,moderate,mixed
198,2024-01-13 12:03:54.096628,65,moderate,anaerobic
198,2024-01-15 20:17:32.722871,66,moderate,aerobic
198,2024-01-23 14:09:40.430954,41,moderate,anaerobic
198,2024-01-24 17:21:23.849425,25,moderate,anaerobic
198,2024-01-27 08:20:42.943087,50,moderate,aerobic
198,2024-01-31 09:27:28.725792,26,moderate,anaerobic
198,2024-01-31 11:42:22.261025,42,moderate,mixed
198,2024-02-03 13:37:49.199619,63,moderate,aerobic
198,2024-02-05 18:45:32.159929,53,moderate,anaerobic
198,2024-02-07 15:24:13.267272,67,moderate,aerobic
198,2024-02-07 20:43:07.838199,51,high,aerobic
198,2024-02-08 18:19:18.449619,54,moderate,mixed
198,2024-02-09 09:55:38.168846,22,moderate,aerobic
198,2024-02-10 08:35:23.528727,70,high,aerobic
198,2024-02-19 17:49:24.763514,47,low,mixed
198,2024-02-20 11:39:57.591031,41,moderate,aerobic
198,2024-02-22 19:10:46.405870,77,moderate,aerobic
198,2024-02-23 13:33:19.284989,52,low,aerobic
198,2024-02-24 18:09:08.170503,30,moderate,anaerobic
198,2024-02-26 16:30:53.647824,45,low,aerobic
198,2024-03-04 17:49:54.839035,23,low,mixed
198,2024-03-09 08:41:27.644180,39,low,anaerobic
198,2024-03-10 16:22:51.871036,37,moderate,aerobic
198,2024-03-23 09:09:53.247265,53,low,aerobic
198,2024-03-25 08:06:25.332528,50,moderate,mixed
198,2024-03-26 18:08:51.054227,41,moderate,mixed
198,2024-03-31 16:05:41.616636,29,low,aerobic
198,2024-04-03 12:25:59.859117,62,high,anaerobic
198,2024-04-07 08:30:38.739380,28,high,aerobic
198,2024-04-08 09:14:08.926269,51,high,mixed
198,2024-04-08 14:07:33.640652,50,moderate,mixed
198,2024-04-10 14:01:39.668203,64,low,anaerobic
198,2024-04-16 17:23:27.758844,25,moderate,mixed
198,2024-04-17 18:42:49.213291,65,low,mixed
198,2024-04-17 21:05:51.514398,58,low,anaerobic
198,2024-04-18 20:20:14.228500,72,low,aerobic
198,2024-04-23 07:48:15.266944,40,moderate,anaerobic
198,2024-04-23 08:57:59.773081,38,moderate,mixed
198,2024-04-27 15:06:45.010182,44,moderate,anaerobic
198,2024-04-29 12:54:20.143376,65,moderate,mixed
198,2024-05-03 11:14:25.140645,40,low,aerobic
198,2024-05-03 15:38:30.436115,62,high,anaerobic
198,2024-05-04 13:50:03.287550,39,moderate,aerobic
198,2024-05-12 10:45:30.657798,47,high,mixed
198,2024-05-14 13:54:57.813552,66,high,mixed
198,2024-05-15 20:46:51.284938,39,moderate,anaerobic
198,2024-05-19 10:55:39.112267,55,moderate,anaerobic
198,2024-05-23 10:39:38.228118,59,moderate,anaerobic
198,2024-05-24 11:00:18.103012,68,low,aerobic
198,2024-05-29 18:28:07.390541,54,low,mixed
198,2024-06-01 10:31:30.686534,74,low,aerobic
198,2024-06-02 11:03:40.655995,63,moderate,mixed
198,2024-06-02 14:21:48.109879,49,high,aerobic
198,2024-06-09 14:03:06.084029,61,moderate,aerobic
198,2024-06-14 18:43:42.337902,68,moderate,aerobic
198,2024-06-19 14:10:19.867465,45,moderate,aerobic
198,2024-06-20 08:59:41.946891,23,high,aerobic
198,2024-06-24 10:21:37.095679,31,high,aerobic
199,2024-01-07 12:04:12.878292,74,moderate,anaerobic
199,2024-01-14 14:45:26.494694,25,low,aerobic
199,2024-01-17 10:11:30.846553,56,moderate,aerobic
199,2024-01-18 13:56:52.811772,41,high,anaerobic
199,2024-01-21 10:53:53.923564,62,low,mixed
199,2024-01-27 18:10:46.817666,62,low,anaerobic
199,2024-01-29 07:31:29.812667,43,high,aerobic
199,2024-02-07 13:46:37.485550,71,moderate,anaerobic
199,2024-02-07 16:29:28.696225,68,moderate,aerobic
199,2024-02-12 07:07:54.777775,74,high,mixed
199,2024-02-12 19:43:35.643682,59,moderate,aerobic
199,2024-02-13 12:32:07.965627,57,low,aerobic
199,2024-02-15 18:29:58.559216,51,moderate,aerobic
199,2024-02-21 07:58:44.072972,33,low,anaerobic
199,2024-03-05 10:33:02.255381,71,moderate,anaerobic
199,2024-03-14 07:36:10.241487,72,moderate,aerobic
199,2024-03-15 08:54:45.159677,74,moderate,aerobic
199,2024-03-16 09:56:46.239321,44,moderate,aerobic
199,2024-03-16 21:21:24.480984,61,moderate,anaerobic
199,2024-03-17 19:26:31.977904,56,moderate,aerobic
199,2024-03-20 08:24:45.018240,20,moderate,aerobic
199,2024-03-21 09:35:47.801898,31,high,anaerobic
199,2024-03-24 18:59:44.686314,41,moderate,aerobic
199,2024-03-29 09:29:13.155059,23,low,aerobic
199,2024-04-06 07:56:47.348832,42,low,aerobic
199,2024-04-08 13:28:38.472122,62,moderate,aerobic
199,2024-04-13 09:12:18.797613,31,moderate,aerobic
199,2024-04-14 19:49:34.102413,60,moderate,anaerobic
199,2024-04-18 20:58:20.719088,67,moderate,aerobic
199,2024-04-19 19:36:18.060739,38,moderate,mixed
199,2024-04-20 21:02:58.227574,58,moderate,mixed
199,2024-04-22 08:15:51.632514,66,low,anaerobic
199,2024-04-23 20:24:15.552958,61,moderate,aerobic
199,2024-04-30 14:26:31.690426,22,high,mixed
199,2024-05-02 16:29:33.147479,31,low,aerobic
199,2024-05-11 14:12:19.215618,68,low,anaerobic
199,2024-05-16 19:50:09.173410,73,moderate,aerobic
199,2024-05-17 11:14:16.264690,76,moderate,aerobic
199,2024-05-18 08:39:46.239294,68,low,aerobic
199,2024-05-20 16:40:54.223968,45,low,anaerobic
199,2024-05-24 17:17:02.596296,28,moderate,aerobic
199,2024-05-28 07:51:49.197703,72,moderate,mixed
199,2024-05-30 11:17:53.110416,70,low,aerobic
199,2024-06-03 19:25:31.318845,22,moderate,aerobic
199,2024-06-05 09:08:24.917850,67,moderate,aerobic
199,2024-06-05 17:49:30.919640,26,moderate,aerobic
199,2024-06-08 18:55:14.549489,23,low,aerobic
199,2024-06-10 15:08:10.056239,26,moderate,aerobic
199,2024-06-13 16:39:01.872450,38,low,anaerobic
199,2024-06-16 09:08:15.641097,28,high,mixed
199,2024-06-17 09:58:17.063780,20,low,aerobic
199,2024-06-18 15:37:14.813932,62,low,aerobic
199,2024-06-23 16:42:55.561209,68,low,anaerobic
199,2024-06-24 15:20:01.229742,62,low,mixed
199,2024-06-25 19:06:21.455917,71,low,mixed
199,2024-06-28 14:33:19.118533,79,high,aerobic
199,2024-06-28 19:25:02.377196,51,low,aerobic
200,2024-01-05 20:36:59.516736,30,low,mixed
200,2024-01-07 07:19:23.172358,43,moderate,mixed
200,2024-01-12 19:00:25.889132,43,low,aerobic
200,2024-01-16 08:52:25.036688,33,low,aerobic
200,2024-01-17 19:07:36.277435,33,low,mixed
200,2024-01-20 10:58:48.248204,60,moderate,mixed
200,2024-01-20 11:36:31.415472,55,moderate,aerobic
200,2024-01-21 18:50:23.176371,25,moderate,mixed
200,2024-01-23 08:15:34.993963,46,low,aerobic
200,2024-01-23 08:43:50.193046,61,high,aerobic
200,2024-01-24 11:54:24.726340,69,moderate,aerobic
200,2024-01-28 07:38:10.210449,31,low,aerobic
200,2024-01-30 18:58:32.023552,79,moderate,aerobic
200,2024-02-01 07:58:52.569903,72,low,aerobic
200,2024-02-01 14:32:07.490561,68,moderate,aerobic
200,2024-02-10 16:53:32.817093,47,moderate,aerobic
200,2024-02-14 13:45:17.151029,45,moderate,aerobic
200,2024-02-16 07:57:32.305159,53,high,mixed
200,2024-02-17 13:40:46.988213,46,moderate,aerobic
200,2024-02-18 10:16:30.736101,76,moderate,aerobic
200,2024-02-19 11:07:14.420890,30,high,aerobic
200,2024-02-20 08:14:10.993256,44,moderate,anaerobic
200,2024-02-23 18:55:09.374181,26,moderate,aerobic
200,2024-02-29 08:04:26.030662,63,moderate,mixed
200,2024-03-06 08:36:01.081355,31,moderate,mixed
200,2024-03-09 15:00:51.627046,74,low,aerobic
200,2024-03-12 16:25:01.460783,24,moderate,anaerobic
200,2024-03-13 10:42:38.169218,62,moderate,anaerobic
200,2024-03-14 19:14:49.098786,45,low,mixed
200,2024-03-17 17:44:40.043128,42,moderate,anaerobic
200,2024-03-19 15:58:12.025642,44,moderate,mixed
200,2024-03-20 13:23:05.958059,22,moderate,aerobic
200,2024-03-23 07:25:33.712372,75,moderate,mixed
200,2024-03-24 09:12:22.754300,69,high,aerobic
200,2024-03-24 19:20:56.374067,74,high,mixed
200,2024-03-26 14:29:49.235510,29,moderate,mixed
200,2024-03-27 19:18:43.594062,25,high,anaerobic
200,2024-03-28 13:25:16.713103,68,moderate,aerobic
200,2024-03-29 11:59:33.798087,52,moderate,aerobic
200,2024-03-31 08:34:51.129360,65,moderate,mixed
200,2024-04-01 21:00:22.139428,28,low,aerobic
200,2024-04-05 08:04:19.378751,71,high,anaerobic
200,2024-04-06 11:18:04.559877,30,moderate,anaerobic
200,2024-04-07 13:12:43.169232,63,moderate,aerobic
200,2024-04-08 20:39:54.453135,73,low,anaerobic
200,2024-04-10 18:10:31.117657,54,low,aerobic
200,2024-04-11 08:18:54.226177,66,high,anaerobic
200,2024-04-12 17:07:39.127196,36,low,anaerobic
200,2024-04-13 15:01:29.183671,47,moderate,aerobic
200,2024-04-13 15:10:23.132563,48,high,mixed
200,2024-04-19 10:02:43.979134,54,moderate,aerobic
200,2024-04-20 07:49:16.160635,35,high,aerobic
200,2024-04-20 16:45:00.691169,61,high,aerobic
200,2024-04-21 18:44:36.325598,69,low,aerobic
200,2024-04-22 17:39:17.156644,29,low,aerobic
200,2024-04-25 20:20:27.789945,72,moderate,mixed
200,2024-04-26 13:25:26.669101,47,moderate,aerobic
200,2024-04-27 09:18:06.849192,54,moderate,aerobic
200,2024-04-27 12:18:11.970330,77,moderate,anaerobic
200,2024-04-28 10:23:52.570743,72,low,anaerobic
200,2024-04-29 13:16:19.853262,32,low,anaerobic
200,2024-04-29 13:25:22.630523,68,moderate,aerobic
200,2024-04-30 14:14:14.780701,28,moderate,aerobic
200,2024-05-01 13:47:00.194839,28,moderate,mixed
200,2024-05-02 08:34:51.380503,71,high,mixed
200,2024-05-07 14:46:50.532570,57,moderate,aerobic
200,2024-05-08 16:56:39.739193,36,moderate,mixed
200,2024-05-10 14:15:47.826679,67,low,aerobic
200,2024-05-12 18:32:21.645660,43,low,anaerobic
200,2024-05-13 07:26:42.333860,61,high,aerobic
200,2024-05-14 20:14:13.387575,76,low,aerobic
200,2024-05-16 08:26:37.337690,68,low,anaerobic
200,2024-05-18 12:42:23.290200,42,moderate,anaerobic
200,2024-05-23 07:56:04.416923,49,low,anaerobic
200,2024-05-29 15:10:27.469660,70,low,anaerobic
200,2024-05-29 19:31:02.407310,66,moderate,anaerobic
200,2024-05-31 17:39:28.167576,29,moderate,aerobic
200,2024-06-02 14:10:37.641525,79,high,aerobic
200,2024-06-03 14:34:26.172644,72,moderate,anaerobic
200,2024-06-04 10:05:51.534726,34,moderate,aerobic
200,2024-06-08 11:54:37.919038,60,low,aerobic
200,2024-06-11 09:19:55.394174,60,low,aerobic
200,2024-06-13 07:23:41.642721,30,low,aerobic
200,2024-06-14 20:58:26.913408,38,high,aerobic
200,2024-06-15 09:07:31.962612,65,moderate,anaerobic
200,2024-06-17 13:49:26.096330,28,low,aerobic
200,2024-06-18 11:11:49.074966,41,moderate,mixed
200,2024-06-20 16:50:43.273343,42,moderate,mixed
200,2024-06-24 07:26:49.024391,32,high,aerobic
200,2024-06-27 16:07:27.327963,76,moderate,mixed
200,2024-06-28 20:25:17.524699,30,moderate,mixed
